#CHROM	POS	original_ID	REF	ALT	HOM_REF_CT	HET_REF_ALT_CTS	TWO_ALT_GENO_CTS	HAP_REF_CT	HAP_ALT_CTS	MISSING_CT	OBS_CT	ID	stats_pNAs	stats_means	stats_msts	stats_SDs
1	1	null_0	H	L	592	906	395	0	0	107	1893	null_0_L	0.0535	0.895932382461701	1.31325937665082	0.510564542707319
1	2	null_1	H	L	1024	757	126	0	0	93	1907	null_1_L	0.0465	0.529103303618249	0.661248033560566	0.381297727660822
1	3	null_2	H	L	1157	629	108	0	0	106	1894	null_2_L	0.053	0.446145723336853	0.560190073917635	0.361144067465871
1	4	null_3	L	H	889	815	193	0	0	103	1897	null_3_H	0.0515	0.633104902477596	0.836584080126516	0.435762262585349
1	5	null_4	L	H	586	946	355	0	0	113	1887	null_4_H	0.0565	0.87758346581876	1.25384207737149	0.483689337893023
1	6	null_5	H	L	1482	375	23	0	0	120	1880	null_5_L	0.06	0.223936170212766	0.248404255319149	0.198256846989588
1	7	null_6	H	L	498	998	402	0	0	102	1898	null_6_L	0.051	0.949420442571127	1.37302423603793	0.471625059265979
1	8	null_7	L	H	461	994	452	0	0	93	1907	null_7_H	0.0465	0.995280545359203	1.46932354483482	0.478740180864307
1	9	null_8	H	L	1342	506	40	0	0	112	1888	null_8_L	0.056	0.310381355932203	0.352754237288136	0.256417651177822
1	10	null_9	L	H	657	926	308	0	0	109	1891	null_9_H	0.0545	0.81544156530936	1.14119513484929	0.476250188415107
1	11	null_10	L	H	1013	762	123	0	0	102	1898	null_10_H	0.051	0.531085353003161	0.660695468914647	0.378643816740155
1	12	null_11	L	H	1020	733	149	0	0	98	1902	null_11_H	0.049	0.542060988433228	0.698738170347003	0.404908055165795
1	13	null_12	L	H	1000	759	151	0	0	90	1910	null_12_H	0.045	0.555497382198953	0.713612565445026	0.405035223815137
1	14	null_13	L	H	1217	604	75	0	0	104	1896	null_13_H	0.052	0.397679324894515	0.476793248945148	0.318644403496591
1	15	null_14	H	L	1260	585	70	0	0	85	1915	null_14_L	0.0425	0.378590078328982	0.451697127937337	0.308366680528192
1	16	null_15	H	L	1250	596	76	0	0	78	1922	null_15_L	0.039	0.389177939646202	0.468262226847034	0.316802758139772
1	17	null_16	L	H	1395	446	29	0	0	130	1870	null_16_H	0.065	0.26951871657754	0.300534759358289	0.227894420772684
1	18	null_17	L	H	614	911	370	0	0	105	1895	null_17_H	0.0525	0.871240105540897	1.26174142480211	0.502682103299197
1	19	null_18	H	L	723	888	286	0	0	103	1897	null_18_L	0.0515	0.769636267791249	1.07116499736426	0.478825012664616
1	20	null_19	L	H	1536	335	19	0	0	110	1890	null_19_H	0.055	0.197354497354497	0.217460317460317	0.178511519834271
1	21	null_20	L	H	1118	681	94	0	0	107	1893	null_20_H	0.0535	0.45905969360803	0.55837295298468	0.347637150689182
1	22	null_21	L	H	721	898	273	0	0	108	1892	null_21_H	0.054	0.763213530655391	1.05179704016913	0.469302146793666
1	23	null_22	L	H	602	944	346	0	0	108	1892	null_22_H	0.054	0.864693446088795	1.23044397463002	0.482749218921105
1	24	null_23	L	H	1660	207	6	0	0	127	1873	null_23_H	0.0635	0.116924719701014	0.123331553657234	0.109660163580074
1	25	null_24	H	L	851	856	197	0	0	96	1904	null_24_L	0.048	0.656512605042017	0.863445378151261	0.432436577572205
1	26	null_25	H	L	930	783	197	0	0	90	1910	null_25_L	0.045	0.616230366492147	0.822513089005236	0.44277322441819
1	27	null_26	H	L	545	935	405	0	0	115	1885	null_26_L	0.0575	0.925729442970822	1.35543766578249	0.498462664199425
1	28	null_27	H	L	1469	396	28	0	0	107	1893	null_27_L	0.0535	0.238774432118331	0.268357105124142	0.21134387569071
1	29	null_28	L	H	853	835	212	0	0	100	1900	null_28_H	0.05	0.662631578947369	0.885789473684211	0.446708864265928
1	30	null_29	L	H	1129	672	116	0	0	83	1917	null_29_H	0.0415	0.471570161711007	0.592592592592593	0.370214175176447
1	31	null_30	L	H	530	936	429	0	0	105	1895	null_30_H	0.0525	0.946701846965699	1.39947229551451	0.503227908466246
1	32	null_31	L	H	1206	632	66	0	0	96	1904	null_31_H	0.048	0.401260504201681	0.470588235294118	0.309578243061931
1	33	null_32	H	L	747	893	258	0	0	102	1898	null_32_L	0.051	0.742360379346681	1.01422550052687	0.463126567703123
1	34	null_33	L	H	576	930	390	0	0	104	1896	null_33_H	0.052	0.901898734177215	1.31329113924051	0.499869812530043
1	35	null_34	L	H	1121	673	103	0	0	103	1897	null_34_H	0.0515	0.463363205060622	0.571955719557196	0.357250259753144
1	36	null_35	H	L	1322	519	52	0	0	107	1893	null_35_L	0.0535	0.329107237189646	0.384046487057581	0.275734913486979
1	37	null_36	L	H	830	833	210	0	0	127	1873	null_36_H	0.0635	0.668980245595302	0.893219434063001	0.44568486506625
1	38	null_37	H	L	1090	710	96	0	0	104	1896	null_37_L	0.052	0.475738396624473	0.577004219409283	0.350677197386459
1	39	null_38	L	H	1239	608	69	0	0	84	1916	null_38_H	0.042	0.389352818371608	0.461377870563674	0.30978225338976
1	40	null_39	L	H	1373	493	46	0	0	88	1912	null_39_H	0.044	0.305962343096234	0.35407949790795	0.260466542515012
1	41	null_40	L	H	806	885	223	0	0	86	1914	null_40_H	0.043	0.695402298850575	0.928422152560084	0.44483779531342
1	42	null_41	L	H	1411	440	37	0	0	112	1888	null_41_H	0.056	0.272245762711864	0.311440677966102	0.237322922651537
1	43	null_42	L	H	662	912	328	0	0	98	1902	null_42_H	0.049	0.824395373291272	1.16929547844374	0.489667746939687
1	44	null_43	L	H	1316	528	52	0	0	104	1896	null_43_H	0.052	0.333333333333333	0.388185654008439	0.277074542897328
1	45	null_44	H	L	650	948	313	0	0	89	1911	null_44_L	0.0445	0.823652537938252	1.15122972265829	0.47282621940617
1	46	null_45	H	L	1483	399	29	0	0	89	1911	null_45_L	0.0445	0.239141810570382	0.269492412349555	0.212303606786675
1	47	null_46	H	L	546	966	407	0	0	81	1919	null_46_L	0.0405	0.927566440854612	1.35174570088588	0.491366198686186
1	48	null_47	L	H	688	912	320	0	0	80	1920	null_47_H	0.04	0.808333333333333	1.14166666666667	0.488263888888889
1	49	null_48	H	L	625	938	344	0	0	93	1907	null_48_L	0.0465	0.852648138437336	1.21342422653382	0.486415378553168
1	50	null_49	H	L	1501	384	23	0	0	92	1908	null_49_L	0.046	0.225366876310273	0.249475890985325	0.198685662047475
1	51	null_50	H	L	1621	254	9	0	0	116	1884	null_50_L	0.058	0.144373673036093	0.153927813163482	0.133084055697549
1	52	null_51	H	L	541	979	393	0	0	87	1913	null_51_L	0.0435	0.922634605331939	1.33350757971772	0.482252964761697
1	53	null_52	L	H	1033	743	130	0	0	94	1906	null_52_H	0.047	0.526232948583421	0.662644281217209	0.385723165042408
1	54	null_53	H	L	1033	732	131	0	0	104	1896	null_53_L	0.052	0.524261603375527	0.662447257383966	0.387597028610087
1	55	null_54	L	H	1502	370	26	0	0	102	1898	null_54_H	0.051	0.222339304531085	0.249736564805058	0.200301798465691
1	56	null_55	H	L	1117	668	117	0	0	98	1902	null_55_L	0.049	0.474237644584648	0.59726603575184	0.372364692210645
1	57	null_56	H	L	676	929	294	0	0	101	1899	null_56_L	0.0505	0.79884149552396	1.10847814639284	0.470330411421881
1	58	null_57	H	L	979	780	136	0	0	105	1895	null_57_L	0.0525	0.555145118733509	0.69868073878628	0.390494635932638
1	59	null_58	H	L	1147	645	101	0	0	107	1893	null_58_L	0.0535	0.44743792921289	0.554146856840993	0.353946156342674
1	60	null_59	L	H	1235	611	63	0	0	91	1909	null_59_H	0.0455	0.386066003143007	0.452069146149817	0.303022187367001
1	61	null_60	H	L	1024	735	130	0	0	111	1889	null_60_L	0.0555	0.526733721545791	0.664372683959767	0.386924270546288
1	62	null_61	L	H	1231	605	65	0	0	99	1901	null_61_H	0.0495	0.386638611257233	0.45502367175171	0.305534256036788
1	63	null_62	L	H	771	872	256	0	0	101	1899	null_62_H	0.0505	0.728804634017904	0.998420221169036	0.467264026603065
1	64	null_63	H	L	750	898	263	0	0	89	1911	null_63_L	0.0445	0.74515960230246	1.02040816326531	0.465145330361747
1	65	null_64	H	L	939	816	167	0	0	78	1922	null_64_L	0.039	0.598335067637877	0.772112382934443	0.41410752976922
1	66	null_65	H	L	1371	496	37	0	0	96	1904	null_65_L	0.048	0.29936974789916	0.338235294117647	0.248613048160441
1	67	null_66	L	H	719	908	289	0	0	84	1916	null_66_H	0.042	0.775574112734864	1.07724425887265	0.475729054528179
1	68	null_67	H	L	1411	440	39	0	0	110	1890	null_67_L	0.055	0.274074074074074	0.315343915343915	0.240227317264354
1	69	null_68	L	H	1629	255	13	0	0	103	1897	null_68_H	0.0515	0.148128624143384	0.161834475487612	0.139892386197
1	70	null_69	H	L	1041	732	135	0	0	92	1908	null_69_L	0.046	0.525157232704403	0.666666666666667	0.390876547604921
1	71	null_70	L	H	1660	230	4	0	0	106	1894	null_70_H	0.053	0.125659978880676	0.129883843717001	0.114093413424709
1	72	null_71	L	H	780	856	271	0	0	93	1907	null_71_H	0.0465	0.733088620870477	1.01730466701626	0.479885740966478
1	73	null_72	L	H	1677	209	8	0	0	106	1894	null_72_H	0.053	0.118796198521647	0.127243928194298	0.113131391411103
1	74	null_73	L	H	1098	683	120	0	0	99	1901	null_73_H	0.0495	0.485533929510784	0.611783271962125	0.376040075255943
1	75	null_74	L	H	597	947	364	0	0	92	1908	null_74_H	0.046	0.877882599580713	1.25943396226415	0.488756103617561
1	76	null_75	L	H	1235	584	85	0	0	96	1904	null_75_H	0.048	0.396008403361345	0.485294117647059	0.328471462114258
1	77	null_76	H	L	1078	706	117	0	0	99	1901	null_76_L	0.0495	0.494476591267754	0.617569700157812	0.373062600846034
1	78	null_77	L	H	1399	456	49	0	0	96	1904	null_77_H	0.048	0.290966386554622	0.342436974789916	0.257775536685262
1	79	null_78	H	L	894	839	157	0	0	110	1890	null_78_L	0.055	0.61005291005291	0.776190476190476	0.404025923126452
1	80	null_79	L	H	647	945	315	0	0	93	1907	null_79_H	0.0465	0.825904562139486	1.15626638699528	0.474148041232464
1	81	null_80	H	L	1081	712	100	0	0	107	1893	null_80_L	0.0535	0.481774960380349	0.58742736397253	0.355320251523044
1	82	null_81	H	L	829	843	206	0	0	122	1878	null_81_L	0.061	0.668264110756124	0.887646432374867	0.441069510650194
1	83	null_82	L	H	552	941	401	0	0	106	1894	null_82_H	0.053	0.920274551214361	1.34371700105597	0.496811751443172
1	84	null_83	H	L	758	900	244	0	0	98	1902	null_83_L	0.049	0.729758149316509	0.986330178759201	0.453783222265345
1	85	null_84	H	L	614	945	342	0	0	99	1901	null_84_L	0.0495	0.85691741188848	1.2167280378748	0.482420587077152
1	86	null_85	L	H	1522	358	11	0	0	109	1891	null_85_H	0.0545	0.200951877313591	0.212585933368588	0.172204276372732
1	87	null_86	L	H	1165	646	75	0	0	114	1886	null_86_H	0.057	0.422057264050901	0.501590668080594	0.323458333942462
1	88	null_87	L	H	799	868	244	0	0	89	1911	null_87_H	0.0445	0.709576138147567	0.964939822082679	0.461441526254265
1	89	null_88	H	L	732	862	306	0	0	100	1900	null_88_L	0.05	0.775789473684211	1.09789473684211	0.496045429362881
1	90	null_89	H	L	557	988	361	0	0	94	1906	null_89_L	0.047	0.897166841552991	1.27597061909759	0.471062277515418
1	91	null_90	H	L	1589	311	8	0	0	92	1908	null_90_L	0.046	0.171383647798742	0.179769392033543	0.15039703730074
1	92	null_91	L	H	1041	717	137	0	0	105	1895	null_91_H	0.0525	0.522955145118734	0.66754617414248	0.394064090336325
1	93	null_92	L	H	490	956	471	0	0	83	1917	null_92_H	0.0415	0.990088680229525	1.48148148148148	0.501205886762838
1	94	null_93	L	H	1508	363	23	0	0	106	1894	null_93_H	0.053	0.215945089757128	0.240232312565998	0.193600030775784
1	95	null_94	H	L	1157	645	95	0	0	103	1897	null_94_L	0.0515	0.44016868740116	0.540326831839747	0.346578358471287
1	96	null_95	L	H	873	836	187	0	0	104	1896	null_95_H	0.052	0.638185654008439	0.835443037974684	0.428162108992505
1	97	null_96	L	H	544	957	389	0	0	110	1890	null_96_H	0.055	0.917989417989418	1.32962962962963	0.486925058089079
1	98	null_97	H	L	1608	271	15	0	0	106	1894	null_97_L	0.053	0.158922914466737	0.174762407602957	0.149505914860355
1	99	null_98	L	H	858	858	184	0	0	100	1900	null_98_H	0.05	0.645263157894737	0.838947368421053	0.422582825484765
1	100	null_99	H	L	1222	610	72	0	0	96	1904	null_99_L	0.048	0.396008403361345	0.471638655462185	0.314815999929384
1	101	null_100	L	H	1693	192	4	0	0	111	1889	null_100_H	0.0555	0.105876124933827	0.110111169931181	0.0989014161001771
1	102	null_101	H	L	1566	336	14	0	0	84	1916	null_101_L	0.042	0.189979123173278	0.204592901878914	0.168500834637227
1	103	null_102	L	H	545	953	396	0	0	106	1894	null_102_H	0.053	0.921330517423442	1.33949313621964	0.490643213883893
1	104	null_103	L	H	1391	458	41	0	0	110	1890	null_103_H	0.055	0.285714285714286	0.329100529100529	0.247467876039305
1	105	null_104	L	H	1055	731	122	0	0	92	1908	null_104_H	0.046	0.511006289308176	0.638888888888889	0.377761461176377
1	106	null_105	H	L	1301	550	44	0	0	105	1895	null_105_L	0.0525	0.336675461741425	0.38311345646438	0.269763089925578
1	107	null_106	L	H	679	914	304	0	0	103	1897	null_106_H	0.0515	0.802319451765946	1.12282551396943	0.479109011287417
1	108	null_107	H	L	516	955	441	0	0	88	1912	null_107_L	0.044	0.960774058577406	1.42207112970711	0.498984338071812
1	109	null_108	H	L	1515	364	17	0	0	104	1896	null_108_L	0.052	0.209915611814346	0.227848101265823	0.183783537182432
1	110	null_109	H	L	867	847	182	0	0	104	1896	null_109_L	0.052	0.638713080168776	0.830696202531646	0.42274180375296
1	111	null_110	H	L	1174	651	87	0	0	88	1912	null_110_L	0.044	0.431485355648536	0.522489539748954	0.336309927609811
1	112	null_111	H	L	700	878	301	0	0	121	1879	null_111_L	0.0605	0.787653006918574	1.10803618946248	0.487638930154609
1	113	null_112	H	L	1105	703	99	0	0	93	1907	null_112_L	0.0465	0.472469847928684	0.576297850026219	0.353070092824466
1	114	null_113	H	L	1446	420	38	0	0	96	1904	null_113_L	0.048	0.260504201680672	0.300420168067227	0.232557728973943
1	115	null_114	H	L	1067	688	132	0	0	113	1887	null_114_L	0.0565	0.504504504504505	0.64440911499735	0.389884319932015
1	116	null_115	H	L	1702	184	9	0	0	105	1895	null_115_L	0.0525	0.106596306068602	0.116094986807388	0.104732214339917
1	117	null_116	H	L	845	871	185	0	0	99	1901	null_116_L	0.0495	0.652814308258811	0.847448711204629	0.421282190137199
1	118	null_117	H	L	1249	605	54	0	0	92	1908	null_117_L	0.046	0.373689727463312	0.430293501048218	0.290649488636613
1	119	null_118	L	H	1285	553	60	0	0	102	1898	null_118_H	0.051	0.354583772391992	0.417808219178082	0.292078567534347
1	120	null_119	L	H	764	883	251	0	0	102	1898	null_119_H	0.051	0.729715489989463	0.994204425711275	0.461719729380714
1	121	null_120	H	L	486	950	471	0	0	93	1907	null_120_L	0.0465	0.992134242265338	1.4861038280021	0.501773473326681
1	122	null_121	H	L	798	877	250	0	0	75	1925	null_121_L	0.0375	0.715324675324675	0.975064935064935	0.463375543936583
1	123	null_122	L	H	1061	737	105	0	0	97	1903	null_122_H	0.0485	0.497635312664214	0.607987388334209	0.360346483923799
1	124	null_123	H	L	1223	622	82	0	0	73	1927	null_123_L	0.0365	0.407887908666321	0.492994291645044	0.326621745608859
1	125	null_124	L	H	714	889	307	0	0	90	1910	null_124_H	0.045	0.786910994764398	1.10837696335079	0.489148049669691
1	126	null_125	H	L	879	833	203	0	0	85	1915	null_125_L	0.0425	0.646997389033943	0.859007832898172	0.440402211481434
1	127	null_126	H	L	1005	745	160	0	0	90	1910	null_126_L	0.045	0.557591623036649	0.725130890052356	0.414222471971711
1	128	null_127	H	L	970	779	151	0	0	100	1900	null_127_L	0.05	0.568947368421053	0.727894736842105	0.404193628808864
1	129	null_128	L	H	834	817	230	0	0	119	1881	null_128_H	0.0595	0.678894205209995	0.923444976076555	0.462547634208845
1	130	null_129	L	H	559	970	374	0	0	97	1903	null_129_H	0.0485	0.902785076195481	1.29584866001051	0.48082776620923
1	131	null_130	H	L	1633	264	9	0	0	94	1906	null_130_L	0.047	0.147953830010493	0.157397691500525	0.135507355685751
1	132	null_131	L	H	1459	409	40	0	0	92	1908	null_131_H	0.046	0.256289308176101	0.298218029350105	0.232533819864721
1	133	null_132	L	H	774	892	238	0	0	96	1904	null_132_H	0.048	0.718487394957983	0.968487394957983	0.452263258244474
1	134	null_133	L	H	593	918	379	0	0	110	1890	null_133_H	0.055	0.886772486772487	1.28783068783069	0.501465244534028
1	135	null_134	H	L	675	908	317	0	0	100	1900	null_134_L	0.05	0.811578947368421	1.14526315789474	0.486602770083102
1	136	null_135	H	L	842	881	184	0	0	93	1907	null_135_L	0.0465	0.654955427372837	0.847928683796539	0.418962071951404
1	137	null_136	H	L	900	827	178	0	0	95	1905	null_136_L	0.0475	0.620997375328084	0.807874015748032	0.422236275583662
1	138	null_137	L	H	982	757	161	0	0	100	1900	null_137_H	0.05	0.567894736842105	0.737368421052632	0.414863988919668
1	139	null_138	H	L	865	835	211	0	0	89	1911	null_138_L	0.0445	0.657770800627944	0.878597592883307	0.445935166724581
1	140	null_139	H	L	985	789	126	0	0	100	1900	null_139_L	0.05	0.547894736842105	0.680526315789474	0.380337673130194
1	141	null_140	H	L	949	800	159	0	0	92	1908	null_140_L	0.046	0.585953878406709	0.752620545073375	0.409278597453511
1	142	null_141	L	H	1192	629	83	0	0	96	1904	null_141_H	0.048	0.417542016806723	0.504726890756303	0.330385554957277
1	143	null_142	L	H	835	834	212	0	0	119	1881	null_142_H	0.0595	0.668793195108985	0.894205209994684	0.446920872170599
1	144	null_143	L	H	1056	730	121	0	0	93	1907	null_143_H	0.0465	0.509701101206083	0.636601992658626	0.376806780087933
1	145	null_144	H	L	818	853	236	0	0	93	1907	null_144_L	0.0465	0.694808599895123	0.94231777661248	0.459558786124259
1	146	null_145	L	H	1670	247	4	0	0	79	1921	null_145_H	0.0395	0.132743362831858	0.136907860489328	0.119287060113418
1	147	null_146	H	L	1283	562	55	0	0	100	1900	null_146_L	0.05	0.353684210526316	0.411578947368421	0.286486426592798
1	148	null_147	H	L	1352	505	45	0	0	98	1902	null_147_L	0.049	0.312828601472135	0.360147213459516	0.262285479560505
1	149	null_148	L	H	600	922	377	0	0	101	1899	null_148_H	0.0505	0.882569773565034	1.27962085308057	0.500691447869933
1	150	null_149	L	H	1275	565	65	0	0	95	1905	null_149_H	0.0475	0.364829396325459	0.433070866141732	0.299970377718533
1	151	null_150	H	L	1377	493	31	0	0	99	1901	null_150_L	0.0495	0.291951604418727	0.324566017885324	0.239330278562655
1	152	null_151	L	H	986	751	154	0	0	109	1891	null_151_H	0.0545	0.560021152829191	0.722897937599154	0.409274245983018
1	153	null_152	L	H	968	779	144	0	0	109	1891	null_152_H	0.0545	0.564251718667372	0.716552088841883	0.3981720868228
1	154	null_153	L	H	847	834	207	0	0	112	1888	null_153_H	0.056	0.661016949152542	0.880296610169492	0.443353203102557
1	155	null_154	H	L	697	893	298	0	0	112	1888	null_154_L	0.056	0.788665254237288	1.10434322033898	0.482350337097817
1	156	null_155	H	L	1269	563	69	0	0	99	1901	null_155_L	0.0495	0.368753287743293	0.441346659652814	0.305367672431327
1	157	null_156	H	L	1707	179	8	0	0	106	1894	null_156_L	0.053	0.102956705385428	0.111404435058078	0.100804351874256
1	158	null_157	H	L	802	856	233	0	0	109	1891	null_157_L	0.0545	0.699101004759387	0.945531464833421	0.456789249977838
1	159	null_158	L	H	1593	305	13	0	0	89	1911	null_158_H	0.0445	0.173207744636316	0.186813186813187	0.156812264011188
1	160	null_159	H	L	1428	434	35	0	0	103	1897	null_159_L	0.0515	0.265682656826568	0.302583025830258	0.231995751691834
1	161	null_160	H	L	1162	631	103	0	0	104	1896	null_160_L	0.052	0.441455696202532	0.550105485232067	0.355222353522406
1	162	null_161	L	H	820	873	222	0	0	85	1915	null_161_H	0.0425	0.687728459530026	0.919582245430809	0.446611811383267
1	163	null_162	H	L	1283	566	57	0	0	94	1906	null_162_L	0.047	0.356768100734523	0.416579223504722	0.289295745803003
1	164	null_163	H	L	1151	653	104	0	0	92	1908	null_163_L	0.046	0.45125786163522	0.560272536687631	0.35663887900004
1	165	null_164	H	L	1133	641	113	0	0	113	1887	null_164_L	0.0565	0.45945945945946	0.579226285108638	0.368123290221859
1	166	null_165	L	H	1253	570	74	0	0	103	1897	null_165_H	0.0515	0.378492356352135	0.456510279388508	0.313253815571517
1	167	null_166	L	H	1189	631	79	0	0	101	1899	null_166_H	0.0505	0.415481832543444	0.498683517640864	0.326058364467205
1	168	null_167	L	H	795	861	244	0	0	100	1900	null_167_H	0.05	0.71	0.966842105263158	0.462742105263158
1	169	null_168	H	L	1336	536	40	0	0	88	1912	null_168_L	0.044	0.322175732217573	0.364016736401674	0.260219533971744
1	170	null_169	L	H	1117	695	105	0	0	83	1917	null_169_H	0.0415	0.472091810119979	0.581637976004173	0.358767298821815
1	171	null_170	L	H	1048	730	127	0	0	95	1905	null_170_H	0.0475	0.516535433070866	0.649868766404199	0.383059912786492
1	172	null_171	H	L	910	836	156	0	0	98	1902	null_171_L	0.049	0.603575184016824	0.767613038906414	0.403310036145471
1	173	null_172	H	L	701	863	327	0	0	109	1891	null_172_L	0.0545	0.802221047065045	1.14806980433633	0.504511195982193
1	174	null_173	H	L	1197	618	91	0	0	94	1906	null_173_L	0.047	0.419727177334732	0.515215110178384	0.339044206785002
1	175	null_174	H	L	469	970	465	0	0	96	1904	null_174_L	0.048	0.997899159663866	1.48634453781513	0.490541804957277
1	176	null_175	L	H	493	961	422	0	0	124	1876	null_175_H	0.062	0.962153518123667	1.41204690831557	0.486307515877815
1	177	null_176	H	L	1496	384	37	0	0	83	1917	null_176_L	0.0415	0.238914971309338	0.277516953573292	0.22043659005755
1	178	null_177	L	H	1140	669	84	0	0	107	1893	null_177_H	0.0535	0.44215530903328	0.530903328050713	0.335402010744397
1	179	null_178	L	H	1633	253	11	0	0	103	1897	null_178_H	0.0515	0.144965735371639	0.156562994201371	0.13554792976953
1	180	null_179	H	L	648	912	343	0	0	97	1903	null_179_L	0.0485	0.839726747241198	1.20021019442985	0.495069184397565
1	181	null_180	H	L	912	810	168	0	0	110	1890	null_180_L	0.055	0.606349206349206	0.784126984126984	0.416467624086672
1	182	null_181	L	H	864	838	208	0	0	90	1910	null_181_H	0.045	0.656544502617801	0.87434554973822	0.443294865820564
1	183	null_182	L	H	1496	383	27	0	0	94	1906	null_182_H	0.047	0.229275970619098	0.257607555089192	0.205040084385863
1	184	null_183	L	H	999	762	142	0	0	97	1903	null_183_H	0.0485	0.549658434051498	0.6988964792433	0.396772085119355
1	185	null_184	L	H	490	956	455	0	0	99	1901	null_184_H	0.0495	0.981588637559179	1.46028406102052	0.49676780763523
1	186	null_185	L	H	1528	359	19	0	0	94	1906	null_185_H	0.047	0.208289611752361	0.228226652675761	0.184842090311812
1	187	null_186	L	H	539	960	404	0	0	97	1903	null_186_H	0.0485	0.929059379926432	1.3536521282186	0.490500796789316
1	188	null_187	L	H	557	951	383	0	0	109	1891	null_187_H	0.0545	0.907985193019566	1.31306187202538	0.488624761282604
1	189	null_188	L	H	902	830	190	0	0	78	1922	null_188_H	0.039	0.62955254942768	0.827263267429761	0.43092685493887
1	190	null_189	H	L	883	849	171	0	0	97	1903	null_189_L	0.0485	0.625853914871256	0.805570152390962	0.413877029631284
1	191	null_190	H	L	1361	490	36	0	0	113	1887	null_190_L	0.0565	0.29782723900371	0.335983041865395	0.247281977572822
1	192	null_191	L	H	1280	569	49	0	0	102	1898	null_191_H	0.051	0.351422550052687	0.403055848261328	0.279558039575794
1	193	null_192	H	L	887	832	182	0	0	99	1901	null_192_L	0.0495	0.629142556549185	0.820620725933719	0.424800369472475
1	194	null_193	L	H	1491	385	21	0	0	103	1897	null_193_H	0.0515	0.225092250922509	0.247232472324723	0.196565950899361
1	195	null_194	H	L	845	844	221	0	0	90	1910	null_194_L	0.045	0.673298429319372	0.904712041884817	0.451381266960884
1	196	null_195	H	L	508	932	462	0	0	98	1902	null_195_L	0.049	0.975814931650894	1.46161934805468	0.509404567221841
1	197	null_196	L	H	860	829	205	0	0	106	1894	null_196_H	0.053	0.654171066525871	0.87064413938754	0.442704355107944
1	198	null_197	L	H	1597	294	16	0	0	93	1907	null_197_H	0.0465	0.170949134766649	0.187729417933928	0.158505811256462
1	199	null_198	H	L	673	923	294	0	0	110	1890	null_198_L	0.055	0.799470899470899	1.11058201058201	0.471428291481202
1	200	null_199	H	L	736	885	275	0	0	104	1896	null_199_L	0.052	0.756856540084388	1.04694092827004	0.474109106001531
1	201	null_200	L	H	1144	643	106	0	0	107	1893	null_200_H	0.0535	0.451664025356577	0.56365557316429	0.359655181362983
1	202	null_201	L	H	1678	216	3	0	0	103	1897	null_201_H	0.0515	0.11702688455456	0.120189773326305	0.106494481617758
1	203	null_202	H	L	1694	204	7	0	0	95	1905	null_202_L	0.0475	0.114435695538058	0.121784776902887	0.108689248489608
1	204	null_203	H	L	1684	207	7	0	0	102	1898	null_203_L	0.051	0.116438356164384	0.123814541622761	0.110256650836497
1	205	null_204	H	L	710	916	278	0	0	96	1904	null_204_L	0.048	0.773109243697479	1.06512605042017	0.46742814772968
1	206	null_205	H	L	1220	609	84	0	0	87	1913	null_205_L	0.0435	0.406168322007318	0.49398849973863	0.32901579393639
1	207	null_206	L	H	1112	688	106	0	0	94	1906	null_206_H	0.047	0.472193074501574	0.583420776495278	0.360454476888029
1	208	null_207	L	H	1326	548	45	0	0	81	1919	null_207_H	0.0405	0.332464825429911	0.379364252214695	0.268831392066554
1	209	null_208	L	H	1044	733	110	0	0	113	1887	null_208_H	0.0565	0.505034446210917	0.621621621621622	0.366561829762054
1	210	null_209	H	L	1584	305	13	0	0	98	1902	null_209_L	0.049	0.174027339642482	0.187697160883281	0.157411645940241
1	211	null_210	H	L	1095	694	107	0	0	104	1896	null_210_L	0.052	0.478902953586498	0.591772151898734	0.362424112944863
1	212	null_211	L	H	750	881	256	0	0	113	1887	null_211_H	0.0565	0.738208797032327	1.00953895071542	0.464586722699507
1	213	null_212	L	H	952	809	127	0	0	112	1888	null_212_H	0.056	0.563029661016949	0.697563559322034	0.380561160137173
1	214	null_213	L	H	807	886	220	0	0	87	1913	null_213_H	0.0435	0.69315211709357	0.923157344485102	0.442697487053803
1	215	null_214	H	L	1134	666	104	0	0	96	1904	null_214_L	0.048	0.459033613445378	0.56827731092437	0.357565452651649
1	216	null_215	H	L	1246	607	60	0	0	87	1913	null_215_L	0.0435	0.38003136434919	0.442760062728698	0.298336224839592
1	217	null_216	L	H	1065	710	114	0	0	111	1889	null_216_H	0.0555	0.496559025939651	0.617257808364214	0.370686942122079
1	218	null_217	L	H	762	917	230	0	0	91	1909	null_217_H	0.0455	0.721320062860136	0.962283918281823	0.441981285197272
1	219	null_218	H	L	767	859	252	0	0	122	1878	null_218_L	0.061	0.725772097976571	0.994142705005325	0.467397566804012
1	220	null_219	L	H	622	935	346	0	0	97	1903	null_219_H	0.0485	0.85496584340515	1.21860220704151	0.487635613652034
1	221	null_220	H	L	595	957	346	0	0	102	1898	null_220_L	0.051	0.868809272918862	1.23340358271865	0.47857403000885
1	222	null_221	H	L	1007	747	148	0	0	98	1902	null_221_L	0.049	0.548370136698213	0.703995793901157	0.40328598707874
1	223	null_222	L	H	1236	585	82	0	0	97	1903	null_222_H	0.0485	0.393589069889648	0.479768786127168	0.324856430190569
1	224	null_223	L	H	526	945	436	0	0	93	1907	null_223_H	0.0465	0.952805453592029	1.41006816990037	0.502229937505654
1	225	null_224	L	H	603	960	335	0	0	102	1898	null_224_H	0.051	0.858798735511064	1.2118018967334	0.474266628618001
1	226	null_225	L	H	1511	365	29	0	0	95	1905	null_225_H	0.0475	0.222047244094488	0.25249343832021	0.203188459710253
1	227	null_226	L	H	1500	369	24	0	0	107	1893	null_226_H	0.0535	0.220285261489699	0.245641838351823	0.197116241922237
1	228	null_227	L	H	504	939	455	0	0	102	1898	null_227_H	0.051	0.97418335089568	1.4536354056902	0.504602204527865
1	229	null_228	L	H	650	939	328	0	0	83	1917	null_228_H	0.0415	0.832029212310902	1.17423056859677	0.481957958458065
1	230	null_229	H	L	921	815	177	0	0	87	1913	null_229_L	0.0435	0.611082070047047	0.796131730266597	0.422710433933614
1	231	null_230	H	L	617	908	363	0	0	112	1888	null_230_L	0.056	0.865466101694915	1.25	0.500968426817007
1	232	null_231	H	L	1025	723	135	0	0	117	1883	null_231_L	0.0585	0.527349973446628	0.670738183749336	0.392640189255177
1	233	null_232	H	L	1086	689	111	0	0	114	1886	null_232_L	0.057	0.483032873806999	0.600742311770944	0.367421554592696
1	234	null_233	H	L	585	936	376	0	0	103	1897	null_233_L	0.0515	0.889826041117554	1.28624143384291	0.494451050391971
1	235	null_234	L	H	1521	351	25	0	0	103	1897	null_234_H	0.0515	0.211386399578282	0.237743806009489	0.19305959608282
1	236	null_235	L	H	602	938	339	0	0	121	1879	null_235_H	0.0605	0.860031931878659	1.22086216072379	0.481207236872851
1	237	null_236	H	L	1543	338	17	0	0	102	1898	null_236_L	0.051	0.195995785036881	0.21390937829294	0.175495030540717
1	238	null_237	L	H	835	821	230	0	0	114	1886	null_237_H	0.057	0.679215270413574	0.923117709437964	0.46178432587498
1	239	null_238	H	L	1105	691	106	0	0	98	1902	null_238_L	0.049	0.474763406940063	0.586225026288118	0.360824733718782
1	240	null_239	L	H	501	958	435	0	0	106	1894	null_239_H	0.053	0.965153115100317	1.42449841605069	0.492977880462841
1	241	null_240	L	H	1456	408	30	0	0	106	1894	null_240_H	0.053	0.247096092925026	0.278775079197466	0.217718600058652
1	242	null_241	H	L	1298	530	67	0	0	105	1895	null_241_L	0.0525	0.350395778364116	0.421108179419525	0.29833097792413
1	243	null_242	H	L	560	919	414	0	0	107	1893	null_242_L	0.0535	0.922873745377707	1.36027469624934	0.508578746341862
1	244	null_243	L	H	1490	380	25	0	0	105	1895	null_243_H	0.0525	0.226912928759894	0.253298153034301	0.201808675795908
1	245	null_244	H	L	502	953	431	0	0	114	1886	null_244_L	0.057	0.962354188759279	1.41940615058325	0.493280565960715
1	246	null_245	L	H	545	936	402	0	0	117	1883	null_245_H	0.0585	0.924057355284121	1.35103558151885	0.497153585664169
1	247	null_246	H	L	730	892	281	0	0	97	1903	null_246_L	0.0485	0.764056752496059	1.05937992643195	0.475597205397126
1	248	null_247	H	L	1493	371	24	0	0	112	1888	null_247_L	0.056	0.221927966101695	0.247351694915254	0.198099672777219
1	249	null_248	H	L	1139	676	86	0	0	99	1901	null_248_L	0.0495	0.44608100999474	0.536559705418201	0.337571437940274
1	250	null_249	L	H	843	847	209	0	0	101	1899	null_249_H	0.0505	0.666140073723012	0.886255924170616	0.442513326350916
1	251	null_250	L	H	1411	444	36	0	0	109	1891	null_250_H	0.0545	0.272871496562665	0.310946589106293	0.236487735469944
1	252	null_251	H	L	718	947	244	0	0	91	1909	null_251_L	0.0455	0.751702462022001	1.00733368255631	0.442277091146374
1	253	null_252	H	L	968	783	156	0	0	93	1907	null_252_L	0.0465	0.574200314630309	0.737808075511274	0.408102074189728
1	254	null_253	L	H	510	945	439	0	0	106	1894	null_253_H	0.053	0.962513199577613	1.42608236536431	0.499650706003174
1	255	null_254	L	H	1411	457	33	0	0	99	1901	null_254_H	0.0495	0.275118358758548	0.309836927932667	0.23414681660667
1	256	null_255	L	H	1047	736	112	0	0	105	1895	null_255_H	0.0525	0.506596306068602	0.624802110817942	0.36816229349559
1	257	null_256	H	L	1292	551	54	0	0	103	1897	null_256_L	0.0515	0.347390616763311	0.404322614654718	0.283642374039525
1	258	null_257	L	H	1593	298	16	0	0	93	1907	null_257_H	0.0465	0.173046670162559	0.189826953329837	0.159881803275488
1	259	null_258	H	L	846	877	177	0	0	100	1900	null_258_L	0.05	0.647894736842105	0.83421052631579	0.414442936288089
1	260	null_259	L	H	935	826	143	0	0	96	1904	null_259_H	0.048	0.584033613445378	0.734243697478992	0.393148435844926
1	261	null_260	H	L	1351	505	45	0	0	99	1901	null_260_L	0.0495	0.312993161493951	0.360336664913204	0.262371945771225
1	262	null_261	H	L	1554	300	28	0	0	118	1882	null_261_L	0.059	0.189160467587673	0.218916046758767	0.18313436426078
1	263	null_262	H	L	622	922	357	0	0	99	1901	null_262_L	0.0495	0.860599684376644	1.23619147816938	0.495559661420205
1	264	null_263	L	H	610	964	329	0	0	97	1903	null_263_H	0.0485	0.852338413032055	1.19810825013137	0.47162747980137
1	265	null_264	L	H	802	889	214	0	0	95	1905	null_264_H	0.0475	0.691338582677165	0.916010498687664	0.438061462789592
1	266	null_265	L	H	715	935	260	0	0	90	1910	null_265_H	0.045	0.761780104712042	1.03403141361257	0.453722485677476
1	267	null_266	H	L	565	915	429	0	0	91	1909	null_266_L	0.0455	0.92875851231011	1.37820848611839	0.515616111929898
1	268	null_267	L	H	1024	743	138	0	0	95	1905	null_267_H	0.0475	0.53490813648294	0.679790026246719	0.393663311771068
1	269	null_268	H	L	781	863	239	0	0	117	1883	null_268_L	0.0585	0.712161444503452	0.966011683483802	0.458837760446559
1	270	null_269	H	L	676	906	309	0	0	109	1891	null_269_L	0.0545	0.805922792173453	1.13273400317292	0.483222456228269
1	271	null_270	L	H	1347	511	42	0	0	100	1900	null_270_H	0.05	0.313157894736842	0.357368421052632	0.259300554016621
1	272	null_271	L	H	1499	373	29	0	0	99	1901	null_271_H	0.0495	0.226722777485534	0.257233035244608	0.205829817413853
1	273	null_272	L	H	933	804	161	0	0	102	1898	null_272_H	0.051	0.593256059009484	0.76290832455216	0.410955573000696
1	274	null_273	H	L	1270	564	61	0	0	105	1895	null_273_L	0.0525	0.362005277044855	0.426385224274406	0.295337403666084
1	275	null_274	H	L	921	784	184	0	0	111	1889	null_274_L	0.0555	0.609846479618846	0.804658549497088	0.432745820793589
1	276	null_275	L	H	1054	720	140	0	0	86	1914	null_275_H	0.043	0.522466039707419	0.668756530825496	0.395785768177942
1	277	null_276	L	H	777	876	272	0	0	75	1925	null_276_H	0.0375	0.737662337662338	1.02025974025974	0.476114015854276
1	278	null_277	H	L	1547	332	23	0	0	98	1902	null_277_L	0.049	0.198738170347003	0.222923238696109	0.183426378343235
1	279	null_278	H	L	1075	695	129	0	0	101	1899	null_278_L	0.0505	0.501843075302791	0.637704054765666	0.385857582536304
1	280	null_279	H	L	711	909	293	0	0	87	1913	null_279_L	0.0435	0.781495033978045	1.08782017773131	0.477085689598967
1	281	null_280	H	L	1230	601	83	0	0	86	1914	null_280_L	0.043	0.40073145245559	0.487460815047022	0.326875118059855
1	282	null_281	H	L	1062	724	119	0	0	95	1905	null_281_L	0.0475	0.50498687664042	0.62992125984252	0.374909514263473
1	283	null_282	H	L	1520	366	14	0	0	100	1900	null_282_L	0.05	0.207368421052632	0.222105263157895	0.179103601108033
1	284	null_283	L	H	981	744	152	0	0	123	1877	null_283_H	0.0615	0.558337773042088	0.720298348428343	0.408557279622744
1	285	null_284	H	L	1664	225	8	0	0	103	1897	null_284_L	0.0515	0.127042698998419	0.135477069056405	0.119337221687602
1	286	null_285	L	H	1497	383	20	0	0	100	1900	null_285_H	0.05	0.222631578947368	0.243684210526316	0.194119390581717
1	287	null_286	H	L	949	785	172	0	0	94	1906	null_286_L	0.047	0.592339979013641	0.772822665267576	0.421956014529695
1	288	null_287	H	L	754	906	253	0	0	87	1913	null_287_L	0.0435	0.738107684265552	1.00261369576581	0.457810742193958
1	289	null_288	H	L	507	968	416	0	0	109	1891	null_288_L	0.0545	0.951877313590693	1.3918561607615	0.485785740632868
1	290	null_289	L	H	509	960	429	0	0	102	1898	null_289_H	0.051	0.957850368809273	1.40990516332982	0.492427834301761
1	291	null_290	H	L	1211	606	62	0	0	121	1879	null_290_L	0.0605	0.38850452368281	0.454497072911123	0.303561307989116
1	292	null_291	L	H	756	900	241	0	0	103	1897	null_291_H	0.0515	0.728518713758566	0.982604111755403	0.451864595458968
1	293	null_292	H	L	1396	454	42	0	0	108	1892	null_292_L	0.054	0.284355179704017	0.328752642706131	0.247894774481627
1	294	null_293	L	H	852	828	213	0	0	107	1893	null_293_H	0.0535	0.662440570522979	0.887480190174327	0.448652680699516
1	295	null_294	H	L	593	933	388	0	0	86	1914	null_294_L	0.043	0.892894461859979	1.29832810867294	0.501067588652715
1	296	null_295	L	H	580	968	373	0	0	79	1921	null_295_H	0.0395	0.892243623112962	1.28058302967205	0.4844843466863
1	297	null_296	H	L	1645	249	15	0	0	91	1909	null_296_L	0.0455	0.146149816657936	0.161864850707177	0.140505081798028
1	298	null_297	H	L	1526	355	14	0	0	105	1895	null_297_L	0.0525	0.202110817941953	0.21688654353562	0.176037760806455
1	299	null_298	H	L	1510	392	22	0	0	76	1924	null_298_L	0.038	0.226611226611227	0.24948024948025	0.198127601454005
1	300	null_299	L	H	1044	722	127	0	0	107	1893	null_299_H	0.0535	0.515583729529847	0.649762282091918	0.383935699936011
1	301	null_300	H	L	735	908	264	0	0	93	1907	null_300_L	0.0465	0.75301520713162	1.02988987939171	0.462857977220238
1	302	null_301	H	L	987	768	142	0	0	103	1897	null_301_L	0.0515	0.554559831312599	0.704269899841856	0.396733293336397
1	303	null_302	L	H	1528	359	17	0	0	96	1904	null_302_H	0.048	0.20640756302521	0.224264705882353	0.181660623808347
1	304	null_303	H	L	987	725	168	0	0	120	1880	null_303_L	0.06	0.56436170212766	0.743085106382979	0.42458097555455
1	305	null_304	L	H	824	843	227	0	0	106	1894	null_304_H	0.053	0.684794086589229	0.924498416050686	0.45555547502311
1	306	null_305	L	H	633	946	335	0	0	86	1914	null_305_H	0.043	0.844305120167189	1.19435736677116	0.481506230830628
1	307	null_306	L	H	603	926	370	0	0	101	1899	null_306_H	0.0505	0.877303844128489	1.26698262243286	0.497320587510236
1	308	null_307	L	H	933	809	168	0	0	90	1910	null_307_H	0.045	0.599476439790576	0.775392670157068	0.416020668293084
1	309	null_308	L	H	802	841	248	0	0	109	1891	null_308_H	0.0545	0.707033315705976	0.969328397673189	0.469432288155003
1	310	null_309	L	H	518	941	429	0	0	112	1888	null_309_H	0.056	0.952860169491525	1.4073093220339	0.49936681943048
1	311	null_310	L	H	1126	667	116	0	0	91	1909	null_310_H	0.0455	0.470927187008905	0.592456783656365	0.370684368192244
1	312	null_311	L	H	476	970	443	0	0	111	1889	null_311_H	0.0555	0.982530439385918	1.45156167284277	0.486195608522888
1	313	null_312	L	H	583	965	366	0	0	86	1914	null_312_H	0.043	0.88662486938349	1.26907001044932	0.48296635144003
1	314	null_313	L	H	855	814	219	0	0	112	1888	null_313_H	0.056	0.663135593220339	0.895127118644068	0.455378303648377
1	315	null_314	H	L	606	952	346	0	0	96	1904	null_314_L	0.048	0.863445378151261	1.22689075630252	0.481352835251748
1	316	null_315	L	H	1604	300	12	0	0	84	1916	null_315_H	0.042	0.169102296450939	0.181628392484342	0.153032805819361
1	317	null_316	L	H	1076	700	123	0	0	101	1899	null_316_H	0.0505	0.498156924697209	0.62769878883623	0.379538467212449
1	318	null_317	H	L	664	922	322	0	0	92	1908	null_317_L	0.046	0.820754716981132	1.15828092243187	0.484642616985088
1	319	null_318	L	H	718	914	285	0	0	83	1917	null_318_H	0.0415	0.774126238914971	1.07146583202921	0.472194398252573
1	320	null_319	L	H	1323	536	45	0	0	96	1904	null_319_H	0.048	0.328781512605042	0.376050420168067	0.267953137137208
1	321	null_320	L	H	1052	741	106	0	0	101	1899	null_320_H	0.0505	0.501843075302791	0.613480779357557	0.361634307128194
1	322	null_321	H	L	818	859	213	0	0	110	1890	null_321_L	0.055	0.67989417989418	0.905291005291005	0.443034909437026
1	323	null_322	L	H	1265	569	70	0	0	96	1904	null_322_H	0.048	0.372373949579832	0.445903361344538	0.307241003018855
1	324	null_323	H	L	1124	682	85	0	0	109	1891	null_323_L	0.0545	0.450555261766261	0.540454785827604	0.33745474192234
1	325	null_324	H	L	778	889	233	0	0	100	1900	null_324_L	0.05	0.713157894736842	0.958421052631579	0.449826869806094
1	326	null_325	L	H	1023	740	132	0	0	105	1895	null_325_H	0.0525	0.529815303430079	0.669129287598945	0.388425031850238
1	327	null_326	L	H	659	866	360	0	0	115	1885	null_326_H	0.0575	0.841379310344828	1.22334217506631	0.515423031189975
1	328	null_327	L	H	1457	419	31	0	0	93	1907	null_327_H	0.0465	0.252228631358154	0.284740429994756	0.221121147517949
1	329	null_328	H	L	973	786	148	0	0	93	1907	null_328_L	0.0465	0.567383324593603	0.722600943890928	0.400677106864039
1	330	null_329	L	H	1234	606	73	0	0	87	1913	null_329_H	0.0435	0.393099843178254	0.46941975953999	0.314892272833222
1	331	null_330	L	H	1206	611	85	0	0	98	1902	null_330_H	0.049	0.41062039957939	0.5	0.331390887449262
1	332	null_331	L	H	520	949	434	0	0	97	1903	null_331_H	0.0485	0.954808197582764	1.41093011035208	0.499271416180829
1	333	null_332	H	L	971	772	163	0	0	94	1906	null_332_L	0.047	0.57607555089192	0.747114375655824	0.415251335320394
1	334	null_333	L	H	1154	661	85	0	0	100	1900	null_333_H	0.05	0.437368421052632	0.526842105263158	0.335550969529086
1	335	null_334	H	L	1297	545	63	0	0	95	1905	null_334_L	0.0475	0.352230971128609	0.418372703412074	0.294306046389871
1	336	null_335	H	L	1206	604	81	0	0	109	1891	null_335_L	0.0545	0.405076679005817	0.490745637228979	0.326658521354598
1	337	null_336	H	L	1549	327	11	0	0	113	1887	null_336_L	0.0565	0.184949655537891	0.196608373078961	0.162401997995377
1	338	null_337	L	H	619	893	380	0	0	108	1892	null_337_H	0.054	0.873678646934461	1.27536997885835	0.512055600749121
1	339	null_338	H	L	740	865	278	0	0	117	1883	null_338_L	0.0585	0.754646840148699	1.04992033988317	0.480428486536749
1	340	null_339	H	L	746	883	273	0	0	98	1902	null_339_L	0.049	0.751314405888538	1.03838065194532	0.473907315449673
1	341	null_340	L	H	474	987	439	0	0	100	1900	null_340_H	0.05	0.981578947368421	1.44368421052632	0.480186980609418
1	342	null_341	H	L	1270	569	59	0	0	102	1898	null_341_L	0.051	0.361959957850369	0.424130663856691	0.293115652769651
1	343	null_342	L	H	522	943	439	0	0	96	1904	null_342_H	0.048	0.95640756302521	1.41754201680672	0.502826590194902
1	344	null_343	L	H	600	931	380	0	0	89	1911	null_343_H	0.0445	0.884877027734171	1.28257456828885	0.499567214077194
1	345	null_344	H	L	1605	293	8	0	0	94	1906	null_344_L	0.047	0.16211962224554	0.170514165792235	0.144231393875198
1	346	null_345	H	L	873	823	183	0	0	121	1879	null_345_L	0.0605	0.632783395423097	0.82756785524215	0.427153029718966
1	347	null_346	H	L	695	935	267	0	0	103	1897	null_346_L	0.0515	0.774380600948867	1.05587770163416	0.456212386508231
1	348	null_347	L	H	889	823	185	0	0	103	1897	null_347_H	0.0515	0.628887717448603	0.823932525039536	0.428432763881822
1	349	null_348	L	H	1486	384	26	0	0	104	1896	null_348_H	0.052	0.229957805907173	0.257383966244726	0.204503373747085
1	350	null_349	H	L	1250	567	77	0	0	106	1894	null_349_L	0.053	0.380675818373812	0.461985216473073	0.317071137778501
1	351	null_350	H	L	1595	306	12	0	0	87	1913	null_350_L	0.0435	0.172503920543649	0.18504966021955	0.155292057616621
1	352	null_351	L	H	917	789	181	0	0	113	1887	null_351_H	0.0565	0.609962904080551	0.801801801801802	0.429747057447422
1	353	null_352	L	H	1412	444	48	0	0	96	1904	null_352_H	0.048	0.283613445378151	0.334033613445378	0.253597027046113
1	354	null_353	L	H	478	952	463	0	0	107	1893	null_353_H	0.0535	0.992076069730586	1.48124669836239	0.497031770230301
1	355	null_354	L	H	1342	504	50	0	0	104	1896	null_354_H	0.052	0.318565400843882	0.371308016877637	0.269824102262814
1	356	null_355	H	L	1000	739	159	0	0	102	1898	null_355_L	0.051	0.556902002107482	0.724446786090622	0.4143069461393
1	357	null_356	L	H	1540	331	20	0	0	109	1891	null_356_H	0.0545	0.196192490745637	0.217345319936542	0.178853826511565
1	358	null_357	H	L	1123	683	104	0	0	90	1910	null_357_L	0.045	0.466492146596859	0.575392670157068	0.357777747320523
1	359	null_358	H	L	820	855	230	0	0	95	1905	null_358_L	0.0475	0.690288713910761	0.931758530183727	0.455260021631154
1	360	null_359	L	H	1193	604	117	0	0	86	1914	null_359_H	0.043	0.437826541274817	0.560083594566353	0.368391514321684
1	361	null_360	H	L	1420	443	43	0	0	94	1906	null_360_L	0.047	0.277544596012592	0.322665267576076	0.245634264800283
1	362	null_361	L	H	717	933	253	0	0	97	1903	null_361_H	0.0485	0.756174461376773	1.022070415134	0.450270599095546
1	363	null_362	H	L	1635	242	13	0	0	110	1890	null_362_L	0.055	0.141798941798942	0.155555555555556	0.135448615660256
1	364	null_363	H	L	1202	618	70	0	0	110	1890	null_363_L	0.055	0.401058201058201	0.475132275132275	0.314284594496235
1	365	null_364	L	H	1300	554	48	0	0	98	1902	null_364_H	0.049	0.341745531019979	0.392218717139853	0.275428709167725
1	366	null_365	H	L	493	980	433	0	0	94	1906	null_365_L	0.047	0.968520461699895	1.42287513116474	0.484843246433365
1	367	null_366	H	L	524	960	412	0	0	104	1896	null_366_L	0.052	0.940928270042194	1.37552742616034	0.490181416795741
1	368	null_367	L	H	796	875	220	0	0	109	1891	null_367_H	0.0545	0.695399259650978	0.928080380750925	0.444500250427797
1	369	null_368	L	H	1307	531	49	0	0	113	1887	null_368_H	0.0565	0.333333333333333	0.385267620561738	0.274156509450627
1	370	null_369	L	H	775	899	226	0	0	100	1900	null_369_H	0.05	0.711052631578947	0.948947368421053	0.443351523545706
1	371	null_370	L	H	768	851	275	0	0	106	1894	null_370_H	0.053	0.739704329461457	1.03009503695882	0.482932541934793
1	372	null_371	L	H	1542	337	19	0	0	102	1898	null_371_H	0.051	0.197576396206533	0.217597471022129	0.178561038684168
1	373	null_372	H	L	1650	219	12	0	0	119	1881	null_372_L	0.0595	0.129186602870813	0.141945773524721	0.12525659516342
1	374	null_373	L	H	588	899	397	0	0	116	1884	null_373_H	0.058	0.898619957537155	1.32006369426752	0.512545866183438
1	375	null_374	L	H	1072	708	129	0	0	91	1909	null_374_H	0.0455	0.506024096385542	0.64117338920901	0.385113003086205
1	376	null_375	L	H	803	886	205	0	0	106	1894	null_375_H	0.053	0.684266103484689	0.900739176346357	0.432519075968238
1	377	null_376	L	H	1332	509	56	0	0	103	1897	null_376_H	0.0515	0.327358987875593	0.386399578281497	0.279235671338564
1	378	null_377	L	H	616	925	366	0	0	93	1907	null_377_H	0.0465	0.868904037755637	1.25275301520713	0.497758788379082
1	379	null_378	L	H	1610	306	6	0	0	78	1922	null_378_H	0.039	0.165452653485952	0.171696149843913	0.14432156929837
1	380	null_379	H	L	1197	621	78	0	0	104	1896	null_379_L	0.052	0.409810126582279	0.492088607594937	0.324144267745554
1	381	null_380	H	L	1633	251	18	0	0	98	1902	null_380_L	0.049	0.150893796004206	0.169821240799159	0.1470523031266
1	382	null_381	L	H	1314	536	50	0	0	100	1900	null_381_H	0.05	0.334736842105263	0.387368421052632	0.275319667590028
1	383	null_382	L	H	1060	723	122	0	0	95	1905	null_382_H	0.0475	0.50761154855643	0.635695538057743	0.378026053829885
1	384	null_383	H	L	471	972	468	0	0	89	1911	null_383_L	0.0445	0.998430141287284	1.48822605965463	0.491363312623685
1	385	null_384	L	H	739	876	282	0	0	103	1897	null_384_H	0.0515	0.759093305218767	1.05640484976278	0.480182203734832
1	386	null_385	L	H	839	835	222	0	0	104	1896	null_385_H	0.052	0.67457805907173	0.908755274261603	0.453699716480621
1	387	null_386	L	H	561	952	396	0	0	91	1909	null_386_H	0.0455	0.913567312729178	1.32844421162913	0.493838976741914
1	388	null_387	H	L	468	976	453	0	0	103	1897	null_387_L	0.0515	0.992092778070638	1.46968898260411	0.485440902304196
1	389	null_388	H	L	854	845	186	0	0	115	1885	null_388_L	0.0575	0.645623342175066	0.842970822281167	0.426141322319864
1	390	null_389	L	H	968	786	143	0	0	103	1897	null_389_H	0.0515	0.565102793885082	0.715867158671587	0.396525991014862
1	391	null_390	H	L	686	914	299	0	0	101	1899	null_390_L	0.0505	0.796208530805687	1.11111111111111	0.47716308658336
1	392	null_391	L	H	524	940	445	0	0	91	1909	null_391_H	0.0455	0.958617077003667	1.4248297537978	0.505883053474746
1	393	null_392	L	H	1428	457	39	0	0	76	1924	null_392_H	0.038	0.278066528066528	0.318607068607069	0.241286074576095
1	394	null_393	H	L	472	966	441	0	0	121	1879	null_393_L	0.0605	0.983501862692922	1.45290047897818	0.485624565057733
1	395	null_394	L	H	539	961	400	0	0	100	1900	null_394_H	0.05	0.926842105263158	1.34789473684211	0.488858448753463
1	396	null_395	L	H	1226	570	99	0	0	105	1895	null_395_H	0.0525	0.405277044854881	0.50976253298153	0.345513049895225
1	397	null_396	H	L	1673	225	14	0	0	88	1912	null_396_L	0.044	0.132322175732218	0.146966527196653	0.129457369006145
1	398	null_397	H	L	771	903	240	0	0	86	1914	null_397_L	0.043	0.722570532915361	0.973354231974922	0.451246056937334
1	399	null_398	H	L	541	939	417	0	0	103	1897	null_398_L	0.0515	0.934633632050606	1.37427517132314	0.500735145163034
1	400	null_399	L	H	1501	371	24	0	0	104	1896	null_399_H	0.052	0.220991561181435	0.246308016877637	0.197470746764229
1	401	null_400	L	H	1395	457	43	0	0	105	1895	null_400_H	0.0525	0.286543535620053	0.331926121372032	0.249818923566391
1	402	null_401	H	L	787	899	230	0	0	84	1916	null_401_L	0.042	0.709290187891441	0.94937369519833	0.446281124559255
1	403	null_402	L	H	767	914	224	0	0	95	1905	null_402_H	0.0475	0.71496062992126	0.9501312335958	0.438962531258396
1	404	null_403	H	L	683	942	302	0	0	73	1927	null_403_L	0.0365	0.802283341982356	1.11572392319668	0.472065362374301
1	405	null_404	H	L	516	945	428	0	0	111	1889	null_404_L	0.0555	0.953414505029116	1.4065643197459	0.497565101345983
1	406	null_405	L	H	1445	418	29	0	0	108	1892	null_405_H	0.054	0.251585623678647	0.282241014799154	0.218945688757381
1	407	null_406	L	H	617	946	336	0	0	101	1899	null_406_H	0.0505	0.85202738283307	1.20589784096893	0.47994717987156
1	408	null_407	L	H	928	796	175	0	0	101	1899	null_407_H	0.0505	0.60347551342812	0.787783043707214	0.423600348399881
1	409	null_408	L	H	1211	609	82	0	0	98	1902	null_408_H	0.049	0.406414300736067	0.492639327024185	0.327466743181398
1	410	null_409	H	L	652	922	326	0	0	100	1900	null_409_L	0.05	0.828421052631579	1.17157894736842	0.485297506925208
1	411	null_410	L	H	942	783	182	0	0	93	1907	null_410_H	0.0465	0.601468274777137	0.792343995804929	0.430579910241544
1	412	null_411	H	L	1739	163	4	0	0	94	1906	null_411_L	0.047	0.0897166841552991	0.0939139559286464	0.0858648725128247
1	413	null_412	L	H	1065	683	130	0	0	122	1878	null_412_H	0.061	0.502129925452609	0.640575079872205	0.388440617837162
1	414	null_413	H	L	1143	653	97	0	0	107	1893	null_413_L	0.0535	0.44743792921289	0.549920760697306	0.349720060198987
1	415	null_414	H	L	1410	461	39	0	0	90	1910	null_414_L	0.045	0.282198952879581	0.32303664921466	0.243400400208328
1	416	null_415	H	L	1330	498	68	0	0	104	1896	null_415_L	0.052	0.334388185654008	0.406118143459916	0.294302684754936
1	417	null_416	H	L	1688	194	12	0	0	106	1894	null_416_L	0.053	0.115100316789863	0.127771911298838	0.114523828373712
1	418	null_417	H	L	539	947	410	0	0	104	1896	null_417_L	0.052	0.931962025316456	1.36445147679325	0.495898260161299
1	419	null_418	H	L	1025	742	140	0	0	93	1907	null_418_L	0.0465	0.535920293654955	0.682747771368642	0.395537210217428
1	420	null_419	L	H	903	817	170	0	0	110	1890	null_419_H	0.055	0.612169312169312	0.792063492063492	0.417312225301643
1	421	null_420	L	H	553	967	379	0	0	101	1899	null_420_H	0.0505	0.908372827804108	1.30753027909426	0.48238908480143
1	422	null_421	H	L	488	951	461	0	0	100	1900	null_421_L	0.05	0.985789473684211	1.47105263157895	0.499271745152355
1	423	null_422	H	L	1403	455	31	0	0	111	1889	null_422_L	0.0555	0.273689782953944	0.30651138168343	0.231605284390054
1	424	null_423	H	L	1640	249	17	0	0	94	1906	null_423_L	0.047	0.148478488982162	0.166316894018888	0.144271032328462
1	425	null_424	L	H	629	985	295	0	0	91	1909	null_424_H	0.0455	0.825039287585123	1.13410162388685	0.453411797827884
1	426	null_425	L	H	491	944	444	0	0	121	1879	null_425_H	0.0605	0.974986695050559	1.4475784992017	0.496979443676092
1	427	null_426	H	L	646	905	348	0	0	101	1899	null_426_L	0.0505	0.843075302790943	1.20958399157451	0.498808025398473
1	428	null_427	L	H	1591	308	16	0	0	85	1915	null_427_H	0.0425	0.177545691906005	0.194255874673629	0.162733401959247
1	429	null_428	L	H	940	796	170	0	0	94	1906	null_428_H	0.047	0.59601259181532	0.774396642182581	0.419165632580166
1	430	null_429	L	H	1252	581	62	0	0	105	1895	null_429_H	0.0525	0.372031662269129	0.437467018469657	0.299059460738925
1	431	null_430	L	H	1157	657	98	0	0	88	1912	null_430_H	0.044	0.446129707112971	0.548640167364017	0.349608451795312
1	432	null_431	L	H	625	926	346	0	0	103	1897	null_431_H	0.0515	0.852925672113864	1.21771217712177	0.490229974970885
1	433	null_432	H	L	1254	594	55	0	0	97	1903	null_432_L	0.0485	0.369942196531792	0.427745664739884	0.290888435965118
1	434	null_433	L	H	1570	315	14	0	0	101	1899	null_433_H	0.0505	0.180621379673512	0.19536598209584	0.162741899300677
1	435	null_434	L	H	717	858	280	0	0	145	1855	null_434_H	0.0725	0.764420485175202	1.06630727762803	0.481968599472541
1	436	null_435	L	H	1540	354	28	0	0	78	1922	null_435_H	0.039	0.213319458896982	0.242455775234131	0.19695058369003
1	437	null_436	H	L	1600	291	13	0	0	96	1904	null_436_L	0.048	0.166491596638655	0.180147058823529	0.152427607072241
1	438	null_437	H	L	1468	406	20	0	0	106	1894	null_437_L	0.053	0.235480464625132	0.256599788806758	0.20114873958669
1	439	null_438	H	L	671	944	289	0	0	96	1904	null_438_L	0.048	0.79936974789916	1.10294117647059	0.463949182614222
1	440	null_439	L	H	809	842	252	0	0	97	1903	null_439_H	0.0485	0.707304256437204	0.972149238045192	0.471869926871005
1	441	null_440	H	L	1017	731	145	0	0	107	1893	null_440_L	0.0535	0.539355520338088	0.692551505546751	0.401647128227582
1	442	null_441	H	L	466	972	465	0	0	97	1903	null_441_L	0.0485	0.999474513925381	1.48817656332107	0.489227259334695
1	443	null_442	L	H	748	897	222	0	0	133	1867	null_442_H	0.0665	0.718264595607927	0.95607927155865	0.440175242254831
1	444	null_443	H	L	1103	706	89	0	0	102	1898	null_443_L	0.051	0.465753424657534	0.559536354056902	0.342610101476681
1	445	null_444	L	H	994	767	156	0	0	83	1917	null_444_H	0.0415	0.562858633281168	0.725612936880543	0.408803095821398
1	446	null_445	H	L	1314	527	46	0	0	113	1887	null_445_L	0.0565	0.32803391626921	0.376788553259142	0.269182303036226
1	447	null_446	L	H	1212	626	62	0	0	100	1900	null_446_H	0.05	0.394736842105263	0.46	0.304182825484765
1	448	null_447	L	H	1504	385	16	0	0	95	1905	null_447_H	0.0475	0.218897637795276	0.235695538057743	0.187779362225391
1	449	null_448	H	L	1122	689	106	0	0	83	1917	null_448_L	0.0415	0.47000521648409	0.580594679186229	0.359689775663973
1	450	null_449	H	L	765	888	240	0	0	107	1893	null_449_L	0.0535	0.722662440570523	0.976228209191759	0.453987206180415
1	451	null_450	L	H	665	915	334	0	0	86	1914	null_450_H	0.043	0.827063740856844	1.1760710553814	0.492036623941283
1	452	null_451	L	H	1406	454	26	0	0	114	1886	null_451_H	0.057	0.268292682926829	0.295864262990456	0.22388329927838
1	453	null_452	H	L	1427	443	38	0	0	92	1908	null_452_L	0.046	0.272012578616352	0.311844863731656	0.237854020806139
1	454	null_453	H	L	773	896	227	0	0	104	1896	null_453_L	0.052	0.712025316455696	0.951476793248945	0.444496741975111
1	455	null_454	H	L	569	948	392	0	0	91	1909	null_454_L	0.0455	0.907281299109481	1.31796752226297	0.494808166549177
1	456	null_455	H	L	1076	677	133	0	0	114	1886	null_455_L	0.057	0.5	0.641039236479321	0.391039236479321
1	457	null_456	L	H	1693	202	10	0	0	95	1905	null_456_H	0.0475	0.116535433070866	0.127034120734908	0.113453613573894
1	458	null_457	H	L	664	884	336	0	0	116	1884	null_457_L	0.058	0.825902335456476	1.18259023354565	0.500475565833187
1	459	null_458	H	L	1648	248	5	0	0	99	1901	null_458_L	0.0495	0.135718043135192	0.140978432403998	0.122559045171552
1	460	null_459	H	L	896	795	195	0	0	114	1886	null_459_L	0.057	0.628313891834571	0.835100742311771	0.440322395639467
1	461	null_460	H	L	1526	345	17	0	0	112	1888	null_460_L	0.056	0.200741525423729	0.21875	0.178452839970554
1	462	null_461	L	H	1507	364	28	0	0	101	1899	null_461_H	0.0505	0.221169036334913	0.250658241179568	0.201742498546254
1	463	null_462	L	H	891	809	195	0	0	105	1895	null_462_H	0.0525	0.632717678100264	0.838522427440633	0.438190767260044
1	464	null_463	H	L	1587	293	17	0	0	103	1897	null_463_L	0.0515	0.172377438060095	0.190300474433316	0.160586493281154
1	465	null_464	H	L	701	917	300	0	0	82	1918	null_464_L	0.041	0.790928050052138	1.10375391032325	0.478186729963977
1	466	null_465	H	L	864	832	194	0	0	110	1890	null_465_L	0.055	0.645502645502646	0.850793650793651	0.434119985442737
1	467	null_466	L	H	1314	540	55	0	0	91	1909	null_466_H	0.0455	0.34049240440021	0.398114195914091	0.282179118459855
1	468	null_467	H	L	994	766	137	0	0	103	1897	null_467_L	0.0515	0.548234053769109	0.692672641012124	0.392112063300014
1	469	null_468	H	L	1406	451	48	0	0	95	1905	null_468_L	0.0475	0.287139107611549	0.33753280839895	0.255083941278994
1	470	null_469	H	L	868	849	190	0	0	93	1907	null_469_L	0.0465	0.644467750393288	0.84373361300472	0.428394931707734
1	471	null_470	H	L	984	758	163	0	0	95	1905	null_470_L	0.0475	0.569028871391076	0.740157480314961	0.416363623838359
1	472	null_471	H	L	843	819	222	0	0	116	1884	null_471_L	0.058	0.670382165605096	0.906050955414013	0.456638707452635
1	473	null_472	L	H	638	966	312	0	0	84	1916	null_472_H	0.042	0.829853862212944	1.15553235908142	0.46687492645168
1	474	null_473	L	H	1406	462	23	0	0	109	1891	null_473_H	0.0545	0.268640930724484	0.292966684294024	0.220798734633507
1	475	null_474	L	H	887	852	169	0	0	92	1908	null_474_H	0.046	0.623689727463312	0.80083857442348	0.411849698280219
1	476	null_475	H	L	1519	360	15	0	0	106	1894	null_475_L	0.053	0.205913410770855	0.221752903907075	0.179352571171788
1	477	null_476	H	L	1066	709	125	0	0	100	1900	null_476_L	0.05	0.504736842105263	0.636315789473684	0.381556509695291
1	478	null_477	H	L	772	885	220	0	0	123	1877	null_477_L	0.0615	0.705913692061801	0.94033031433138	0.442016173691057
1	479	null_478	L	H	1047	750	114	0	0	89	1911	null_478_H	0.0445	0.511773940345369	0.631083202511774	0.369170636495149
1	480	null_479	L	H	1565	314	18	0	0	103	1897	null_479_H	0.0515	0.18450184501845	0.203479177648919	0.169438246833707
1	481	null_480	L	H	862	850	200	0	0	88	1912	null_480_H	0.044	0.653765690376569	0.862970711297071	0.435561133383519
1	482	null_481	H	L	519	968	399	0	0	114	1886	null_481_L	0.057	0.936373276776246	1.35949098621421	0.482696072753526
1	483	null_482	H	L	1100	684	115	0	0	101	1899	null_482_L	0.0505	0.481305950500263	0.602422327540811	0.370766909553849
1	484	null_483	L	H	607	954	331	0	0	108	1892	null_483_H	0.054	0.854122621564482	1.20401691331924	0.474491460651056
1	485	null_484	H	L	804	856	243	0	0	97	1903	null_484_L	0.0485	0.705202312138728	0.960588544403573	0.463278243357765
1	486	null_485	H	L	1520	347	29	0	0	104	1896	null_485_L	0.052	0.213607594936709	0.244198312236287	0.198570107621642
1	487	null_486	L	H	1364	494	31	0	0	111	1889	null_486_H	0.0555	0.29433562731604	0.327157226045527	0.240523764538
1	488	null_487	L	H	1472	388	30	0	0	110	1890	null_487_H	0.055	0.237037037037037	0.268783068783069	0.212596511855771
1	489	null_488	H	L	1573	311	11	0	0	105	1895	null_488_L	0.0525	0.175725593667546	0.187335092348285	0.156455608078473
1	490	null_489	H	L	518	1002	380	0	0	100	1900	null_489_L	0.05	0.927368421052632	1.32736842105263	0.467356232686981
1	491	null_490	L	H	961	790	165	0	0	84	1916	null_490_H	0.042	0.58455114822547	0.75678496868476	0.415084923793045
1	492	null_491	L	H	1075	707	122	0	0	96	1904	null_491_H	0.048	0.499474789915966	0.627626050420168	0.378150984658569
1	493	null_492	L	H	1435	447	33	0	0	85	1915	null_492_H	0.0425	0.267885117493473	0.302349869451697	0.230587433277206
1	494	null_493	L	H	1298	558	45	0	0	99	1901	null_493_H	0.0495	0.340873224618622	0.388216728037875	0.272022172775977
1	495	null_494	H	L	1151	633	99	0	0	117	1883	null_494_L	0.0585	0.441317047265003	0.546468401486989	0.351707665280288
1	496	null_495	L	H	578	942	374	0	0	106	1894	null_495_H	0.053	0.892291446673706	1.28722280887012	0.49103878306306
1	497	null_496	L	H	1238	619	63	0	0	80	1920	null_496_H	0.04	0.388020833333333	0.453645833333333	0.303085666232639
1	498	null_497	H	L	1092	669	146	0	0	93	1907	null_497_L	0.0465	0.503932878867331	0.657052962768747	0.403104616365231
1	499	null_498	H	L	852	826	213	0	0	109	1891	null_498_L	0.0545	0.662083553675304	0.887361184558435	0.449006552511116
1	500	null_499	L	H	933	780	187	0	0	100	1900	null_499_H	0.05	0.607368421052632	0.80421052631579	0.435314127423823
1	501	null_500	H	L	1532	346	21	0	0	101	1899	null_500_L	0.0505	0.204318062137967	0.226434965771459	0.184689095255644
1	502	null_501	H	L	1391	459	51	0	0	99	1901	null_501_L	0.0495	0.295107837980011	0.348763808521831	0.261675172484595
1	503	null_502	L	H	1480	390	30	0	0	100	1900	null_502_H	0.05	0.236842105263158	0.268421052631579	0.212326869806094
1	504	null_503	H	L	1630	254	13	0	0	103	1897	null_503_L	0.0515	0.14760147601476	0.161307327358988	0.139521131637252
1	505	null_504	L	H	737	857	311	0	0	95	1905	null_504_H	0.0475	0.776377952755906	1.10288713910761	0.500124413582161
1	506	null_505	H	L	897	811	197	0	0	95	1905	null_505_L	0.0475	0.63254593175853	0.839370078740157	0.43925572295589
1	507	null_506	H	L	1144	678	89	0	0	89	1911	null_506_L	0.0445	0.447933019361591	0.541077969649398	0.340433979815007
1	508	null_507	H	L	721	855	311	0	0	113	1887	null_507_L	0.0565	0.782723900370959	1.11234764175941	0.499690937547479
1	509	null_508	H	L	1006	758	127	0	0	109	1891	null_508_L	0.0545	0.535166578529878	0.669487043892121	0.383083777116744
1	510	null_509	L	H	1687	204	3	0	0	106	1894	null_509_H	0.053	0.110876451953538	0.114044350580781	0.101750762982976
1	511	null_510	H	L	512	936	455	0	0	97	1903	null_510_L	0.0485	0.970047293746716	1.44823962165003	0.507247869544699
1	512	null_511	L	H	1420	437	47	0	0	96	1904	null_511_H	0.048	0.278886554621849	0.328256302521008	0.250478592172163
1	513	null_512	H	L	1133	672	97	0	0	98	1902	null_512_L	0.049	0.455310199789695	0.557308096740273	0.350000718707741
1	514	null_513	L	H	510	964	411	0	0	115	1885	null_513_H	0.0575	0.947480106100796	1.38355437665783	0.48583582520105
1	515	null_514	H	L	777	887	248	0	0	88	1912	null_514_L	0.044	0.723326359832636	0.982740585774058	0.459539562945327
1	516	null_515	H	L	953	800	147	0	0	100	1900	null_515_L	0.05	0.575789473684211	0.730526315789474	0.398992797783934
1	517	null_516	H	L	658	954	288	0	0	100	1900	null_516_L	0.05	0.805263157894737	1.10842105263158	0.459972299168975
1	518	null_517	H	L	540	970	397	0	0	93	1907	null_517_L	0.0465	0.925013109596224	1.34137388568432	0.485724632759444
1	519	null_518	L	H	854	838	197	0	0	111	1889	null_518_H	0.0555	0.652196929592377	0.860772895712017	0.435412060742293
1	520	null_519	L	H	579	937	383	0	0	101	1899	null_519_H	0.0505	0.896787783043707	1.3001579778831	0.495929650066649
1	521	null_520	L	H	1227	582	85	0	0	106	1894	null_520_H	0.053	0.397043294614572	0.486800422386484	0.32915704458809
1	522	null_521	H	L	1415	456	31	0	0	98	1902	null_521_L	0.049	0.272344900105153	0.304942166140904	0.230770421527619
1	523	null_522	H	L	773	898	235	0	0	94	1906	null_522_L	0.047	0.717733473242392	0.964323189926548	0.44918185131396
1	524	null_523	L	H	1066	698	133	0	0	103	1897	null_523_H	0.0515	0.508170795993674	0.648392198207696	0.390154640306852
1	525	null_524	L	H	1424	441	38	0	0	97	1903	null_524_H	0.0485	0.271676300578035	0.31161324224908	0.237805229953314
1	526	null_525	L	H	1074	690	121	0	0	115	1885	null_525_H	0.0575	0.494429708222812	0.622811671087533	0.378350934714238
1	527	null_526	H	L	733	880	280	0	0	107	1893	null_526_L	0.0535	0.760697305863709	1.05652403592182	0.477863644773513
1	528	null_527	H	L	1467	415	29	0	0	89	1911	null_527_L	0.0445	0.247514390371533	0.277864992150706	0.216601618709715
1	529	null_528	L	H	893	818	184	0	0	105	1895	null_528_H	0.0525	0.625857519788918	0.820052770448549	0.428355135372213
1	530	null_529	H	L	713	886	308	0	0	93	1907	null_529_L	0.0465	0.787624541164132	1.11064499213424	0.490292574290233
1	531	null_530	H	L	1470	407	21	0	0	102	1898	null_530_L	0.051	0.236564805057956	0.258693361433088	0.202730454440979
1	532	null_531	L	H	887	820	191	0	0	102	1898	null_531_H	0.051	0.633298208640674	0.834562697576396	0.433496076508909
1	533	null_532	H	L	1338	504	59	0	0	99	1901	null_532_L	0.0495	0.327196212519727	0.389268805891636	0.282211444404382
1	534	null_533	L	H	856	865	191	0	0	88	1912	null_533_H	0.044	0.652196652719665	0.851987447698745	0.426626973880009
1	535	null_534	H	L	1556	321	28	0	0	95	1905	null_534_L	0.0475	0.197900262467192	0.227296587926509	0.188132074041926
1	536	null_535	L	H	1287	555	56	0	0	102	1898	null_535_H	0.051	0.351422550052687	0.410432033719705	0.286934225034172
1	537	null_536	H	L	712	917	275	0	0	96	1904	null_536_L	0.048	0.770483193277311	1.0593487394958	0.465704388372996
1	538	null_537	H	L	1328	533	47	0	0	92	1908	null_537_L	0.046	0.328616352201258	0.377882599580713	0.269893892646652
1	539	null_538	H	L	1557	329	26	0	0	88	1912	null_538_L	0.044	0.199267782426778	0.226464435146444	0.186756786033158
1	540	null_539	L	H	1454	416	29	0	0	101	1899	null_539_H	0.0505	0.249605055292259	0.280147446024223	0.217844762396772
1	541	null_540	L	H	1433	426	39	0	0	102	1898	null_540_H	0.051	0.265542676501581	0.30663856691254	0.236125653868916
1	542	null_541	H	L	1113	681	85	0	0	121	1879	null_541_L	0.0605	0.45290047897818	0.543374135178286	0.338255291319622
1	543	null_542	H	L	1354	490	50	0	0	106	1894	null_542_L	0.053	0.311510031678986	0.364308342133052	0.267269842296409
1	544	null_543	L	H	670	924	306	0	0	100	1900	null_543_H	0.05	0.808421052631579	1.13052631578947	0.476981717451524
1	545	null_544	L	H	657	928	311	0	0	104	1896	null_544_H	0.052	0.817510548523207	1.14556962025316	0.47724612330645
1	546	null_545	H	L	1194	631	80	0	0	95	1905	null_545_L	0.0475	0.415223097112861	0.499212598425197	0.326802378049201
1	547	null_546	L	H	1210	618	80	0	0	92	1908	null_546_H	0.046	0.407756813417191	0.491614255765199	0.325348636877057
1	548	null_547	L	H	1678	216	8	0	0	98	1902	null_547_H	0.049	0.121976866456362	0.130389064143007	0.115510708192494
1	549	null_548	H	L	880	812	200	0	0	108	1892	null_548_L	0.054	0.640591966173362	0.85200845665962	0.441650389533766
1	550	null_549	L	H	528	939	432	0	0	101	1899	null_549_H	0.0505	0.949447077409163	1.4044233807267	0.502973627925898
1	551	null_550	H	L	805	872	225	0	0	98	1902	null_550_L	0.049	0.695057833859096	0.931650893796004	0.448545501387106
1	552	null_551	L	H	1009	779	113	0	0	99	1901	null_551_H	0.0495	0.528669121514992	0.647553918990005	0.368062878946572
1	553	null_552	H	L	1147	664	97	0	0	92	1908	null_552_L	0.046	0.449685534591195	0.551362683438155	0.349145603417586
1	554	null_553	L	H	1690	209	3	0	0	98	1902	null_553_H	0.049	0.113038906414301	0.116193480546793	0.103415686183452
1	555	null_554	H	L	883	812	171	0	0	134	1866	null_554_L	0.067	0.618435155412647	0.801714898177921	0.419252856727655
1	556	null_555	L	H	757	892	262	0	0	89	1911	null_555_H	0.0445	0.740973312401884	1.01517530088959	0.466133851197767
1	557	null_556	H	L	1286	569	53	0	0	92	1908	null_556_L	0.046	0.35377358490566	0.409329140461216	0.284173391084213
1	558	null_557	H	L	941	779	173	0	0	107	1893	null_557_L	0.0535	0.594294770206022	0.777073428420497	0.423887154526268
1	559	null_558	H	L	740	876	274	0	0	110	1890	null_558_L	0.055	0.753439153439154	1.04338624338624	0.475715685451135
1	560	null_559	H	L	1561	326	18	0	0	95	1905	null_559_L	0.0475	0.19002624671916	0.208923884514436	0.172813910072265
1	561	null_560	L	H	1463	399	28	0	0	110	1890	null_560_H	0.055	0.240740740740741	0.27037037037037	0.21241426611797
1	562	null_561	L	H	1025	734	141	0	0	100	1900	null_561_H	0.05	0.534736842105263	0.683157894736842	0.397214404432133
1	563	null_562	L	H	1293	561	62	0	0	84	1916	null_562_H	0.042	0.357515657620042	0.42223382045929	0.294416375015799
1	564	null_563	H	L	783	897	228	0	0	92	1908	null_563_L	0.046	0.709119496855346	0.94811320754717	0.445262746726791
1	565	null_564	H	L	688	910	316	0	0	86	1914	null_564_L	0.043	0.80564263322884	1.13584117032393	0.48678111784803
1	566	null_565	L	H	1252	580	65	0	0	103	1897	null_565_H	0.0515	0.374275171323142	0.442804428044281	0.302722524175313
1	567	null_566	H	L	1680	198	10	0	0	112	1888	null_566_L	0.056	0.115466101694915	0.126059322033898	0.112726901393278
1	568	null_567	H	L	980	742	164	0	0	114	1886	null_567_L	0.057	0.567338282078473	0.741251325556734	0.419378599244981
1	569	null_568	L	H	587	980	350	0	0	83	1917	null_568_H	0.0415	0.876369327073553	1.2415232133542	0.473500015918848
1	570	null_569	L	H	673	958	266	0	0	103	1897	null_569_H	0.0515	0.785450711649974	1.06589351607802	0.448960695646568
1	571	null_570	H	L	711	902	269	0	0	118	1882	null_570_L	0.059	0.765143464399575	1.05100956429331	0.465565043179922
1	572	null_571	H	L	1282	567	50	0	0	101	1899	null_571_L	0.0505	0.351237493417588	0.403896787783044	0.280529011000773
1	573	null_572	L	H	1414	456	31	0	0	99	1901	null_572_H	0.0495	0.272488164124145	0.305102577590742	0.230852778002995
1	574	null_573	L	H	843	862	198	0	0	97	1903	null_573_H	0.0485	0.661061481870731	0.869153967419863	0.432151684606737
1	575	null_574	H	L	1675	221	5	0	0	99	1901	null_574_L	0.0495	0.121514992109416	0.126775381378222	0.112009488070871
1	576	null_575	L	H	745	893	267	0	0	95	1905	null_575_H	0.0475	0.749081364829396	1.02939632545932	0.468273434324647
1	577	null_576	H	L	1266	558	62	0	0	114	1886	null_576_L	0.057	0.361611876988335	0.427359490986214	0.296596341407187
1	578	null_577	H	L	591	954	356	0	0	99	1901	null_577_L	0.0495	0.876380852183062	1.25092056812204	0.482877170048932
1	579	null_578	L	H	701	924	283	0	0	92	1908	null_578_H	0.046	0.780922431865828	1.07756813417191	0.467728289580669
1	580	null_579	L	H	1536	325	21	0	0	118	1882	null_579_H	0.059	0.195005313496281	0.217321997874602	0.179294925582819
1	581	null_580	H	L	677	889	326	0	0	108	1892	null_580_L	0.054	0.814482029598309	1.15909090909091	0.495709932552329
1	582	null_581	L	H	854	839	220	0	0	87	1913	null_581_H	0.0435	0.668583376894929	0.898588604286461	0.451584872426234
1	583	null_582	L	H	1014	750	136	0	0	100	1900	null_582_H	0.05	0.537894736842105	0.681052631578947	0.39172188365651
1	584	null_583	H	L	1209	593	77	0	0	121	1879	null_583_L	0.0605	0.397551889302821	0.479510377860564	0.321462873172322
1	585	null_584	H	L	543	910	455	0	0	92	1908	null_584_L	0.046	0.953878406708595	1.43081761006289	0.520933595277965
1	586	null_585	H	L	867	791	248	0	0	94	1906	null_585_L	0.047	0.675236096537251	0.935466946484785	0.479523160417921
1	587	null_586	L	H	1583	288	15	0	0	114	1886	null_586_H	0.057	0.168610816542948	0.184517497348887	0.156087889893607
1	588	null_587	H	L	854	855	192	0	0	99	1901	null_587_L	0.0495	0.65176223040505	0.853761178327196	0.428967173344631
1	589	null_588	L	H	966	779	160	0	0	95	1905	null_588_H	0.0475	0.576902887139108	0.74488188976378	0.412064948574342
1	590	null_589	L	H	1425	441	35	0	0	99	1901	null_589_H	0.0495	0.268805891635981	0.305628616517622	0.233372009139408
1	591	null_590	L	H	1420	451	29	0	0	100	1900	null_590_H	0.05	0.267894736842105	0.298421052631579	0.226653462603878
1	592	null_591	H	L	711	924	272	0	0	93	1907	null_591_L	0.0465	0.769795490298899	1.05506030414263	0.46247520725811
1	593	null_592	H	L	1182	636	85	0	0	97	1903	null_592_L	0.0485	0.423541776142932	0.512874408828166	0.333486772689856
1	594	null_593	H	L	1124	685	87	0	0	104	1896	null_593_L	0.052	0.453059071729958	0.544831223628692	0.339568701151881
1	595	null_594	H	L	968	785	132	0	0	115	1885	null_594_L	0.0575	0.556498673740053	0.696551724137931	0.386860950263493
1	596	null_595	L	H	1381	481	39	0	0	99	1901	null_595_H	0.0495	0.294055760126249	0.335086796422935	0.248618006359509
1	597	null_596	H	L	1647	244	10	0	0	99	1901	null_596_L	0.0495	0.138874276696476	0.149395055234087	0.130108990506118
1	598	null_597	L	H	1187	620	84	0	0	109	1891	null_597_H	0.0545	0.416710735060814	0.505552617662612	0.331904780947688
1	599	null_598	H	L	787	848	248	0	0	117	1883	null_598_L	0.0585	0.713754646840149	0.97716409984068	0.467718403954774
1	600	null_599	H	L	837	826	238	0	0	99	1901	null_599_L	0.0495	0.684902682798527	0.935297211993688	0.466205527089068
1	601	null_600	L	H	1429	444	32	0	0	95	1905	null_600_H	0.0475	0.266666666666667	0.300262467191601	0.22915135608049
1	602	null_601	L	H	831	852	213	0	0	104	1896	null_601_H	0.052	0.674050632911392	0.89873417721519	0.444389921486941
1	603	null_602	L	H	486	942	475	0	0	97	1903	null_602_H	0.0485	0.994219653179191	1.49343142406726	0.504958705299512
1	604	null_603	L	H	791	890	228	0	0	91	1909	null_603_H	0.0455	0.705081194342588	0.943949711891042	0.446810221275472
1	605	null_604	H	L	693	917	290	0	0	100	1900	null_604_L	0.05	0.787894736842105	1.09315789473684	0.472379778393352
1	606	null_605	H	L	908	813	187	0	0	92	1908	null_605_L	0.046	0.622117400419287	0.818134171907757	0.431104112003305
1	607	null_606	H	L	597	941	350	0	0	112	1888	null_606_L	0.056	0.869173728813559	1.23993644067797	0.484473469818299
1	608	null_607	L	H	557	897	437	0	0	109	1891	null_607_H	0.0545	0.936541512427287	1.39873083024855	0.521620825748955
1	609	null_608	H	L	1684	200	9	0	0	107	1893	null_608_L	0.0535	0.115161119915478	0.124669836238774	0.111407752698587
1	610	null_609	L	H	1219	601	78	0	0	102	1898	null_609_H	0.051	0.398840885142255	0.481032665964173	0.321958614303115
1	611	null_610	H	L	1034	733	128	0	0	105	1895	null_610_L	0.0525	0.521899736147757	0.656992084432718	0.384612749841619
1	612	null_611	L	H	688	883	335	0	0	94	1906	null_611_H	0.047	0.814795383001049	1.16631689401889	0.502425377859061
1	613	null_612	L	H	694	914	281	0	0	111	1889	null_612_H	0.0555	0.781365802011646	1.0788777130757	0.468345196522398
1	614	null_613	L	H	920	794	186	0	0	100	1900	null_613_H	0.05	0.613684210526316	0.809473684210526	0.432865373961219
1	615	null_614	H	L	688	915	296	0	0	101	1899	null_614_L	0.0505	0.793575566087414	1.10531858873091	0.475556409639951
1	616	null_615	L	H	581	922	389	0	0	108	1892	null_615_H	0.054	0.898520084566596	1.30972515856237	0.502386816192805
1	617	null_616	H	L	1029	758	117	0	0	96	1904	null_616_L	0.048	0.521008403361345	0.64390756302521	0.372457806652073
1	618	null_617	L	H	1365	480	46	0	0	109	1891	null_617_H	0.0545	0.302485457429931	0.351136964569011	0.259639512612416
1	619	null_618	L	H	545	944	416	0	0	95	1905	null_618_H	0.0475	0.932283464566929	1.36902887139108	0.49987641308616
1	620	null_619	H	L	1086	697	116	0	0	101	1899	null_619_L	0.0505	0.489204844655082	0.611374407582938	0.372053027548936
1	621	null_620	H	L	1574	290	14	0	0	122	1878	null_620_L	0.061	0.169329073482428	0.184238551650692	0.155566216524275
1	622	null_621	H	L	1669	227	9	0	0	95	1905	null_621_L	0.0475	0.128608923884514	0.138057742782152	0.121517487479419
1	623	null_622	H	L	1137	681	91	0	0	91	1909	null_622_L	0.0455	0.452069146149817	0.547407019381875	0.343040506481251
1	624	null_623	H	L	488	965	461	0	0	86	1914	null_623_L	0.043	0.9858934169279	1.46760710553814	0.495621275996371
1	625	null_624	L	H	586	924	378	0	0	112	1888	null_624_H	0.056	0.889830508474576	1.29025423728814	0.498455903476013
1	626	null_625	L	H	522	969	415	0	0	94	1906	null_625_H	0.047	0.94386149003148	1.37932843651626	0.48845392415182
1	627	null_626	L	H	722	906	261	0	0	111	1889	null_626_H	0.0555	0.755955532027528	1.03229221810482	0.460823451701795
1	628	null_627	L	H	576	939	378	0	0	107	1893	null_627_H	0.0535	0.89540412044374	1.29477020602219	0.493021667114559
1	629	null_628	L	H	1298	553	47	0	0	102	1898	null_628_H	0.051	0.340885142255005	0.39041095890411	0.274208278693894
1	630	null_629	H	L	1690	208	6	0	0	96	1904	null_629_L	0.048	0.115546218487395	0.121848739495798	0.108497810889062
1	631	null_630	L	H	1278	537	74	0	0	111	1889	null_630_H	0.0555	0.362625727898359	0.440974060349391	0.309476641815577
1	632	null_631	L	H	1572	295	19	0	0	114	1886	null_631_H	0.057	0.176564156945917	0.196712619300106	0.165537717782084
1	633	null_632	L	H	1411	442	39	0	0	108	1892	null_632_H	0.054	0.274841437632135	0.316067653276956	0.240529837437257
1	634	null_633	L	H	1390	470	52	0	0	88	1912	null_633_H	0.044	0.300209205020921	0.354602510460251	0.264476943680958
1	635	null_634	H	L	1157	645	89	0	0	109	1891	null_634_L	0.0545	0.435219460602856	0.52934955050238	0.339933571614939
1	636	null_635	H	L	736	904	267	0	0	93	1907	null_635_L	0.0465	0.754063974829575	1.03408495018353	0.465472472047756
1	637	null_636	L	H	567	924	411	0	0	98	1902	null_636_H	0.049	0.917981072555205	1.35015772870662	0.50746847913702
1	638	null_637	L	H	1389	465	36	0	0	110	1890	null_637_H	0.055	0.284126984126984	0.322222222222222	0.241494079113127
1	639	null_638	L	H	523	962	421	0	0	94	1906	null_638_H	0.047	0.946484784889822	1.38824763903463	0.492414191006696
1	640	null_639	L	H	1256	559	69	0	0	116	1884	null_639_H	0.058	0.369957537154989	0.443205944798302	0.306337365500516
1	641	null_640	H	L	799	869	237	0	0	95	1905	null_640_L	0.0475	0.70498687664042	0.953805774278215	0.456799278043001
1	642	null_641	H	L	1263	551	69	0	0	117	1883	null_641_L	0.0585	0.365905469994689	0.43919277748274	0.305305964510706
1	643	null_642	L	H	749	897	270	0	0	84	1916	null_642_H	0.042	0.75	1.03183716075157	0.469337160751566
1	644	null_643	H	L	631	927	354	0	0	88	1912	null_643_L	0.044	0.855125523012552	1.22541841004184	0.49417874993435
1	645	null_644	L	H	673	930	307	0	0	90	1910	null_644_H	0.045	0.808376963350785	1.12984293193717	0.476369617060936
1	646	null_645	H	L	1518	345	15	0	0	122	1878	null_645_L	0.061	0.199680511182109	0.215654952076677	0.175782645530729
1	647	null_646	H	L	818	857	224	0	0	101	1899	null_646_L	0.0505	0.687203791469194	0.923117430226435	0.450868379216799
1	648	null_647	H	L	669	912	327	0	0	92	1908	null_647_L	0.046	0.820754716981132	1.16352201257862	0.489883707131838
1	649	null_648	H	L	1613	272	8	0	0	107	1893	null_648_L	0.0535	0.152139461172742	0.160591653460116	0.137445237814184
1	650	null_649	H	L	1597	290	13	0	0	100	1900	null_649_L	0.05	0.166315789473684	0.18	0.152339058171745
1	651	null_650	L	H	535	940	416	0	0	109	1891	null_650_H	0.0545	0.93707033315706	1.37704918032787	0.498948371044786
1	652	null_651	H	L	1264	572	64	0	0	100	1900	null_651_L	0.05	0.368421052631579	0.435789473684211	0.30005540166205
1	653	null_652	H	L	966	784	155	0	0	95	1905	null_652_L	0.0475	0.574278215223097	0.737007874015748	0.407212405535922
1	654	null_653	L	H	1002	765	138	0	0	95	1905	null_653_H	0.0475	0.546456692913386	0.691338582677165	0.392723665447331
1	655	null_654	H	L	669	882	351	0	0	98	1902	null_654_L	0.049	0.832807570977918	1.2018927444795	0.508324294201355
1	656	null_655	L	H	590	921	386	0	0	103	1897	null_655_H	0.0515	0.892461781760675	1.29942013705851	0.502932105155075
1	657	null_656	H	L	1126	669	109	0	0	96	1904	null_656_L	0.048	0.465861344537815	0.580357142857143	0.363330350522562
1	658	null_657	L	H	619	918	352	0	0	111	1889	null_657_H	0.0555	0.85865537321334	1.23133933298041	0.494050283032272
1	659	null_658	H	L	1013	708	163	0	0	116	1884	null_658_L	0.058	0.548832271762208	0.721868365180467	0.420651502652801
1	660	null_659	L	H	1534	359	13	0	0	94	1906	null_659_H	0.047	0.20199370409234	0.215634837355719	0.174833380862775
1	661	null_660	H	L	1602	295	11	0	0	92	1908	null_660_L	0.046	0.166142557651992	0.177672955974843	0.150069606511697
1	662	null_661	L	H	895	810	183	0	0	112	1888	null_661_H	0.056	0.622881355932203	0.816737288135593	0.428756104567653
1	663	null_662	L	H	613	934	361	0	0	92	1908	null_662_H	0.046	0.867924528301887	1.24633123689727	0.493038250069222
1	664	null_663	H	L	530	977	411	0	0	82	1918	null_663_L	0.041	0.937956204379562	1.36652763295099	0.486765791616876
1	665	null_664	H	L	837	837	231	0	0	95	1905	null_664_L	0.0475	0.681889763779528	0.924409448818898	0.459435798871598
1	666	null_665	L	H	881	848	161	0	0	110	1890	null_665_H	0.055	0.619047619047619	0.78941798941799	0.406198034769463
1	667	null_666	L	H	891	833	186	0	0	90	1910	null_666_H	0.045	0.630890052356021	0.82565445026178	0.427632192099997
1	668	null_667	H	L	677	914	318	0	0	91	1909	null_667_L	0.0455	0.811943425877423	1.14510214772132	0.485850020895754
1	669	null_668	H	L	1382	461	41	0	0	116	1884	null_668_L	0.058	0.288216560509554	0.331740976645435	0.248672190893478
1	670	null_669	H	L	1041	744	123	0	0	92	1908	null_669_L	0.046	0.518867924528302	0.647798742138365	0.378574819034057
1	671	null_670	L	H	998	750	161	0	0	91	1909	null_670_H	0.0455	0.561550550026192	0.730225248821372	0.414886228586654
1	672	null_671	L	H	719	891	295	0	0	95	1905	null_671_H	0.0475	0.77742782152231	1.08713910761155	0.482745089934624
1	673	null_672	H	L	1614	256	11	0	0	119	1881	null_672_L	0.0595	0.147793726741095	0.159489633173844	0.137646647509822
1	674	null_673	H	L	1092	672	115	0	0	121	1879	null_673_L	0.0605	0.480042575838212	0.602448110697179	0.372007236079794
1	675	null_674	H	L	1102	683	100	0	0	115	1885	null_674_L	0.0575	0.4684350132626	0.574535809018568	0.355104447368236
1	676	null_675	H	L	1590	302	15	0	0	93	1907	null_675_L	0.0465	0.174095437860514	0.189826953329837	0.159517731845993
1	677	null_676	L	H	1163	674	69	0	0	94	1906	null_676_H	0.047	0.426023084994753	0.498426023084995	0.316930354136548
1	678	null_677	L	H	518	971	404	0	0	107	1893	null_677_H	0.0535	0.939778129952457	1.36661384046487	0.483430906927935
1	679	null_678	L	H	656	872	357	0	0	115	1885	null_678_H	0.0575	0.841379310344828	1.22015915119363	0.512240007317296
1	680	null_679	L	H	1303	520	60	0	0	117	1883	null_679_H	0.0585	0.339883165161976	0.403611258629846	0.288090692669323
1	681	null_680	L	H	1030	743	132	0	0	95	1905	null_680_H	0.0475	0.528608923884514	0.667191601049869	0.387764206639524
1	682	null_681	H	L	565	905	435	0	0	95	1905	null_681_L	0.0475	0.931758530183727	1.38845144356955	0.520277484999415
1	683	null_682	L	H	1539	352	27	0	0	82	1918	null_682_H	0.041	0.211678832116788	0.239833159541189	0.195025231574861
1	684	null_683	L	H	1349	488	50	0	0	113	1887	null_683_H	0.0565	0.311605723370429	0.364599894011659	0.26750176717445
1	685	null_684	L	H	538	966	410	0	0	86	1914	null_684_H	0.043	0.93312434691745	1.36154649947753	0.490825452667416
1	686	null_685	L	H	1420	459	29	0	0	92	1908	null_685_H	0.046	0.270964360587002	0.301362683438155	0.227940998729832
1	687	null_686	L	H	1569	324	16	0	0	91	1909	null_686_H	0.0455	0.186485070717653	0.20324777370351	0.168471092102942
1	688	null_687	L	H	513	926	461	0	0	100	1900	null_687_H	0.05	0.972631578947368	1.45789473684211	0.511882548476454
1	689	null_688	L	H	861	815	208	0	0	116	1884	null_688_H	0.058	0.653397027600849	0.874203821656051	0.447276145978426
1	690	null_689	L	H	664	942	302	0	0	92	1908	null_689_H	0.046	0.810272536687631	1.12683438155136	0.470292797841154
1	691	null_690	H	L	1030	733	127	0	0	110	1890	null_690_L	0.055	0.522222222222222	0.656613756613757	0.383897707231041
1	692	null_691	H	L	1192	639	84	0	0	85	1915	null_691_L	0.0425	0.421409921671018	0.509138381201044	0.331552059118271
1	693	null_692	L	H	594	979	348	0	0	79	1921	null_692_H	0.0395	0.871941697032795	1.23425299323269	0.47397067020826
1	694	null_693	H	L	888	849	168	0	0	95	1905	null_693_L	0.0475	0.622047244094488	0.798425196850394	0.411482422964846
1	695	null_694	H	L	1006	773	133	0	0	88	1912	null_694_L	0.044	0.543410041841004	0.682531380753138	0.387236907179496
1	696	null_695	L	H	1303	544	56	0	0	97	1903	null_695_H	0.0485	0.344718864950079	0.403573305307409	0.284742209454939
1	697	null_696	H	L	472	978	457	0	0	93	1907	null_696_L	0.0465	0.992134242265338	1.47142108023073	0.487090725555312
1	698	null_697	H	L	614	920	379	0	0	87	1913	null_697_L	0.0435	0.877156299006796	1.27339257710403	0.503989404216726
1	699	null_698	L	H	1525	356	15	0	0	104	1896	null_698_H	0.052	0.203586497890295	0.219409282700422	0.177961820577187
1	700	null_699	H	L	1118	675	103	0	0	104	1896	null_699_L	0.052	0.464662447257384	0.57331223628692	0.357401046395699
1	701	null_700	L	H	607	876	410	0	0	107	1893	null_700_H	0.0535	0.895932382461701	1.32910723718965	0.526412403246146
1	702	null_701	L	H	1170	642	92	0	0	96	1904	null_701_H	0.048	0.433823529411765	0.53046218487395	0.342259330202669
1	703	null_702	H	L	485	952	459	0	0	104	1896	null_702_L	0.052	0.986286919831224	1.4704641350211	0.497702246790935
1	704	null_703	H	L	814	848	254	0	0	84	1916	null_703_L	0.042	0.707724425887265	0.97286012526096	0.471986262263501
1	705	null_704	H	L	1094	675	128	0	0	103	1897	null_704_L	0.0515	0.490774907749078	0.625724828676858	0.384864818600743
1	706	null_705	H	L	1007	766	136	0	0	91	1909	null_705_L	0.0455	0.543740178103719	0.686223153483499	0.390569772199235
1	707	null_706	H	L	588	952	363	0	0	97	1903	null_706_L	0.0485	0.88176563321072	1.26326852338413	0.485757891472629
1	708	null_707	H	L	1581	292	12	0	0	115	1885	null_707_L	0.0575	0.16763925729443	0.180371352785146	0.152268432198918
1	709	null_708	L	H	1590	294	19	0	0	97	1903	null_708_H	0.0485	0.174461376773516	0.194429847609038	0.163993075623328
1	710	null_709	L	H	1140	663	108	0	0	89	1911	null_709_H	0.0445	0.459968602825746	0.572998430141287	0.361427314555819
1	711	null_710	L	H	960	787	155	0	0	98	1902	null_710_H	0.049	0.576761303890641	0.739747634069401	0.407094032403768
1	712	null_711	H	L	1438	445	23	0	0	94	1906	null_711_L	0.047	0.257607555089192	0.281741867785939	0.215380215346908
1	713	null_712	H	L	800	856	231	0	0	113	1887	null_712_L	0.0565	0.698463169051404	0.943296237413884	0.455445438892554
1	714	null_713	H	L	1279	576	62	0	0	83	1917	null_713_L	0.0415	0.365153886280647	0.429838288993219	0.296500928327359
1	715	null_714	H	L	1303	531	66	0	0	100	1900	null_714_L	0.05	0.348947368421053	0.418421052631579	0.296656786703601
1	716	null_715	H	L	533	948	440	0	0	79	1921	null_715_L	0.0395	0.951587714731911	1.40968245705362	0.504163278224918
1	717	null_716	H	L	530	933	441	0	0	96	1904	null_716_L	0.048	0.953256302521008	1.41649159663866	0.507794018342631
1	718	null_717	L	H	1632	261	10	0	0	97	1903	null_717_H	0.0485	0.147661586967945	0.158171308460326	0.136367364194434
1	719	null_718	L	H	1000	741	147	0	0	112	1888	null_718_H	0.056	0.548199152542373	0.703919491525424	0.403397180677248
1	720	null_719	L	H	1653	233	11	0	0	103	1897	null_719_H	0.0515	0.134422772799157	0.146020031628888	0.127950549781874
1	721	null_720	L	H	835	847	212	0	0	106	1894	null_720_H	0.053	0.671066525871172	0.89493136219641	0.444601080051605
1	722	null_721	L	H	777	859	249	0	0	115	1885	null_721_H	0.0575	0.719893899204244	0.984084880636605	0.465837654525115
1	723	null_722	L	H	573	953	357	0	0	117	1883	null_722_H	0.0585	0.885289431757833	1.26447158789166	0.480734209909555
1	724	null_723	L	H	641	926	322	0	0	111	1889	null_723_H	0.0555	0.831127580730545	1.17204870301747	0.481275647566461
1	725	null_724	L	H	1511	370	23	0	0	96	1904	null_724_H	0.048	0.218487394957983	0.242647058823529	0.194910317068004
1	726	null_725	H	L	1201	597	100	0	0	102	1898	null_725_L	0.051	0.419915700737619	0.525289778714436	0.348960582988471
1	727	null_726	H	L	501	977	437	0	0	85	1915	null_726_L	0.0425	0.966579634464752	1.42297650130548	0.48870031154347
1	728	null_727	H	L	995	753	159	0	0	93	1907	null_727_L	0.0465	0.561615102254851	0.72836916622968	0.412957643148954
1	729	null_728	L	H	1162	626	107	0	0	105	1895	null_728_H	0.0525	0.443271767810026	0.556200527704486	0.35971066756706
1	730	null_729	L	H	739	897	270	0	0	94	1906	null_729_H	0.047	0.753934942287513	1.03725078698846	0.468832889786382
1	731	null_730	L	H	1330	529	46	0	0	95	1905	null_730_H	0.0475	0.325984251968504	0.374278215223097	0.268012482691632
1	732	null_731	L	H	802	861	240	0	0	97	1903	null_731_H	0.0485	0.704676826064109	0.95691014188124	0.460340712689453
1	733	null_732	H	L	885	861	172	0	0	82	1918	null_732_L	0.041	0.628258602711157	0.807612095933264	0.412903224052688
1	734	null_733	L	H	573	897	424	0	0	106	1894	null_733_H	0.053	0.921330517423442	1.36906019007392	0.52021026773817
1	735	null_734	H	L	533	936	425	0	0	106	1894	null_734_L	0.053	0.942977824709609	1.39176346356917	0.502556285675099
1	736	null_735	H	L	1044	732	132	0	0	92	1908	null_735_L	0.046	0.522012578616352	0.660377358490566	0.387880226256873
1	737	null_736	H	L	870	825	207	0	0	98	1902	null_736_L	0.049	0.651419558359621	0.869085173501577	0.444737732488133
1	738	null_737	H	L	512	960	434	0	0	94	1906	null_737_L	0.047	0.959076600209864	1.41448058761805	0.494652662547938
1	739	null_738	L	H	648	937	324	0	0	91	1909	null_738_H	0.0455	0.830277632268203	1.1697223677318	0.480361421086903
1	740	null_739	H	L	1605	297	10	0	0	88	1912	null_739_L	0.044	0.165794979079498	0.176255230125523	0.148767255037552
1	741	null_740	L	H	685	890	331	0	0	94	1906	null_740_H	0.047	0.814270724029381	1.16159496327387	0.49855815126254
1	742	null_741	L	H	1348	504	50	0	0	98	1902	null_741_H	0.049	0.317560462670873	0.370136698212408	0.269292050760669
1	743	null_742	L	H	666	917	333	0	0	84	1916	null_742_H	0.042	0.826200417536535	1.17379958246347	0.491192452525922
1	744	null_743	L	H	1294	545	71	0	0	90	1910	null_743_H	0.045	0.359685863874346	0.434031413612565	0.304657492941531
1	745	null_744	L	H	485	953	464	0	0	98	1902	null_744_H	0.049	0.988958990536278	1.47686645636172	0.498826571399191
1	746	null_745	L	H	1319	531	57	0	0	93	1907	null_745_H	0.0465	0.338227582590456	0.398007341373886	0.283609443748902
1	747	null_746	L	H	1661	231	11	0	0	97	1903	null_746_H	0.0485	0.132947976878613	0.144508670520231	0.126833505964115
1	748	null_747	H	L	526	909	456	0	0	109	1891	null_747_L	0.0545	0.962982548915918	1.44526705446854	0.517931664951938
1	749	null_748	H	L	1019	750	134	0	0	97	1903	null_748_L	0.0485	0.534944823962165	0.675775091960063	0.389609127276151
1	750	null_749	H	L	1219	608	80	0	0	93	1907	null_749_L	0.0465	0.402726796014683	0.486628211851075	0.324439339622823
1	751	null_750	L	H	1546	324	20	0	0	110	1890	null_750_H	0.055	0.192592592592593	0.213756613756614	0.176664707035077
1	752	null_751	L	H	1106	683	103	0	0	108	1892	null_751_H	0.054	0.469873150105708	0.578752642706131	0.35797186551587
1	753	null_752	H	L	1152	675	83	0	0	90	1910	null_752_L	0.045	0.440314136125654	0.527225130890052	0.333348592417971
1	754	null_753	H	L	843	816	235	0	0	106	1894	null_753_L	0.053	0.678986272439282	0.92713833157339	0.466115973412399
1	755	null_754	L	H	682	931	295	0	0	92	1908	null_754_H	0.046	0.797169811320755	1.10639412997904	0.470914421897868
1	756	null_755	L	H	1471	409	19	0	0	101	1899	null_755_H	0.0505	0.235387045813586	0.255397577672459	0.199990516335612
1	757	null_756	L	H	1333	541	34	0	0	92	1908	null_756_H	0.046	0.319182389937107	0.354821802935011	0.252944404889047
1	758	null_757	H	L	875	844	172	0	0	109	1891	null_757_L	0.0545	0.628239026969857	0.810153358011634	0.415469083003601
1	759	null_758	H	L	723	898	301	0	0	78	1922	null_758_L	0.039	0.780437044745057	1.09365244536941	0.484570464559008
1	760	null_759	H	L	833	842	227	0	0	98	1902	null_759_L	0.049	0.681388012618297	0.920084121976867	0.455794498236955
1	761	null_760	L	H	645	897	343	0	0	115	1885	null_760_H	0.0575	0.839787798408488	1.20371352785146	0.498469981495683
1	762	null_761	H	L	1351	493	53	0	0	103	1897	null_761_L	0.0515	0.315761729045862	0.371639430680021	0.271933961149989
1	763	null_762	L	H	926	809	179	0	0	86	1914	null_762_H	0.043	0.609717868338558	0.796760710553814	0.425004831582499
1	764	null_763	H	L	1590	282	5	0	0	123	1877	null_763_L	0.0615	0.155567394778903	0.160895045285029	0.136693830966734
1	765	null_764	L	H	707	906	278	0	0	109	1891	null_764_H	0.0545	0.773135906927552	1.06716023268112	0.469421102100434
1	766	null_765	L	H	883	811	197	0	0	109	1891	null_765_H	0.0545	0.637228979375992	0.845584346906399	0.439523574749831
1	767	null_766	H	L	1551	331	23	0	0	95	1905	null_766_L	0.0475	0.197900262467192	0.222047244094488	0.182882730209905
1	768	null_767	H	L	1583	292	22	0	0	103	1897	null_767_L	0.0515	0.177121771217712	0.200316288877174	0.168944167037875
1	769	null_768	L	H	563	921	400	0	0	116	1884	null_768_H	0.058	0.91348195329087	1.33811040339703	0.503661124408924
1	770	null_769	H	L	1333	512	64	0	0	91	1909	null_769_L	0.0455	0.335254059717129	0.402304871660555	0.289909587103739
1	771	null_770	L	H	566	968	346	0	0	120	1880	null_770_H	0.06	0.882978723404255	1.25106382978723	0.471412403802626
1	772	null_771	L	H	746	879	278	0	0	97	1903	null_771_H	0.0485	0.754072517078298	1.04624277456647	0.477617413553675
1	773	null_772	H	L	1565	331	15	0	0	89	1911	null_772_L	0.0445	0.188906331763475	0.204604918890633	0.168919316710301
1	774	null_773	H	L	1676	221	10	0	0	93	1907	null_773_L	0.0465	0.126376507603566	0.136864184583115	0.120893162909041
1	775	null_774	H	L	1207	624	65	0	0	104	1896	null_774_L	0.052	0.397679324894515	0.466244725738397	0.30809588028984
1	776	null_775	H	L	1173	632	89	0	0	106	1894	null_775_L	0.053	0.42766631467793	0.521647307286167	0.338748830575964
1	777	null_776	H	L	663	879	335	0	0	123	1877	null_776_L	0.0615	0.825253063399041	1.18220564730954	0.501163028660035
1	778	null_777	H	L	498	967	442	0	0	93	1907	null_777_L	0.0465	0.970634504457263	1.43418982695333	0.492058485710334
1	779	null_778	L	H	971	795	133	0	0	101	1899	null_778_H	0.0505	0.558715113217483	0.698788836229595	0.38662625849197
1	780	null_779	L	H	762	888	238	0	0	112	1888	null_779_H	0.056	0.722457627118644	0.974576271186441	0.452631248204539
1	781	null_780	L	H	780	850	266	0	0	104	1896	null_780_H	0.052	0.728902953586498	1.00949367088608	0.478194155138956
1	782	null_781	H	L	513	958	432	0	0	97	1903	null_781_L	0.0485	0.957435627955859	1.41145559642669	0.494772614747464
1	783	null_782	L	H	1270	565	59	0	0	106	1894	null_782_H	0.053	0.360612460401267	0.422914466737064	0.292873120140409
1	784	null_783	H	L	673	913	306	0	0	108	1892	null_783_L	0.054	0.806025369978858	1.12949260042283	0.479815703373278
1	785	null_784	L	H	1554	331	14	0	0	101	1899	null_784_H	0.0505	0.189046866771985	0.203791469194313	0.168052751358008
1	786	null_785	H	L	1354	510	42	0	0	94	1906	null_785_L	0.047	0.311647429171039	0.355718782791186	0.258594662682268
1	787	null_786	H	L	937	773	185	0	0	105	1895	null_786_L	0.0525	0.603166226912929	0.798416886543536	0.434607389255157
1	788	null_787	H	L	798	893	240	0	0	69	1931	null_787_L	0.0345	0.711030554117038	0.959606421543242	0.45404197265526
1	789	null_788	H	L	1369	495	32	0	0	104	1896	null_788_L	0.052	0.294831223628692	0.328586497890295	0.241661047463904
1	790	null_789	H	L	1548	337	25	0	0	90	1910	null_789_L	0.045	0.20261780104712	0.228795811518325	0.187741838217154
1	791	null_790	H	L	792	873	230	0	0	105	1895	null_790_L	0.0525	0.703430079155673	0.946174142480211	0.451360266219255
1	792	null_791	L	H	1153	657	87	0	0	103	1897	null_791_H	0.0515	0.438060094886663	0.529783869267264	0.337887222535152
1	793	null_792	H	L	1476	377	34	0	0	113	1887	null_792_L	0.0565	0.235824059353471	0.271860095389507	0.216247108419558
1	794	null_793	L	H	1130	670	92	0	0	108	1892	null_793_H	0.054	0.451374207188161	0.548625792811839	0.344887117897099
1	795	null_794	L	H	1270	578	55	0	0	97	1903	null_794_H	0.0485	0.361534419337888	0.41933788754598	0.288630751179997
1	796	null_795	L	H	1057	736	117	0	0	90	1910	null_795_H	0.045	0.507853403141361	0.630366492146597	0.372451413064335
1	797	null_796	L	H	612	937	364	0	0	87	1913	null_796_H	0.0435	0.870360690015682	1.25091479351803	0.49338706279346
1	798	null_797	H	L	731	913	280	0	0	76	1924	null_797_L	0.038	0.765592515592516	1.05665280665281	0.47052090672153
1	799	null_798	H	L	677	924	293	0	0	106	1894	null_798_L	0.053	0.797254487856389	1.10665258711721	0.47103786871006
1	800	null_799	L	H	827	861	216	0	0	96	1904	null_799_H	0.048	0.679096638655462	0.905987394957983	0.444815150324836
1	801	null_800	H	L	1059	706	135	0	0	100	1900	null_800_L	0.05	0.513684210526316	0.655789473684211	0.391918005540166
1	802	null_801	L	H	813	856	234	0	0	97	1903	null_801_H	0.0485	0.695743562795586	0.941671045717289	0.457611940545793
1	803	null_802	L	H	1569	327	14	0	0	90	1910	null_802_H	0.045	0.18586387434555	0.200523560209424	0.165978180422686
1	804	null_803	H	L	848	831	223	0	0	98	1902	null_803_L	0.049	0.671398527865405	0.905888538380652	0.455112555160819
1	805	null_804	L	H	990	750	133	0	0	127	1873	null_804_H	0.0635	0.542445274959957	0.684463427656167	0.390216551329783
1	806	null_805	H	L	1061	725	115	0	0	99	1901	null_805_L	0.0495	0.502367175170963	0.623356128353498	0.370983349664246
1	807	null_806	H	L	1142	652	99	0	0	107	1893	null_806_L	0.0535	0.449022715266772	0.553618594823032	0.351997195997487
1	808	null_807	L	H	608	937	366	0	0	89	1911	null_807_H	0.0445	0.873364730507588	1.25641025641026	0.493644303915665
1	809	null_808	H	L	497	965	441	0	0	97	1903	null_808_L	0.0485	0.970572779821335	1.43405149763531	0.4920399767052
1	810	null_809	L	H	576	963	365	0	0	96	1904	null_809_H	0.048	0.889180672268908	1.27258403361345	0.481941765676859
1	811	null_810	H	L	1370	489	35	0	0	106	1894	null_810_L	0.053	0.295142555438226	0.332101372756072	0.244992244725466
1	812	null_811	L	H	751	893	257	0	0	99	1901	null_811_H	0.0495	0.740136770120989	1.01052077853761	0.462718340052482
1	813	null_812	H	L	1209	614	68	0	0	109	1891	null_812_L	0.0545	0.396615547329455	0.46853516657853	0.311231274195086
1	814	null_813	L	H	886	792	193	0	0	129	1871	null_813_H	0.0645	0.629609834313202	0.835916622127205	0.439508078663308
1	815	null_814	H	L	1726	181	8	0	0	85	1915	null_814_L	0.0425	0.102872062663185	0.111227154046997	0.100644492770419
1	816	null_815	L	H	1225	614	71	0	0	90	1910	null_815_H	0.045	0.395811518324607	0.470157068062827	0.313490310024396
1	817	null_816	L	H	1523	357	18	0	0	102	1898	null_816_H	0.051	0.207060063224447	0.226027397260274	0.183153527477762
1	818	null_817	L	H	1681	194	6	0	0	119	1881	null_817_H	0.0595	0.109516214779373	0.115895800106326	0.103901998806725
1	819	null_818	H	L	1374	470	39	0	0	117	1883	null_818_L	0.0585	0.291024960169942	0.332448220924057	0.247752693482141
1	820	null_819	L	H	548	984	370	0	0	98	1902	null_819_H	0.049	0.906414300736067	1.29547844374343	0.473891559164574
1	821	null_820	H	L	749	882	264	0	0	105	1895	null_820_L	0.0525	0.744063324538259	1.02269129287599	0.469061061953064
1	822	null_821	H	L	1364	491	49	0	0	96	1904	null_821_L	0.048	0.309348739495798	0.360819327731092	0.265122685103453
1	823	null_822	L	H	1003	756	148	0	0	93	1907	null_822_H	0.0465	0.551651809124279	0.706869428421605	0.402549709911515
1	824	null_823	H	L	1212	605	69	0	0	114	1886	null_823_L	0.057	0.393955461293743	0.467126193001061	0.311925287517894
1	825	null_824	H	L	988	771	134	0	0	107	1893	null_824_L	0.0535	0.548864236661384	0.690438457474908	0.389186507189024
1	826	null_825	H	L	719	925	264	0	0	92	1908	null_825_L	0.046	0.761530398322851	1.03825995807128	0.458331410501518
1	827	null_826	H	L	1569	327	22	0	0	82	1918	null_826_L	0.041	0.193430656934307	0.216371220020855	0.178955800978818
1	828	null_827	H	L	965	771	147	0	0	117	1883	null_827_L	0.0585	0.56558682952735	0.721720658523633	0.401832196788833
1	829	null_828	H	L	1076	703	124	0	0	97	1903	null_828_L	0.0485	0.499737256962691	0.630057803468208	0.380320477471614
1	830	null_829	L	H	985	783	146	0	0	86	1914	null_829_H	0.043	0.561650992685475	0.714211076280042	0.398759238695462
1	831	null_830	H	L	516	939	423	0	0	122	1878	null_830_L	0.061	0.950479233226837	1.40095846645367	0.497547693658198
1	832	null_831	L	H	1370	489	31	0	0	110	1890	null_831_H	0.055	0.291534391534392	0.324338624338624	0.239346322891296
1	833	null_832	L	H	742	898	261	0	0	99	1901	null_832_H	0.0495	0.746975276170437	1.0215675960021	0.463595532792204
1	834	null_833	H	L	1344	519	38	0	0	99	1901	null_833_L	0.0495	0.312993161493951	0.352972119936875	0.255007400794897
1	835	null_834	H	L	1161	643	99	0	0	97	1903	null_834_L	0.0485	0.441933788754598	0.545980031529165	0.350674557886171
1	836	null_835	H	L	1096	692	112	0	0	100	1900	null_835_L	0.05	0.482105263157895	0.6	0.367574515235457
1	837	null_836	H	L	648	869	378	0	0	105	1895	null_836_L	0.0525	0.857519788918206	1.25646437994723	0.521124191560905
1	838	null_837	L	H	752	899	264	0	0	85	1915	null_837_H	0.0425	0.745169712793734	1.02088772845953	0.465609827594435
1	839	null_838	L	H	848	808	235	0	0	109	1891	null_838_H	0.0545	0.675832892649392	0.924378635642517	0.467628536855673
1	840	null_839	L	H	1059	691	143	0	0	107	1893	null_839_H	0.0535	0.516111991547808	0.667194928684628	0.400823340865183
1	841	null_840	L	H	1696	199	8	0	0	97	1903	null_840_H	0.0485	0.11297950604309	0.121387283236994	0.108622914451254
1	842	null_841	L	H	471	995	434	0	0	100	1900	null_841_H	0.05	0.980526315789474	1.43736842105263	0.475936565096953
1	843	null_842	H	L	659	928	330	0	0	83	1917	null_842_L	0.0415	0.828377673448096	1.17266562336985	0.486456053502568
1	844	null_843	H	L	1520	371	24	0	0	85	1915	null_843_L	0.0425	0.218798955613577	0.243864229765013	0.195991246787421
1	845	null_844	L	H	486	945	463	0	0	106	1894	null_844_H	0.053	0.987856388595565	1.47676874340021	0.50090849891114
1	846	null_845	L	H	495	924	475	0	0	106	1894	null_845_H	0.053	0.989440337909187	1.49102428722281	0.512032104940963
1	847	null_846	L	H	1087	709	98	0	0	106	1894	null_846_H	0.053	0.477824709609293	0.581309398099261	0.352992944986056
1	848	null_847	H	L	1532	348	16	0	0	104	1896	null_847_L	0.052	0.20042194092827	0.217299578059072	0.177130623653617
1	849	null_848	L	H	491	966	430	0	0	113	1887	null_848_H	0.0565	0.96767355590885	1.42342342342342	0.487031312618145
1	850	null_849	H	L	1219	618	84	0	0	79	1921	null_849_L	0.0395	0.409161894846434	0.496616345653306	0.329202889458981
1	851	null_850	L	H	1489	382	20	0	0	109	1891	null_850_H	0.0545	0.22316234796404	0.244315177154944	0.194513743606121
1	852	null_851	H	L	1375	474	52	0	0	99	1901	null_851_L	0.0495	0.304050499736981	0.358758548132562	0.266311841742254
1	853	null_852	L	H	478	949	463	0	0	110	1890	null_852_H	0.055	0.992063492063492	1.48201058201058	0.497820609725372
1	854	null_853	H	L	1172	626	108	0	0	94	1906	null_853_L	0.047	0.441762854144806	0.555089192025184	0.359934772723019
1	855	null_854	L	H	1149	649	98	0	0	104	1896	null_854_H	0.052	0.445675105485232	0.549050632911392	0.35042433326212
1	856	null_855	L	H	702	888	311	0	0	99	1901	null_855_H	0.0495	0.79431877958969	1.12151499210942	0.490572668500562
1	857	null_856	L	H	534	929	437	0	0	100	1900	null_856_H	0.05	0.948947368421053	1.40894736842105	0.508446260387812
1	858	null_857	H	L	1641	236	7	0	0	116	1884	null_857_L	0.058	0.132696390658174	0.140127388535032	0.122519056441325
1	859	null_858	H	L	824	851	237	0	0	88	1912	null_858_L	0.044	0.692991631799163	0.940899581589958	0.460662179846291
1	860	null_859	L	H	563	922	406	0	0	109	1891	null_859_H	0.0545	0.916975145425701	1.34637757800106	0.505534160672573
1	861	null_860	L	H	576	945	370	0	0	109	1891	null_860_H	0.0545	0.891062929666843	1.28239026969857	0.488397125072115
1	862	null_861	H	L	1244	606	70	0	0	80	1920	null_861_L	0.04	0.388541666666667	0.461458333333333	0.310493706597222
1	863	null_862	L	H	735	877	284	0	0	104	1896	null_862_H	0.052	0.762130801687764	1.06170886075949	0.48086550187826
1	864	null_863	H	L	1207	602	76	0	0	115	1885	null_863_L	0.0575	0.4	0.480636604774536	0.320636604774536
1	865	null_864	L	H	1658	246	8	0	0	88	1912	null_864_H	0.044	0.137029288702929	0.145397489539749	0.126620463577318
1	866	null_865	H	L	562	960	365	0	0	113	1887	null_865_L	0.0565	0.895601483836778	1.28245892951775	0.480356911667115
1	867	null_866	H	L	1403	458	26	0	0	113	1887	null_866_L	0.0565	0.27027027027027	0.29782723900371	0.224781220011745
1	868	null_867	H	L	1197	614	95	0	0	94	1906	null_867_L	0.047	0.421825813221406	0.521511017838405	0.343574001138504
1	869	null_868	L	H	496	926	460	0	0	118	1882	null_868_H	0.059	0.980871413390011	1.46971307120085	0.507604341595133
1	870	null_869	L	H	532	916	469	0	0	83	1917	null_869_H	0.0415	0.967136150234742	1.45644235785081	0.521090024759932
1	871	null_870	L	H	835	852	221	0	0	92	1908	null_870_H	0.046	0.678197064989518	0.909853249475891	0.449901990515495
1	872	null_871	L	H	497	948	466	0	0	89	1911	null_871_H	0.0445	0.98377812663527	1.47148090005233	0.503661497606328
1	873	null_872	H	L	1521	349	25	0	0	105	1895	null_872_L	0.0525	0.210554089709763	0.236939313984169	0.192606289290662
1	874	null_873	L	H	1684	211	8	0	0	97	1903	null_873_H	0.0485	0.119285338938518	0.127693116132423	0.113464124046745
1	875	null_874	H	L	979	761	156	0	0	104	1896	null_874_L	0.052	0.565928270042194	0.730485232067511	0.41021042523456
1	876	null_875	H	L	1299	547	58	0	0	96	1904	null_875_L	0.048	0.348214285714286	0.409138655462185	0.287885466686675
1	877	null_876	H	L	590	950	358	0	0	102	1898	null_876_L	0.051	0.877766069546892	1.2550052687039	0.4845319958561
1	878	null_877	L	H	681	914	309	0	0	96	1904	null_877_H	0.048	0.804621848739496	1.12920168067227	0.481785361203305
1	879	null_878	H	L	959	777	164	0	0	100	1900	null_878_L	0.05	0.581578947368421	0.75421052631579	0.415976454293629
1	880	null_879	L	H	831	865	199	0	0	105	1895	null_879_H	0.0525	0.666490765171504	0.876517150395778	0.432307210336882
1	881	null_880	H	L	1223	598	79	0	0	100	1900	null_880_L	0.05	0.397894736842105	0.481052631578947	0.322732409972299
1	882	null_881	H	L	893	828	175	0	0	104	1896	null_881_L	0.052	0.621308016877637	0.805907172995781	0.419883521159358
1	883	null_882	H	L	1432	436	30	0	0	102	1898	null_882_L	0.051	0.261327713382508	0.292939936775553	0.224647762993823
1	884	null_883	H	L	752	879	246	0	0	123	1877	null_883_L	0.0615	0.730420884389984	0.992541289291422	0.459026620938376
1	885	null_884	H	L	1025	747	136	0	0	92	1908	null_884_L	0.046	0.534067085953878	0.676624737945493	0.391397085646225
1	886	null_885	L	H	1254	592	57	0	0	97	1903	null_885_H	0.0485	0.37099316868103	0.430898581187599	0.293262649979607
1	887	null_886	L	H	997	774	135	0	0	94	1906	null_886_H	0.047	0.547743966421826	0.689401888772298	0.389378436020784
1	888	null_887	L	H	1004	773	138	0	0	85	1915	null_887_H	0.0425	0.547780678851175	0.691906005221932	0.391842333099278
1	889	null_888	L	H	1611	264	13	0	0	112	1888	null_888_H	0.056	0.153601694915254	0.167372881355932	0.143779400675093
1	890	null_889	L	H	1124	686	99	0	0	91	1909	null_889_H	0.0455	0.463069669984285	0.566788894709272	0.352355375449917
1	891	null_890	H	L	1281	567	65	0	0	87	1913	null_890_L	0.0435	0.364349189754313	0.432305279665447	0.299554947590823
1	892	null_891	L	H	929	807	169	0	0	95	1905	null_891_H	0.0475	0.601049868766404	0.778477690288714	0.417216745544602
1	893	null_892	H	L	779	884	230	0	0	107	1893	null_892_L	0.0535	0.709984152139461	0.952984680401479	0.44890718411229
1	894	null_893	L	H	615	954	339	0	0	92	1908	null_893_H	0.046	0.855345911949686	1.21069182389937	0.479075194810332
1	895	null_894	L	H	1656	218	11	0	0	115	1885	null_894_H	0.0575	0.127320954907162	0.138992042440318	0.122781416881847
1	896	null_895	L	H	904	808	173	0	0	115	1885	null_895_H	0.0575	0.612201591511936	0.795755968169761	0.420965179520014
1	897	null_896	L	H	1237	577	74	0	0	112	1888	null_896_H	0.056	0.384004237288136	0.46239406779661	0.314934813541367
1	898	null_897	H	L	1031	725	127	0	0	117	1883	null_897_L	0.0585	0.519915029208709	0.654806160382369	0.384494522785275
1	899	null_898	L	H	1445	413	27	0	0	115	1885	null_898_H	0.0575	0.247745358090186	0.276392572944297	0.215014810489063
1	900	null_899	H	L	613	944	347	0	0	96	1904	null_899_L	0.048	0.860294117647059	1.22478991596639	0.484683947108255
1	901	null_900	H	L	829	857	219	0	0	95	1905	null_900_L	0.0475	0.679790026246719	0.909711286089239	0.447596806304724
1	902	null_901	L	H	681	900	316	0	0	103	1897	null_901_H	0.0515	0.807590933052188	1.14074855034265	0.488545435194543
1	903	null_902	H	L	1394	468	36	0	0	102	1898	null_902_L	0.051	0.284510010537408	0.322444678609062	0.241498732513066
1	904	null_903	L	H	818	887	204	0	0	91	1909	null_903_H	0.0455	0.678365636458879	0.892090099528549	0.431910162800289
1	905	null_904	L	H	1268	552	80	0	0	100	1900	null_904_H	0.05	0.374736842105263	0.458947368421053	0.318519667590028
1	906	null_905	L	H	1634	250	17	0	0	99	1901	null_905_H	0.0495	0.149395055234087	0.167280378748027	0.144961496219631
1	907	null_906	L	H	736	899	255	0	0	110	1890	null_906_H	0.055	0.745502645502646	1.01534391534392	0.459569720892472
1	908	null_907	L	H	1325	502	47	0	0	126	1874	null_907_H	0.063	0.31803628601921	0.368196371398079	0.267049292173186
1	909	null_908	L	H	1375	483	45	0	0	97	1903	null_908_H	0.0485	0.3011035207567	0.348397267472412	0.257733937260332
1	910	null_909	H	L	562	974	383	0	0	81	1919	null_909_L	0.0405	0.906722251172486	1.3058884835852	0.483743242813901
1	911	null_910	H	L	1409	443	41	0	0	107	1893	null_910_L	0.0535	0.277337559429477	0.320655044902272	0.243738923031973
1	912	null_911	L	H	720	881	309	0	0	90	1910	null_911_H	0.045	0.784816753926702	1.10837696335079	0.492439626106741
1	913	null_912	H	L	983	785	150	0	0	82	1918	null_912_L	0.041	0.565693430656934	0.722106360792492	0.40209730330408
1	914	null_913	L	H	658	928	304	0	0	110	1890	null_913_H	0.055	0.812698412698413	1.13439153439153	0.473912824389015
1	915	null_914	L	H	1448	431	31	0	0	90	1910	null_914_H	0.045	0.258115183246073	0.290575916230367	0.223952468408212
1	916	null_915	H	L	852	844	210	0	0	94	1906	null_915_L	0.047	0.663168940188877	0.883525708289612	0.443732665058373
1	917	null_916	L	H	758	864	282	0	0	96	1904	null_916_H	0.048	0.75	1.04621848739496	0.483718487394958
1	918	null_917	H	L	1489	375	24	0	0	112	1888	null_917_L	0.056	0.224046610169492	0.249470338983051	0.199273455454611
1	919	null_918	L	H	1599	277	12	0	0	112	1888	null_918_H	0.056	0.159427966101695	0.172139830508475	0.146722554133151
1	920	null_919	L	H	783	844	280	0	0	93	1907	null_919_H	0.0465	0.736234923964342	1.02988987939171	0.487848016126935
1	921	null_920	H	L	747	909	247	0	0	97	1903	null_920_L	0.0485	0.737256962690489	0.996847083552286	0.453299254516681
1	922	null_921	L	H	882	836	176	0	0	106	1894	null_921_H	0.053	0.627243928194298	0.813093980992608	0.419659035535995
1	923	null_922	L	H	630	931	347	0	0	92	1908	null_922_H	0.046	0.85167714884696	1.21540880503145	0.490054839163359
1	924	null_923	H	L	1409	454	33	0	0	104	1896	null_923_L	0.052	0.274261603375527	0.309071729957806	0.233852302871691
1	925	null_924	L	H	725	880	297	0	0	98	1902	null_924_H	0.049	0.774973711882229	1.08727655099895	0.486692296890428
1	926	null_925	L	H	706	888	298	0	0	108	1892	null_925_H	0.054	0.784355179704017	1.09936575052854	0.484152702600021
1	927	null_926	L	H	562	944	399	0	0	95	1905	null_926_H	0.0475	0.914435695538058	1.33333333333333	0.497140692059162
1	928	null_927	H	L	1169	645	94	0	0	92	1908	null_927_L	0.046	0.436582809224319	0.535115303983229	0.344510754673031
1	929	null_928	L	H	1581	321	8	0	0	90	1910	null_928_H	0.045	0.176439790575916	0.184816753926702	0.153685754228228
1	930	null_929	H	L	1022	763	124	0	0	91	1909	null_929_L	0.0455	0.529596647459403	0.65950759559979	0.379034986599551
1	931	null_930	L	H	1054	743	105	0	0	98	1902	null_930_H	0.049	0.501051524710831	0.611461619348055	0.360408988933007
1	932	null_931	H	L	683	892	319	0	0	106	1894	null_931_L	0.053	0.807814149947202	1.14466737064414	0.492103669789219
1	933	null_932	L	H	1347	497	50	0	0	106	1894	null_932_H	0.053	0.315205913410771	0.368004223864836	0.268649456015718
1	934	null_933	H	L	1128	678	101	0	0	93	1907	null_933_L	0.0465	0.461457787100157	0.567383324593603	0.354440035318228
1	935	null_934	L	H	1435	443	13	0	0	109	1891	null_934_H	0.0545	0.248016922263353	0.261766261237441	0.200253867508455
1	936	null_935	L	H	1666	225	5	0	0	104	1896	null_935_H	0.052	0.123945147679325	0.1292194092827	0.113857009649451
1	937	null_936	H	L	943	753	177	0	0	127	1873	null_936_L	0.0635	0.591030432461292	0.780032034169781	0.430715062074399
1	938	null_937	H	L	579	919	411	0	0	91	1909	null_937_L	0.0455	0.911995809324253	1.34258774227344	0.510851386048441
1	939	null_938	H	L	499	948	460	0	0	93	1907	null_938_L	0.0465	0.979549029889879	1.46198217094913	0.502465868990931
1	940	null_939	L	H	1244	588	74	0	0	94	1906	null_939_H	0.047	0.386149003147954	0.463798530954879	0.314687478322721
1	941	null_940	H	L	1642	248	8	0	0	102	1898	null_940_L	0.051	0.139093782929399	0.147523709167545	0.128176628717934
1	942	null_941	L	H	736	900	271	0	0	93	1907	null_941_H	0.0465	0.756161510225485	1.04037755637126	0.468597326824778
1	943	null_942	L	H	1030	727	134	0	0	109	1891	null_942_H	0.0545	0.526176626123744	0.667900581702803	0.391038739823836
1	944	null_943	L	H	959	764	177	0	0	100	1900	null_943_H	0.05	0.588421052631579	0.774736842105263	0.428497506925208
1	945	null_944	L	H	1643	248	13	0	0	96	1904	null_944_H	0.048	0.14390756302521	0.157563025210084	0.136853638514229
1	946	null_945	L	H	777	850	263	0	0	110	1890	null_945_H	0.055	0.728042328042328	1.00634920634921	0.476303574927914
1	947	null_946	L	H	1350	495	47	0	0	108	1892	null_946_H	0.054	0.311310782241015	0.360993657505285	0.264079254365773
1	948	null_947	L	H	734	911	268	0	0	87	1913	null_947_H	0.0435	0.756403554626242	1.03659174072138	0.464445403270167
1	949	null_948	H	L	1167	669	76	0	0	88	1912	null_948_L	0.044	0.429393305439331	0.508891213389121	0.324512602633007
1	950	null_949	H	L	761	891	254	0	0	94	1906	null_949_L	0.047	0.733997901364113	1.00052465897167	0.461771739764746
1	951	null_950	L	H	791	852	252	0	0	105	1895	null_950_H	0.0525	0.7155672823219	0.981530343007915	0.469493807478366
1	952	null_951	H	L	1054	710	114	0	0	122	1878	null_951_L	0.061	0.499467518636848	0.62087326943557	0.37140546726232
1	953	null_952	L	H	1515	372	21	0	0	92	1908	null_952_H	0.046	0.216981132075472	0.238993710691824	0.191912899015071
1	954	null_953	L	H	869	859	169	0	0	103	1897	null_953_H	0.0515	0.6309963099631	0.80917237743806	0.411016034251012
1	955	null_954	H	L	1304	547	45	0	0	104	1896	null_954_L	0.052	0.335970464135021	0.383438818565401	0.270562665794299
1	956	null_955	L	H	1439	434	34	0	0	93	1907	null_955_H	0.0465	0.263240692186681	0.298898793917147	0.229603131894225
1	957	null_956	H	L	1468	392	29	0	0	111	1889	null_956_L	0.0555	0.238221281101112	0.268925357331922	0.212175978562467
1	958	null_957	H	L	531	943	424	0	0	102	1898	null_957_L	0.051	0.943624868282403	1.39041095890411	0.499983066863128
1	959	null_958	H	L	1492	357	39	0	0	112	1888	null_958_L	0.056	0.230402542372881	0.271716101694915	0.218630770163028
1	960	null_959	H	L	530	934	431	0	0	105	1895	null_959_L	0.0525	0.947757255936675	1.40263852242744	0.504394706246824
1	961	null_960	H	L	555	921	423	0	0	101	1899	null_960_L	0.0505	0.930489731437599	1.37598736176935	0.510176221458538
1	962	null_961	H	L	546	975	371	0	0	108	1892	null_961_L	0.054	0.907505285412262	1.29968287526427	0.476117032213079
1	963	null_962	H	L	686	910	290	0	0	114	1886	null_962_L	0.057	0.790031813361612	1.09756097560976	0.473410709486319
1	964	null_963	H	L	1705	205	4	0	0	86	1914	null_963_L	0.043	0.11128526645768	0.11546499477534	0.103080584244783
1	965	null_964	L	H	547	923	413	0	0	117	1883	null_964_H	0.0585	0.928836962294211	1.36749867233139	0.504760569807448
1	966	null_965	H	L	1139	659	105	0	0	97	1903	null_965_L	0.0485	0.456647398843931	0.566999474513925	0.358472627642998
1	967	null_966	H	L	1599	309	7	0	0	85	1915	null_966_L	0.0425	0.168668407310705	0.17597911227154	0.147530080646811
1	968	null_967	L	H	929	791	168	0	0	112	1888	null_967_H	0.056	0.596927966101695	0.77489406779661	0.418571071082304
1	969	null_968	L	H	816	853	243	0	0	88	1912	null_968_H	0.044	0.700313807531381	0.954497907949791	0.464058478930691
1	970	null_969	L	H	1577	306	17	0	0	100	1900	null_969_H	0.05	0.178947368421053	0.196842105263158	0.164819944598338
1	971	null_970	L	H	786	852	249	0	0	113	1887	null_970_H	0.0565	0.715421303656598	0.97933227344992	0.467504631724215
1	972	null_971	L	H	1293	538	61	0	0	108	1892	null_971_H	0.054	0.348837209302326	0.413319238900634	0.2916318403068
1	973	null_972	H	L	1393	481	34	0	0	92	1908	null_972_L	0.046	0.287735849056604	0.323375262054507	0.240583343222183
1	974	null_973	L	H	1699	211	13	0	0	77	1923	null_973_H	0.0385	0.123244929797192	0.136765470618825	0.12157615789811
1	975	null_974	L	H	1010	755	136	0	0	99	1901	null_974_H	0.0495	0.540241977906365	0.683324566017885	0.391463171325704
1	976	null_975	L	H	565	951	391	0	0	93	1907	null_975_H	0.0465	0.908757210277923	1.31882538017829	0.492985712946177
1	977	null_976	L	H	1472	406	23	0	0	99	1901	null_976_H	0.0495	0.237769594950026	0.261967385586533	0.205433005303834
1	978	null_977	H	L	906	801	200	0	0	93	1907	null_977_L	0.0465	0.629785002621919	0.8395385422129	0.442909392685409
1	979	null_978	H	L	1474	390	26	0	0	110	1890	null_978_L	0.055	0.233862433862434	0.261375661375661	0.2066840234036
1	980	null_979	L	H	503	934	474	0	0	89	1911	null_979_H	0.0445	0.984824699110413	1.48090005232862	0.511020364350708
1	981	null_980	H	L	1497	375	27	0	0	101	1899	null_980_L	0.0505	0.225908372827804	0.25434439178515	0.203309798871444
1	982	null_981	H	L	1216	619	60	0	0	105	1895	null_981_L	0.0525	0.389973614775726	0.453298153034301	0.301218732813055
1	983	null_982	H	L	558	914	419	0	0	109	1891	null_982_L	0.0545	0.926493918561608	1.36964569011105	0.51125470897941
1	984	null_983	L	H	1102	681	129	0	0	88	1912	null_983_H	0.044	0.491108786610879	0.626046025104603	0.384858184818193
1	985	null_984	H	L	1133	669	92	0	0	106	1894	null_984_L	0.053	0.450369588173179	0.547518479408659	0.344685713457381
1	986	null_985	H	L	750	891	257	0	0	102	1898	null_985_L	0.051	0.740252897787144	1.01106427818757	0.463089925505302
1	987	null_986	L	H	681	937	270	0	0	112	1888	null_986_H	0.056	0.782309322033898	1.06832627118644	0.456318395845303
1	988	null_987	H	L	716	920	267	0	0	97	1903	null_987_L	0.0485	0.764056752496059	1.04466631634262	0.460883595307793
1	989	null_988	L	H	742	899	251	0	0	108	1892	null_988_H	0.054	0.740486257928118	1.00581395348837	0.457494055307984
1	990	null_989	L	H	1612	283	9	0	0	96	1904	null_989_H	0.048	0.158088235294118	0.167542016806723	0.142550126668314
1	991	null_990	L	H	987	728	168	0	0	117	1883	null_990_H	0.0585	0.565055762081784	0.743494423791822	0.424206409529995
1	992	null_991	L	H	1019	735	141	0	0	105	1895	null_991_H	0.0525	0.536675461741425	0.685488126649077	0.397467575413705
1	993	null_992	H	L	597	961	342	0	0	100	1900	null_992_L	0.05	0.865789473684211	1.22578947368421	0.476198060941828
1	994	null_993	H	L	806	882	231	0	0	81	1919	null_993_L	0.0405	0.700364773319437	0.941115164147994	0.450604348441207
1	995	null_994	H	L	1089	689	123	0	0	99	1901	null_994_L	0.0495	0.491846396633351	0.621251972645976	0.379339094764764
1	996	null_995	L	H	904	833	182	0	0	81	1919	null_995_H	0.0405	0.623762376237624	0.813444502344971	0.424365000335364
1	997	null_996	L	H	1197	622	81	0	0	100	1900	null_996_H	0.05	0.412631578947368	0.497894736842105	0.327629916897507
1	998	null_997	H	L	557	927	404	0	0	112	1888	null_997_L	0.056	0.91896186440678	1.34692796610169	0.50243705786771
1	999	null_998	H	L	1714	182	3	0	0	101	1899	null_998_L	0.0505	0.0989994734070564	0.102159031068984	0.0923581353341092
1	1000	null_999	L	H	685	892	320	0	0	103	1897	null_999_H	0.0515	0.807590933052188	1.14496573537164	0.492762620223536
1	1001	null_1000	L	H	571	949	372	0	0	108	1892	null_1000_H	0.054	0.894820295983087	1.28805496828753	0.487351606184268
1	1002	null_1001	L	H	796	859	255	0	0	90	1910	null_1001_H	0.045	0.716753926701571	0.983769633507853	0.470033442065733
1	1003	null_1002	H	L	1090	700	102	0	0	108	1892	null_1002_L	0.054	0.477801268498943	0.585623678646934	0.357329626467735
1	1004	null_1003	L	H	594	936	374	0	0	96	1904	null_1003_H	0.048	0.884453781512605	1.27731092436975	0.495052432737801
1	1005	null_1004	H	L	529	957	413	0	0	101	1899	null_1004_L	0.0505	0.938915218536072	1.37388098999473	0.492319202396095
1	1006	null_1005	H	L	1350	503	42	0	0	105	1895	null_1005_L	0.0525	0.30976253298153	0.354089709762533	0.258136882923399
1	1007	null_1006	L	H	1105	682	116	0	0	97	1903	null_1006_H	0.0485	0.480294272201787	0.6022070415134	0.371524453603556
1	1008	null_1007	H	L	783	883	224	0	0	110	1890	null_1007_L	0.055	0.704232804232804	0.941269841269841	0.445325998712242
1	1009	null_1008	H	L	1239	609	69	0	0	83	1917	null_1008_L	0.0415	0.389671361502347	0.461658841940532	0.309815071965439
1	1010	null_1009	L	H	944	779	185	0	0	92	1908	null_1009_H	0.046	0.602201257861635	0.796121593291405	0.433475238321269
1	1011	null_1010	H	L	1684	223	6	0	0	87	1913	null_1010_L	0.0435	0.122843700993204	0.129116570831155	0.114025995957447
1	1012	null_1011	H	L	1319	516	65	0	0	100	1900	null_1011_L	0.05	0.34	0.408421052631579	0.292821052631579
1	1013	null_1012	H	L	1025	751	143	0	0	81	1919	null_1012_L	0.0405	0.540385617509119	0.689421573736321	0.397404958125609
1	1014	null_1013	L	H	1480	411	29	0	0	80	1920	null_1013_H	0.04	0.244270833333333	0.274479166666667	0.214810926649306
1	1015	null_1014	L	H	814	870	233	0	0	83	1917	null_1014_H	0.0415	0.696922274387063	0.940010432968179	0.454309776431343
1	1016	null_1015	H	L	873	825	206	0	0	96	1904	null_1015_L	0.048	0.64968487394958	0.866071428571429	0.443980993132547
1	1017	null_1016	L	H	789	873	244	0	0	94	1906	null_1016_H	0.047	0.714060860440713	0.9700944386149	0.460211526201568
1	1018	null_1017	H	L	1365	486	45	0	0	104	1896	null_1017_L	0.052	0.30379746835443	0.35126582278481	0.258972921006249
1	1019	null_1018	L	H	539	952	405	0	0	104	1896	null_1018_H	0.052	0.929324894514768	1.35654008438819	0.492895324823301
1	1020	null_1019	L	H	1495	391	12	0	0	102	1898	null_1019_H	0.051	0.218651211801897	0.231296101159115	0.183487748736677
1	1021	null_1020	L	H	496	954	444	0	0	106	1894	null_1020_H	0.053	0.972544878563886	1.44139387539599	0.495550334575144
1	1022	null_1021	H	L	1179	635	99	0	0	87	1913	null_1021_L	0.0435	0.435441714584422	0.538944066910612	0.34933458011039
1	1023	null_1022	H	L	1278	570	57	0	0	95	1905	null_1022_L	0.0475	0.359055118110236	0.418897637795276	0.28997705995412
1	1024	null_1023	L	H	606	916	369	0	0	109	1891	null_1023_H	0.0545	0.874669487043892	1.26493918561608	0.499892474050451
1	1025	null_1024	H	L	1551	330	22	0	0	97	1903	null_1024_L	0.0485	0.196531791907514	0.219653179190751	0.181028433960373
1	1026	null_1025	L	H	753	862	265	0	0	120	1880	null_1025_H	0.06	0.740425531914894	1.02234042553191	0.474110457220462
1	1027	null_1026	H	L	779	864	245	0	0	112	1888	null_1026_L	0.056	0.717161016949153	0.976694915254237	0.462374991022695
1	1028	null_1027	H	L	993	779	130	0	0	98	1902	null_1027_L	0.049	0.546267087276551	0.682965299684543	0.384557569042936
1	1029	null_1028	L	H	1229	596	73	0	0	102	1898	null_1028_H	0.051	0.390937829293994	0.467860906217071	0.315028519843971
1	1030	null_1029	L	H	621	906	373	0	0	100	1900	null_1029_H	0.05	0.869473684210526	1.26210526315789	0.506120775623269
1	1031	null_1030	L	H	1703	195	8	0	0	94	1906	null_1030_H	0.047	0.110703043022036	0.11909758656873	0.106842422834392
1	1032	null_1031	L	H	1704	184	5	0	0	107	1893	null_1031_H	0.0535	0.102482831484416	0.107765451664025	0.0972627209149621
1	1033	null_1032	H	L	1547	351	17	0	0	85	1915	null_1032_L	0.0425	0.201044386422977	0.218798955613577	0.178380110301386
1	1034	null_1033	L	H	670	943	295	0	0	92	1908	null_1033_H	0.046	0.803459119496855	1.11268343815514	0.467136881452474
1	1035	null_1034	L	H	1571	313	12	0	0	104	1896	null_1034_H	0.052	0.177742616033755	0.190400843881857	0.158808406327334
1	1036	null_1035	H	L	772	856	278	0	0	94	1906	null_1035_L	0.047	0.740818467995803	1.03252885624344	0.483716853719794
1	1037	null_1036	H	L	1481	408	32	0	0	79	1921	null_1036_L	0.0395	0.245705361790734	0.279021343050495	0.218650218237779
1	1038	null_1037	H	L	528	966	418	0	0	88	1912	null_1037_L	0.044	0.942468619246862	1.37970711297071	0.491460014705625
1	1039	null_1038	L	H	625	892	372	0	0	111	1889	null_1038_H	0.0555	0.866066701958708	1.25992588671255	0.509854354470912
1	1040	null_1039	H	L	1359	496	46	0	0	99	1901	null_1039_L	0.0495	0.309310889005786	0.357706470278801	0.262033244221251
1	1041	null_1040	L	H	1610	295	14	0	0	81	1919	null_1040_H	0.0405	0.168316831683168	0.182907764460657	0.154577208632797
1	1042	null_1041	H	L	1501	393	20	0	0	86	1914	null_1041_L	0.043	0.226227795193312	0.247126436781609	0.195947421463582
1	1043	null_1042	L	H	872	824	207	0	0	97	1903	null_1042_H	0.0485	0.65055176037835	0.868102995270625	0.444885402339255
1	1044	null_1043	L	H	1656	232	9	0	0	103	1897	null_1043_H	0.0515	0.131787032156036	0.14127569847127	0.123907876626774
1	1045	null_1044	L	H	496	958	436	0	0	110	1890	null_1044_H	0.055	0.968253968253968	1.42962962962963	0.492113882590073
1	1046	null_1045	L	H	1147	674	89	0	0	90	1910	null_1045_H	0.045	0.446073298429319	0.539267015706806	0.340285628135194
1	1047	null_1046	H	L	1177	646	80	0	0	97	1903	null_1046_L	0.0485	0.423541776142932	0.507619548081976	0.328231911943666
1	1048	null_1047	H	L	724	905	267	0	0	104	1896	null_1047_L	0.052	0.758966244725738	1.04061181434599	0.464582053712902
1	1049	null_1048	L	H	647	927	321	0	0	105	1895	null_1048_H	0.0525	0.827968337730871	1.16675461741425	0.481223049129427
1	1050	null_1049	H	L	659	922	301	0	0	118	1882	null_1049_L	0.059	0.809776833156217	1.12964930924548	0.473910789728972
1	1051	null_1050	H	L	614	900	356	0	0	130	1870	null_1050_L	0.065	0.862032085561497	1.2427807486631	0.499681432125597
1	1052	null_1051	H	L	1303	551	61	0	0	85	1915	null_1051_L	0.0425	0.351436031331593	0.415143603133159	0.291636319015059
1	1053	null_1052	L	H	730	904	263	0	0	103	1897	null_1052_H	0.0515	0.753821823932525	1.03110173958882	0.462854397351866
1	1054	null_1053	L	H	1090	703	107	0	0	100	1900	null_1053_H	0.05	0.482631578947368	0.595263157894737	0.362329916897507
1	1055	null_1054	L	H	1071	717	114	0	0	98	1902	null_1054_H	0.049	0.496845425867508	0.616719242902208	0.369863865696743
1	1056	null_1055	L	H	1687	196	5	0	0	112	1888	null_1055_H	0.056	0.109110169491525	0.114406779661017	0.102501750574548
1	1057	null_1056	L	H	1255	577	71	0	0	97	1903	null_1056_H	0.0485	0.377824487651077	0.452443510246978	0.309692166778179
1	1058	null_1057	H	L	497	957	444	0	0	102	1898	null_1057_L	0.051	0.972075869336143	1.43993677555321	0.495005279807595
1	1059	null_1058	H	L	573	956	391	0	0	80	1920	null_1058_L	0.04	0.905208333333333	1.3125	0.493097873263889
1	1060	null_1059	L	H	1016	755	128	0	0	101	1899	null_1059_H	0.0505	0.532385466034755	0.667193259610321	0.383758975165278
1	1061	null_1060	H	L	925	803	168	0	0	104	1896	null_1060_L	0.052	0.600738396624473	0.77795358649789	0.417066965318948
1	1062	null_1061	L	H	1027	759	124	0	0	90	1910	null_1061_H	0.045	0.527225130890052	0.657068062827225	0.379101724185192
1	1063	null_1062	L	H	1476	397	34	0	0	93	1907	null_1062_H	0.0465	0.243838489774515	0.279496591504982	0.220039382409465
1	1064	null_1063	H	L	995	755	145	0	0	105	1895	null_1063_L	0.0525	0.551451187335092	0.704485488126649	0.400387076113366
1	1065	null_1064	H	L	718	891	303	0	0	88	1912	null_1064_L	0.044	0.782949790794979	1.09989539748954	0.486885022583638
1	1066	null_1065	H	L	1413	451	37	0	0	99	1901	null_1065_L	0.0495	0.276170436612309	0.315097317201473	0.238827207142839
1	1067	null_1066	H	L	480	973	443	0	0	104	1896	null_1066_L	0.052	0.980485232067511	1.44778481012658	0.486433519824102
1	1068	null_1067	L	H	500	940	463	0	0	97	1903	null_1067_H	0.0485	0.980557015239096	1.46715712033631	0.505665060201706
1	1069	null_1068	L	H	609	931	363	0	0	97	1903	null_1068_H	0.0485	0.870730425643721	1.25223331581713	0.494061841675436
1	1070	null_1069	H	L	1489	384	23	0	0	104	1896	null_1069_L	0.052	0.226793248945148	0.251054852320675	0.199619674553579
1	1071	null_1070	L	H	763	878	259	0	0	100	1900	null_1070_H	0.05	0.734736842105263	1.00736842105263	0.467530193905817
1	1072	null_1071	L	H	811	869	227	0	0	93	1907	null_1071_H	0.0465	0.693759832197168	0.931830099632931	0.450527394862688
1	1073	null_1072	L	H	457	993	447	0	0	103	1897	null_1072_H	0.0515	0.994728518713759	1.46599894570374	0.476514119761275
1	1074	null_1073	L	H	584	964	361	0	0	91	1909	null_1073_H	0.0455	0.883184913567313	1.2613933996857	0.481377808132798
1	1075	null_1074	H	L	804	853	249	0	0	94	1906	null_1074_L	0.047	0.708814270724029	0.9700944386149	0.467676768232863
1	1076	null_1075	H	L	606	931	360	0	0	103	1897	null_1075_L	0.0515	0.870321560358461	1.24986821296784	0.492408594543058
1	1077	null_1076	H	L	1033	729	123	0	0	115	1885	null_1076_L	0.0575	0.517241379310345	0.647745358090186	0.380206713619318
1	1078	null_1077	L	H	1502	385	33	0	0	80	1920	null_1077_H	0.04	0.234895833333333	0.269270833333333	0.214094780815972
1	1079	null_1078	H	L	1551	328	22	0	0	99	1901	null_1078_L	0.0495	0.195686480799579	0.218832193582325	0.180538994814601
1	1080	null_1079	L	H	1481	394	29	0	0	96	1904	null_1079_H	0.048	0.237394957983193	0.267857142857143	0.211500776781301
1	1081	null_1080	H	L	1561	324	18	0	0	97	1903	null_1080_L	0.0485	0.189174986862848	0.208092485549133	0.172305309894574
1	1082	null_1081	H	L	675	891	335	0	0	99	1901	null_1081_L	0.0495	0.8211467648606	1.17359284587059	0.499310836429565
1	1083	null_1082	H	L	652	886	359	0	0	103	1897	null_1082_L	0.0515	0.845545598313126	1.22403795466526	0.509090595838559
1	1084	null_1083	H	L	1558	327	14	0	0	101	1899	null_1083_L	0.0505	0.186940494997367	0.201685097419695	0.166738348749834
1	1085	null_1084	H	L	1561	321	27	0	0	91	1909	null_1084_L	0.0455	0.196437925615506	0.224724986904138	0.186137128284015
1	1086	null_1085	H	L	1384	465	43	0	0	108	1892	null_1085_L	0.054	0.29122621564482	0.336680761099366	0.251868052420562
1	1087	null_1086	H	L	908	821	179	0	0	92	1908	null_1086_L	0.046	0.617924528301887	0.805555555555556	0.423724832878446
1	1088	null_1087	L	H	736	878	289	0	0	97	1903	null_1087_H	0.0485	0.765107724645297	1.06883867577509	0.483448845463189
1	1089	null_1088	H	L	798	850	252	0	0	100	1900	null_1088_L	0.05	0.712631578947368	0.977894736842105	0.470050969529086
1	1090	null_1089	H	L	857	839	193	0	0	111	1889	null_1089_L	0.0555	0.648491265219693	0.85283218634198	0.432291265275742
1	1091	null_1090	H	L	1337	512	44	0	0	107	1893	null_1090_L	0.0535	0.316957210776545	0.363444268357105	0.262982394893858
1	1092	null_1091	L	H	1566	312	16	0	0	106	1894	null_1091_H	0.053	0.181626187961985	0.198521647307286	0.165533575153684
1	1093	null_1092	L	H	839	842	214	0	0	105	1895	null_1092_H	0.0525	0.670184696569921	0.896042216358839	0.446894688842322
1	1094	null_1093	L	H	539	946	421	0	0	94	1906	null_1093_H	0.047	0.938090241343127	1.37985309548793	0.499839794584727
1	1095	null_1094	L	H	583	944	373	0	0	100	1900	null_1094_H	0.05	0.889473684210526	1.28210526315789	0.490941828254848
1	1096	null_1095	H	L	1619	275	4	0	0	102	1898	null_1095_L	0.051	0.149104320337197	0.15331928345627	0.131087185113052
1	1097	null_1096	L	H	610	899	394	0	0	97	1903	null_1096_H	0.0485	0.886495007882291	1.30057803468208	0.514704635681858
1	1098	null_1097	L	H	1226	615	69	0	0	90	1910	null_1097_H	0.045	0.394240837696335	0.466492146596859	0.311066308489351
1	1099	null_1098	H	L	1497	363	27	0	0	113	1887	null_1098_L	0.0565	0.220985691573927	0.249602543720191	0.200767867839784
1	1100	null_1099	H	L	1352	501	57	0	0	90	1910	null_1099_L	0.045	0.321989528795812	0.381675392670157	0.277998136016008
1	1101	null_1100	H	L	626	928	338	0	0	108	1892	null_1100_L	0.054	0.847780126849894	1.20507399577167	0.486342852290047
1	1102	null_1101	H	L	667	915	327	0	0	91	1909	null_1101_L	0.0455	0.821896280775275	1.16448402304872	0.488970526696487
1	1103	null_1102	H	L	731	895	268	0	0	106	1894	null_1102_L	0.053	0.755543822597677	1.03854276663147	0.467696298765958
1	1104	null_1103	H	L	1522	367	19	0	0	92	1908	null_1103_L	0.046	0.212264150943396	0.232180293501048	0.187124223725327
1	1105	null_1104	H	L	732	922	251	0	0	95	1905	null_1104_L	0.0475	0.74750656167979	1.01102362204724	0.452257562292903
1	1106	null_1105	L	H	1447	412	31	0	0	110	1890	null_1105_H	0.055	0.250793650793651	0.283597883597884	0.220700428319476
1	1107	null_1106	H	L	724	892	261	0	0	123	1877	null_1106_L	0.0615	0.753329781566329	1.03143313798615	0.463927378191375
1	1108	null_1107	L	H	889	823	182	0	0	106	1894	null_1107_H	0.053	0.626715945089757	0.818901795142556	0.426128919312808
1	1109	null_1108	H	L	1472	397	21	0	0	110	1890	null_1108_L	0.055	0.232275132275132	0.254497354497355	0.200545617423924
1	1110	null_1109	L	H	1161	646	76	0	0	117	1883	null_1109_H	0.0585	0.423791821561338	0.504514073287307	0.32491456526503
1	1111	null_1110	L	H	1510	360	29	0	0	101	1899	null_1110_H	0.0505	0.220115850447604	0.250658241179568	0.202207253561296
1	1112	null_1111	H	L	663	929	313	0	0	95	1905	null_1111_L	0.0475	0.816272965879265	1.14488188976378	0.478580334938448
1	1113	null_1112	H	L	1660	224	7	0	0	109	1891	null_1112_L	0.0545	0.12585933368588	0.133262823902697	0.117422252026843
1	1114	null_1113	L	H	1105	677	107	0	0	111	1889	null_1113_H	0.0555	0.471678136580201	0.584965590259397	0.362485325731626
1	1115	null_1114	H	L	564	957	391	0	0	88	1912	null_1114_L	0.044	0.909518828451883	1.31851464435146	0.491290145042979
1	1116	null_1115	H	L	598	922	375	0	0	105	1895	null_1115_L	0.0525	0.882321899736148	1.27810026385224	0.499608329098238
1	1117	null_1116	H	L	767	888	244	0	0	101	1899	null_1116_L	0.0505	0.724591890468668	0.981569246972091	0.456535839239133
1	1118	null_1117	H	L	514	961	422	0	0	103	1897	null_1117_L	0.0515	0.951502372166579	1.39641539272536	0.491058628486729
1	1119	null_1118	L	H	781	850	269	0	0	100	1900	null_1118_H	0.05	0.730526315789474	1.01368421052632	0.480015512465374
1	1120	null_1119	H	L	527	967	414	0	0	92	1908	null_1119_L	0.046	0.940775681341719	1.37473794549266	0.489679062888687
1	1121	null_1120	H	L	1647	241	3	0	0	109	1891	null_1120_L	0.0545	0.130618720253834	0.13379164463247	0.11673039455172
1	1122	null_1121	L	H	1315	531	61	0	0	93	1907	null_1121_H	0.0465	0.342422653382276	0.406397482957525	0.289144209408167
1	1123	null_1122	L	H	795	872	241	0	0	92	1908	null_1122_H	0.046	0.709643605870021	0.962264150943396	0.458670103591191
1	1124	null_1123	L	H	1412	448	41	0	0	99	1901	null_1123_H	0.0495	0.278800631246712	0.321935823250921	0.244206031267355
1	1125	null_1124	H	L	1307	521	76	0	0	96	1904	null_1124_L	0.048	0.353466386554622	0.433298319327731	0.30835983290375
1	1126	null_1125	H	L	1568	323	18	0	0	91	1909	null_1125_L	0.0455	0.188056574122577	0.206914614981666	0.171549339910945
1	1127	null_1126	H	L	1406	460	34	0	0	100	1900	null_1126_L	0.05	0.277894736842105	0.313684210526316	0.236458725761773
1	1128	null_1127	L	H	708	914	286	0	0	92	1908	null_1127_H	0.046	0.778825995807128	1.07861635220126	0.472046420456294
1	1129	null_1128	L	H	1643	252	6	0	0	99	1901	null_1128_H	0.0495	0.138874276696476	0.145186743819043	0.125900679091073
1	1130	null_1129	L	H	604	951	347	0	0	98	1902	null_1129_H	0.049	0.864879074658255	1.22975814931651	0.48174233553479
1	1131	null_1130	H	L	1468	410	24	0	0	98	1902	null_1130_L	0.049	0.240799158780231	0.266035751840168	0.208051516970901
1	1132	null_1131	L	H	893	820	200	0	0	87	1913	null_1131_H	0.0435	0.637741766858338	0.846837428123367	0.440122866927772
1	1133	null_1132	L	H	919	784	181	0	0	116	1884	null_1132_H	0.058	0.60828025477707	0.800424628450106	0.430419760098449
1	1134	null_1133	H	L	1003	738	147	0	0	112	1888	null_1133_L	0.056	0.546610169491525	0.702330508474576	0.403547831083022
1	1135	null_1134	H	L	1707	198	7	0	0	88	1912	null_1134_L	0.044	0.110878661087866	0.118200836820084	0.105906759335446
1	1136	null_1135	H	L	762	890	254	0	0	94	1906	null_1135_L	0.047	0.733473242392445	1	0.462017002694314
1	1137	null_1136	L	H	537	962	412	0	0	89	1911	null_1136_H	0.0445	0.934589220303506	1.36577708006279	0.492320069355279
1	1138	null_1137	H	L	1214	589	89	0	0	108	1892	null_1137_L	0.054	0.4053911205074	0.499471458773784	0.335129498187539
1	1139	null_1138	L	H	904	806	191	0	0	99	1901	null_1138_H	0.0495	0.62493424513414	0.825881115202525	0.435338304461148
1	1140	null_1139	H	L	1148	660	93	0	0	99	1901	null_1139_L	0.0495	0.445028932140978	0.542872172540768	0.344821422098228
1	1141	null_1140	L	H	679	919	329	0	0	73	1927	null_1140_H	0.0365	0.818370524130773	1.15983393876492	0.490103623998843
1	1142	null_1141	H	L	540	952	425	0	0	83	1917	null_1141_L	0.0415	0.940010432968179	1.38341158059468	0.499791966505655
1	1143	null_1142	H	L	1013	762	134	0	0	91	1909	null_1142_L	0.0455	0.539549502357255	0.679937139863803	0.388823474369841
1	1144	null_1143	L	H	1113	688	87	0	0	112	1888	null_1143_H	0.056	0.45656779661017	0.548728813559322	0.340274660657857
1	1145	null_1144	L	H	690	897	308	0	0	105	1895	null_1144_H	0.0525	0.798416886543536	1.12348284960422	0.486013324886349
1	1146	null_1145	H	L	947	804	144	0	0	105	1895	null_1145_L	0.0525	0.576253298153034	0.728232189973615	0.396164326341365
1	1147	null_1146	H	L	605	889	389	0	0	117	1883	null_1146_L	0.0585	0.885289431757833	1.29845990440786	0.514722526425753
1	1148	null_1147	H	L	978	766	163	0	0	93	1907	null_1147_L	0.0465	0.572627163083377	0.743576297850026	0.41567442994911
1	1149	null_1148	L	H	1254	574	70	0	0	102	1898	null_1148_H	0.051	0.376185458377239	0.449947312961012	0.308431813866518
1	1150	null_1149	H	L	974	798	131	0	0	97	1903	null_1149_L	0.0485	0.557015239096164	0.694692590646348	0.384426614060991
1	1151	null_1150	L	H	1017	751	125	0	0	107	1893	null_1150_H	0.0535	0.52879027997887	0.660855784469097	0.381236624268965
1	1152	null_1151	H	L	975	740	150	0	0	135	1865	null_1151_L	0.0675	0.557640750670241	0.718498659517426	0.407535452709356
1	1153	null_1152	L	H	952	773	170	0	0	105	1895	null_1152_H	0.0525	0.587335092348285	0.766754617414248	0.42179210671048
1	1154	null_1153	H	L	1053	744	112	0	0	91	1909	null_1153_L	0.0455	0.507071765322158	0.624410686223154	0.367288911036224
1	1155	null_1154	H	L	968	779	154	0	0	99	1901	null_1154_L	0.0495	0.571804313519201	0.733824302998422	0.406864130039258
1	1156	null_1155	L	H	621	949	341	0	0	89	1911	null_1155_H	0.0445	0.853479853479854	1.21036106750392	0.481933207207933
1	1157	null_1156	L	H	557	932	404	0	0	107	1893	null_1156_H	0.0535	0.919175911251981	1.3460116217644	0.501127265938486
1	1158	null_1157	H	L	1260	588	60	0	0	92	1908	null_1157_L	0.046	0.371069182389937	0.433962264150943	0.296269926031407
1	1159	null_1158	H	L	732	904	265	0	0	99	1901	null_1158_L	0.0495	0.754339821146765	1.03314045239348	0.464111886625744
1	1160	null_1159	H	L	943	776	179	0	0	102	1898	null_1159_L	0.051	0.597471022128556	0.78609062170706	0.429118999423718
1	1161	null_1160	H	L	604	916	386	0	0	94	1906	null_1160_L	0.047	0.885624344176286	1.2906610703043	0.506330591306627
1	1162	null_1161	H	L	924	767	191	0	0	118	1882	null_1161_L	0.059	0.610520722635494	0.813496280552604	0.440760727785238
1	1163	null_1162	H	L	912	815	176	0	0	97	1903	null_1162_L	0.0485	0.613242249080399	0.798213347346295	0.422147291289109
1	1164	null_1163	H	L	1635	263	7	0	0	95	1905	null_1163_L	0.0475	0.145406824146982	0.152755905511811	0.1316127610033
1	1165	null_1164	H	L	524	989	389	0	0	98	1902	null_1164_L	0.049	0.929022082018927	1.33806519453207	0.474983165653289
1	1166	null_1165	L	H	1418	455	40	0	0	87	1913	null_1165_H	0.0435	0.279665446941976	0.321484579194982	0.243271816981727
1	1167	null_1166	H	L	1424	438	43	0	0	95	1905	null_1166_L	0.0475	0.2750656167979	0.320209973753281	0.244548880208872
1	1168	null_1167	H	L	519	945	447	0	0	89	1911	null_1167_L	0.0445	0.962323390894819	1.43014128728414	0.504074978620841
1	1169	null_1168	H	L	1324	508	51	0	0	117	1883	null_1168_L	0.0585	0.323951141795008	0.378120021242698	0.273175678972408
1	1170	null_1169	H	L	1139	657	81	0	0	123	1877	null_1169_L	0.0615	0.436334576451785	0.522642514651039	0.33225465204368
1	1171	null_1170	L	H	913	819	167	0	0	101	1899	null_1170_H	0.0505	0.607161664033702	0.783043707214323	0.414398420942149
1	1172	null_1171	L	H	1421	448	37	0	0	94	1906	null_1171_H	0.047	0.273871983210913	0.312696747114376	0.237690883926497
1	1173	null_1172	H	L	726	882	279	0	0	113	1887	null_1172_L	0.0565	0.763116057233704	1.05882352941176	0.47647741260385
1	1174	null_1173	L	H	694	921	283	0	0	102	1898	null_1173_H	0.051	0.78345626975764	1.08166491043203	0.467861183809478
1	1175	null_1174	H	L	702	915	290	0	0	93	1907	null_1174_L	0.0465	0.78395385422129	1.08809648662821	0.473512841079796
1	1176	null_1175	H	L	1304	536	61	0	0	99	1901	null_1175_L	0.0495	0.346133613887428	0.41031036296686	0.290501884304089
1	1177	null_1176	H	L	854	857	195	0	0	94	1906	null_1176_L	0.047	0.654249737670514	0.858866736621196	0.43082401737926
1	1178	null_1177	H	L	1376	477	53	0	0	94	1906	null_1177_L	0.047	0.305876180482686	0.361490031479538	0.267929793692861
1	1179	null_1178	L	H	618	924	382	0	0	76	1924	null_1178_H	0.038	0.877338877338877	1.27442827442827	0.504704768738033
1	1180	null_1179	L	H	556	942	406	0	0	96	1904	null_1179_H	0.048	0.921218487394958	1.34768907563025	0.499045574111998
1	1181	null_1180	L	H	1571	316	12	0	0	101	1899	null_1180_H	0.0505	0.179041600842549	0.191679831490258	0.159623936657995
1	1182	null_1181	L	H	684	900	312	0	0	104	1896	null_1181_H	0.052	0.80379746835443	1.13291139240506	0.486821022272072
1	1183	null_1182	H	L	1112	700	113	0	0	75	1925	null_1182_L	0.0375	0.481038961038961	0.598441558441559	0.367043076404115
1	1184	null_1183	H	L	1422	437	33	0	0	108	1892	null_1183_L	0.054	0.265856236786469	0.300739957716702	0.230060419078439
1	1185	null_1184	H	L	922	813	166	0	0	99	1901	null_1184_L	0.0495	0.602314571278275	0.77695949500263	0.414176652228498
1	1186	null_1185	H	L	684	894	314	0	0	108	1892	null_1185_L	0.054	0.804439746300212	1.13636363636364	0.489240330936088
1	1187	null_1186	L	H	621	944	334	0	0	101	1899	null_1186_H	0.0505	0.848867825171143	1.20063191153239	0.4800553269216
1	1188	null_1187	H	L	1479	395	29	0	0	97	1903	null_1187_L	0.0485	0.238045191802417	0.268523384130321	0.211857870790071
1	1189	null_1188	H	L	675	943	293	0	0	89	1911	null_1188_L	0.0445	0.800104657247514	1.10675039246468	0.466582929915516
1	1190	null_1189	L	H	498	986	405	0	0	111	1889	null_1189_H	0.0555	0.95076760190577	1.37956590788777	0.475606875054122
1	1191	null_1190	H	L	670	941	298	0	0	91	1909	null_1190_L	0.0455	0.805133577789419	1.117338920901	0.469098842817006
1	1192	null_1191	L	H	570	922	403	0	0	105	1895	null_1191_H	0.0525	0.911873350923483	1.33720316622691	0.505690158102492
1	1193	null_1192	H	L	1247	589	77	0	0	87	1913	null_1192_L	0.0435	0.388395190799791	0.468897020386827	0.318046196150421
1	1194	null_1193	H	L	759	864	259	0	0	118	1882	null_1193_L	0.059	0.73432518597237	1.00956429330499	0.470330814551639
1	1195	null_1194	H	L	1156	637	96	0	0	111	1889	null_1194_L	0.0555	0.438856537850715	0.540497617787189	0.347902556972873
1	1196	null_1195	L	H	1596	300	12	0	0	92	1908	null_1195_H	0.046	0.169811320754717	0.182389937106918	0.153554052450457
1	1197	null_1196	L	H	823	876	225	0	0	76	1924	null_1196_H	0.038	0.689189189189189	0.923076923076923	0.448095184581671
1	1198	null_1197	H	L	875	858	179	0	0	88	1912	null_1197_L	0.044	0.635983263598326	0.823221757322176	0.418747045744998
1	1199	null_1198	H	L	1483	384	25	0	0	108	1892	null_1198_L	0.054	0.22938689217759	0.255813953488372	0.203195607185479
1	1200	null_1199	H	L	1146	673	85	0	0	96	1904	null_1199_L	0.048	0.442752100840336	0.53203781512605	0.336008392327519
1	1201	null_1200	L	H	638	960	298	0	0	104	1896	null_1200_H	0.052	0.820675105485232	1.13502109704641	0.461513468283217
1	1202	null_1201	H	L	1139	648	100	0	0	113	1887	null_1201_L	0.0565	0.449390567037626	0.555378908320085	0.353427026577686
1	1203	null_1202	L	H	1640	246	15	0	0	99	1901	null_1202_H	0.0495	0.145186743819043	0.16096791162546	0.139888721044684
1	1204	null_1203	H	L	779	883	225	0	0	113	1887	null_1203_L	0.0565	0.706412294647589	0.944886062533121	0.44586773250385
1	1205	null_1204	H	L	1015	749	129	0	0	107	1893	null_1204_L	0.0535	0.531959852086635	0.66825145272055	0.385270168488515
1	1206	null_1205	H	L	589	943	376	0	0	92	1908	null_1205_L	0.046	0.888364779874214	1.28249475890985	0.493302776788893
1	1207	null_1206	H	L	975	769	147	0	0	109	1891	null_1206_L	0.0545	0.562136435748281	0.717609730301428	0.401612357905646
1	1208	null_1207	L	H	1218	581	88	0	0	113	1887	null_1207_H	0.0565	0.401165871754107	0.494435612082671	0.333501555422438
1	1209	null_1208	H	L	615	929	338	0	0	118	1882	null_1208_L	0.059	0.852816153028693	1.21200850159405	0.48471311072739
1	1210	null_1209	L	H	965	778	167	0	0	90	1910	null_1209_H	0.045	0.582198952879581	0.757068062827225	0.418112442093145
1	1211	null_1210	H	L	535	966	400	0	0	99	1901	null_1210_L	0.0495	0.928984744871121	1.34981588637559	0.486803230172331
1	1212	null_1211	H	L	1626	267	13	0	0	94	1906	null_1211_L	0.047	0.153725078698846	0.167366211962225	0.143734812141258
1	1213	null_1212	H	L	1075	737	97	0	0	91	1909	null_1212_L	0.0455	0.487689889994762	0.589313776846517	0.351472348043414
1	1214	null_1213	H	L	517	958	437	0	0	88	1912	null_1213_L	0.044	0.9581589958159	1.4152719665272	0.497203305264264
1	1215	null_1214	L	H	942	795	168	0	0	95	1905	null_1214_H	0.0475	0.593700787401575	0.77007874015748	0.41759811519623
1	1216	null_1215	L	H	1210	609	76	0	0	105	1895	null_1215_H	0.0525	0.401583113456464	0.48179419525066	0.320525198237272
1	1217	null_1216	L	H	855	841	209	0	0	95	1905	null_1216_H	0.0475	0.660892388451444	0.880314960629921	0.443536211516867
1	1218	null_1217	H	L	903	830	169	0	0	98	1902	null_1217_L	0.049	0.614090431125131	0.791798107255521	0.414691049656071
1	1219	null_1218	H	L	956	781	168	0	0	95	1905	null_1218_L	0.0475	0.586351706036745	0.762729658792651	0.418921335620449
1	1220	null_1219	L	H	1631	251	10	0	0	108	1892	null_1219_H	0.054	0.14323467230444	0.153805496828753	0.133289325478592
1	1221	null_1220	L	H	471	971	449	0	0	109	1891	null_1220_H	0.0545	0.988365943945003	1.4632469592808	0.486379720130508
1	1222	null_1221	L	H	983	771	159	0	0	87	1913	null_1221_H	0.0435	0.569262937794041	0.735493988499739	0.411433696153837
1	1223	null_1222	L	H	809	906	201	0	0	84	1916	null_1222_H	0.042	0.682672233820459	0.892484342379958	0.426442963550542
1	1224	null_1223	H	L	1729	167	5	0	0	99	1901	null_1223_L	0.0495	0.0931088900578643	0.0983692793266702	0.0897000139188627
1	1225	null_1224	L	H	1429	442	21	0	0	108	1892	null_1224_H	0.054	0.255813953488372	0.278012684989429	0.212571906190078
1	1226	null_1225	L	H	1341	519	35	0	0	105	1895	null_1225_H	0.0525	0.310817941952507	0.347757255936675	0.251149462897084
1	1227	null_1226	H	L	595	922	390	0	0	93	1907	null_1226_L	0.0465	0.892501310959623	1.30152071316203	0.50496212309739
1	1228	null_1227	L	H	1567	322	11	0	0	100	1900	null_1227_H	0.05	0.181052631578947	0.192631578947368	0.159851523545706
1	1229	null_1228	H	L	785	879	219	0	0	117	1883	null_1228_L	0.0585	0.699415825809878	0.932023366967605	0.442840869574292
1	1230	null_1229	L	H	1015	743	156	0	0	86	1914	null_1229_H	0.043	0.551201671891327	0.714211076280042	0.410387793184248
1	1231	null_1230	L	H	1170	628	90	0	0	112	1888	null_1230_H	0.056	0.427966101694915	0.523305084745763	0.34015010054582
1	1232	null_1231	L	H	1435	441	46	0	0	78	1922	null_1231_H	0.039	0.277315296566077	0.325182101977107	0.248278328267576
1	1233	null_1232	H	L	846	855	188	0	0	111	1889	null_1232_L	0.0555	0.651667548967708	0.850714663843303	0.426044069465724
1	1234	null_1233	L	H	1298	549	62	0	0	91	1909	null_1233_H	0.0455	0.352540597171294	0.417496071241488	0.293211198587595
1	1235	null_1234	H	L	1291	566	67	0	0	76	1924	null_1234_L	0.038	0.363825363825364	0.433471933471933	0.301103038109275
1	1236	null_1235	H	L	1393	458	40	0	0	109	1891	null_1235_L	0.0545	0.284505552617663	0.326811210999471	0.24586780152919
1	1237	null_1236	H	L	1654	234	8	0	0	104	1896	null_1236_L	0.052	0.131856540084388	0.140295358649789	0.122909211486763
1	1238	null_1237	L	H	598	917	374	0	0	111	1889	null_1237_H	0.0555	0.881418740074113	1.27739544732663	0.500496451972791
1	1239	null_1238	H	L	513	926	449	0	0	112	1888	null_1238_L	0.056	0.966101694915254	1.44173728813559	0.508384803217466
1	1240	null_1239	L	H	1248	571	72	0	0	109	1891	null_1239_H	0.0545	0.378106821787414	0.45425700687467	0.31129223819249
1	1241	null_1240	H	L	519	926	448	0	0	107	1893	null_1240_L	0.0535	0.962493396724776	1.43581616481775	0.509422626078954
1	1242	null_1241	L	H	863	833	221	0	0	83	1917	null_1241_H	0.0415	0.66510172143975	0.895670318205529	0.453310018343411
1	1243	null_1242	L	H	729	909	270	0	0	92	1908	null_1242_H	0.046	0.759433962264151	1.04245283018868	0.465712887148452
1	1244	null_1243	H	L	1457	407	28	0	0	108	1892	null_1243_L	0.054	0.244714587737844	0.27431289640592	0.214427666954217
1	1245	null_1244	L	H	1190	609	89	0	0	112	1888	null_1244_H	0.056	0.416843220338983	0.511122881355932	0.337364611013358
1	1246	null_1245	L	H	621	955	318	0	0	106	1894	null_1245_H	0.053	0.840021119324182	1.17581837381204	0.470182892901387
1	1247	null_1246	H	L	812	851	220	0	0	117	1883	null_1246_L	0.0585	0.685608072225173	0.919277748274031	0.449219319573713
1	1248	null_1247	H	L	920	825	152	0	0	103	1897	null_1247_L	0.0515	0.595150237216658	0.755403268318398	0.401199463459353
1	1249	null_1248	H	L	544	951	414	0	0	91	1909	null_1248_L	0.0455	0.931901519119958	1.36563645887899	0.497196017540909
1	1250	null_1249	H	L	603	964	323	0	0	110	1890	null_1249_L	0.055	0.851851851851852	1.19365079365079	0.467999216147364
1	1251	null_1250	L	H	855	849	186	0	0	110	1890	null_1250_H	0.055	0.646031746031746	0.842857142857143	0.425500125976316
1	1252	null_1251	L	H	511	969	406	0	0	114	1886	null_1251_H	0.057	0.944326617179215	1.37486744432662	0.483114684413477
1	1253	null_1252	L	H	845	849	205	0	0	101	1899	null_1252_H	0.0505	0.662980516061085	0.878883622959452	0.43934045828283
1	1254	null_1253	L	H	1303	522	54	0	0	121	1879	null_1253_H	0.0605	0.335284725918042	0.392762107503992	0.280346260070055
1	1255	null_1254	H	L	1326	521	58	0	0	95	1905	null_1254_L	0.0475	0.334383202099738	0.395275590551181	0.283463464704707
1	1256	null_1255	L	H	611	919	364	0	0	106	1894	null_1255_H	0.053	0.869588173178458	1.25395987328406	0.497776282352207
1	1257	null_1256	L	H	947	803	151	0	0	99	1901	null_1256_H	0.0495	0.581273014203051	0.740136770120989	0.402258453080289
1	1258	null_1257	H	L	1628	265	12	0	0	95	1905	null_1257_L	0.0475	0.151706036745407	0.164304461942257	0.141289740357259
1	1259	null_1258	H	L	998	765	130	0	0	107	1893	null_1258_L	0.0535	0.541468568409931	0.678816693079768	0.385628482503867
1	1260	null_1259	H	L	1696	204	2	0	0	98	1902	null_1259_L	0.049	0.109358569926393	0.111461619348055	0.0995023225317088
1	1261	null_1260	H	L	1483	386	17	0	0	114	1886	null_1260_L	0.057	0.222693531283139	0.240721102863203	0.191128693987848
1	1262	null_1261	L	H	1154	659	79	0	0	108	1892	null_1261_H	0.054	0.431818181818182	0.515327695560254	0.328860753411493
1	1263	null_1262	L	H	591	961	359	0	0	89	1911	null_1262_H	0.0445	0.878597592883307	1.25431711145997	0.482383381239627
1	1264	null_1263	L	H	1022	775	120	0	0	83	1917	null_1263_H	0.0415	0.529473135106938	0.654668753260303	0.374326952460333
1	1265	null_1264	H	L	627	953	334	0	0	86	1914	null_1264_L	0.043	0.846917450365726	1.19592476489028	0.4786555971563
1	1266	null_1265	L	H	629	928	346	0	0	97	1903	null_1265_H	0.0485	0.851287440882817	1.21492380451918	0.490233497514365
1	1267	null_1266	L	H	1688	211	2	0	0	99	1901	null_1266_H	0.0495	0.113098369279327	0.115202524986849	0.102411283853206
1	1268	null_1267	L	H	897	816	182	0	0	105	1895	null_1267_H	0.0525	0.622691292875989	0.814775725593668	0.427031279370096
1	1269	null_1268	H	L	924	796	188	0	0	92	1908	null_1268_L	0.046	0.614255765199162	0.811320754716981	0.434010609636574
1	1270	null_1269	L	H	941	794	164	0	0	101	1899	null_1269_H	0.0505	0.590837282780411	0.763559768299105	0.414471073575766
1	1271	null_1270	L	H	1253	576	58	0	0	113	1887	null_1270_H	0.0565	0.366719660837308	0.428192898781134	0.293709589136504
1	1272	null_1271	H	L	1018	758	116	0	0	108	1892	null_1271_L	0.054	0.523255813953488	0.645877378435518	0.37208073159939
1	1273	null_1272	L	H	498	977	440	0	0	85	1915	null_1272_H	0.0425	0.969712793733681	1.42924281984334	0.488899917512561
1	1274	null_1273	H	L	940	786	170	0	0	104	1896	null_1273_L	0.052	0.593881856540084	0.773206751054852	0.420511091527355
1	1275	null_1274	H	L	830	846	215	0	0	109	1891	null_1274_L	0.0545	0.674775251189847	0.902168164992068	0.446846525373747
1	1276	null_1275	H	L	565	938	389	0	0	108	1892	null_1275_L	0.054	0.906976744186047	1.31818181818182	0.495575003687497
1	1277	null_1276	H	L	517	939	424	0	0	120	1880	null_1276_L	0.06	0.950531914893617	1.40159574468085	0.498084823449525
1	1278	null_1277	L	H	1081	725	96	0	0	98	1902	null_1277_H	0.049	0.482124079915878	0.583070452155626	0.350626823720894
1	1279	null_1278	H	L	839	843	225	0	0	93	1907	null_1278_L	0.0465	0.678028316727845	0.914001048767698	0.454278650482903
1	1280	null_1279	L	H	1537	340	12	0	0	111	1889	null_1279_H	0.0555	0.192694547379566	0.205399682371625	0.168268493781809
1	1281	null_1280	H	L	1367	482	43	0	0	108	1892	null_1280_L	0.054	0.300211416490486	0.345665961945032	0.255539067353808
1	1282	null_1281	L	H	672	911	309	0	0	108	1892	null_1281_H	0.054	0.808139534883721	1.13477801268499	0.481688504842913
1	1283	null_1282	L	H	656	894	367	0	0	83	1917	null_1282_H	0.0415	0.84924360980699	1.2321335419927	0.51091883319469
1	1284	null_1283	H	L	830	855	210	0	0	105	1895	null_1283_L	0.0525	0.672823218997362	0.894459102902375	0.441768018880403
1	1285	null_1284	H	L	1374	496	33	0	0	97	1903	null_1284_L	0.0485	0.295323173935891	0.330005254860746	0.242789477797178
1	1286	null_1285	H	L	1349	494	46	0	0	111	1889	null_1285_L	0.0555	0.310217046056114	0.358920063525675	0.262685447861894
1	1287	null_1286	L	H	1497	376	37	0	0	90	1910	null_1286_H	0.045	0.235602094240838	0.27434554973822	0.218837202927551
1	1288	null_1287	L	H	612	933	355	0	0	100	1900	null_1287_H	0.05	0.864736842105263	1.23842105263158	0.490651246537396
1	1289	null_1288	L	H	633	952	310	0	0	105	1895	null_1288_H	0.0525	0.829551451187335	1.15672823218997	0.46857262202296
1	1290	null_1289	L	H	989	756	155	0	0	100	1900	null_1289_H	0.05	0.561052631578947	0.72421052631579	0.409430470914128
1	1291	null_1290	L	H	686	927	286	0	0	101	1899	null_1290_H	0.0505	0.789362822538178	1.09057398630858	0.467480320703144
1	1292	null_1291	H	L	1454	423	20	0	0	103	1897	null_1291_L	0.0515	0.244069583552978	0.265155508697944	0.20558554708222
1	1293	null_1292	H	L	1265	560	80	0	0	95	1905	null_1292_L	0.0475	0.377952755905512	0.461942257217848	0.319093971521276
1	1294	null_1293	L	H	1556	303	16	0	0	125	1875	null_1293_H	0.0625	0.178666666666667	0.195733333333333	0.163811555555556
1	1295	null_1294	L	H	1306	532	56	0	0	106	1894	null_1294_H	0.053	0.340021119324182	0.399155227032735	0.283540865446266
1	1296	null_1295	L	H	714	890	291	0	0	105	1895	null_1295_H	0.0525	0.776781002638523	1.08390501319261	0.480516287132504
1	1297	null_1296	L	H	1238	596	72	0	0	94	1906	null_1296_H	0.047	0.388247639034628	0.463798530954879	0.313062301738917
1	1298	null_1297	H	L	1096	714	113	0	0	77	1923	null_1297_L	0.0385	0.488819552782111	0.606344253770151	0.367399698588047
1	1299	null_1298	H	L	1047	721	142	0	0	90	1910	null_1298_L	0.045	0.526178010471204	0.674869109947644	0.398005811244209
1	1300	null_1299	L	H	594	926	386	0	0	94	1906	null_1299_H	0.047	0.89087093389297	1.29590766002099	0.502256639165655
1	1301	null_1300	L	H	899	841	160	0	0	100	1900	null_1300_H	0.05	0.611052631578947	0.779473684210526	0.40608836565097
1	1302	null_1301	L	H	969	781	135	0	0	115	1885	null_1301_H	0.0575	0.557559681697613	0.70079575596817	0.389922957313427
1	1303	null_1302	H	L	849	836	222	0	0	93	1907	null_1302_L	0.0465	0.671211326691138	0.904037755637126	0.453513110558649
1	1304	null_1303	L	H	646	927	344	0	0	83	1917	null_1303_H	0.0415	0.84246218049035	1.20135628586333	0.491613760306774
1	1305	null_1304	H	L	869	830	203	0	0	98	1902	null_1304_L	0.049	0.649842271293375	0.863301787592008	0.441006810032276
1	1306	null_1305	L	H	1511	366	25	0	0	98	1902	null_1305_H	0.049	0.218717139852787	0.245005257623554	0.197168070358171
1	1307	null_1306	L	H	877	824	191	0	0	108	1892	null_1306_H	0.054	0.637420718816068	0.839323467230444	0.433018294454452
1	1308	null_1307	L	H	745	904	265	0	0	86	1914	null_1307_H	0.043	0.749216300940439	1.02612330198537	0.464798236390497
1	1309	null_1308	H	L	1420	449	40	0	0	91	1909	null_1308_L	0.0455	0.27710843373494	0.319015191199581	0.242226107152549
1	1310	null_1309	L	H	766	883	250	0	0	101	1899	null_1309_H	0.0505	0.72827804107425	0.991574512901527	0.461185607790581
1	1311	null_1310	H	L	1009	760	120	0	0	111	1889	null_1310_L	0.0555	0.529380624669137	0.65643197458973	0.376188128814644
1	1312	null_1311	L	H	1087	701	125	0	0	87	1913	null_1311_H	0.0435	0.497124934657606	0.627809722948249	0.38067652228992
1	1313	null_1312	L	H	1430	440	40	0	0	90	1910	null_1312_H	0.045	0.272251308900524	0.31413612565445	0.240015350456402
1	1314	null_1313	L	H	1074	713	120	0	0	93	1907	null_1313_H	0.0465	0.499737808075511	0.6255899318301	0.375852055009983
1	1315	null_1314	H	L	687	949	267	0	0	97	1903	null_1314_L	0.0485	0.779295848660011	1.05990541250657	0.452603392767843
1	1316	null_1315	L	H	1039	750	111	0	0	100	1900	null_1315_H	0.05	0.511578947368421	0.628421052631579	0.366708033240997
1	1317	null_1316	H	L	689	928	293	0	0	90	1910	null_1316_L	0.045	0.792670157068063	1.09947643979058	0.471150461884268
1	1318	null_1317	L	H	813	831	252	0	0	104	1896	null_1317_H	0.052	0.704113924050633	0.969936708860759	0.474160290818779
1	1319	null_1318	H	L	1108	696	103	0	0	93	1907	null_1318_L	0.0465	0.472994231777661	0.581017304667016	0.357293761372076
1	1320	null_1319	H	L	575	931	382	0	0	112	1888	null_1319_L	0.056	0.897775423728814	1.30243644067797	0.496435729226515
1	1321	null_1320	H	L	1029	745	150	0	0	76	1924	null_1320_L	0.038	0.543139293139293	0.699064449064449	0.404064157312598
1	1322	null_1321	L	H	1562	315	10	0	0	113	1887	null_1321_H	0.0565	0.177530471648119	0.188129305776365	0.156612237412761
1	1323	null_1322	L	H	1226	591	81	0	0	102	1898	null_1322_H	0.051	0.396733403582719	0.482086406743941	0.324689013225613
1	1324	null_1323	H	L	1673	214	9	0	0	104	1896	null_1323_L	0.052	0.122362869198312	0.131856540084388	0.116883868325945
1	1325	null_1324	H	L	811	864	225	0	0	100	1900	null_1324_L	0.05	0.691578947368421	0.928421052631579	0.450139612188366
1	1326	null_1325	L	H	1489	393	29	0	0	89	1911	null_1325_H	0.0445	0.23600209314495	0.266352694924124	0.210655706955326
1	1327	null_1326	H	L	599	920	365	0	0	116	1884	null_1326_L	0.058	0.875796178343949	1.26326963906582	0.496250693063951
1	1328	null_1327	H	L	1178	623	108	0	0	91	1909	null_1327_L	0.0455	0.439497118910424	0.552645364064956	0.359487646534392
1	1329	null_1328	L	H	873	800	215	0	0	112	1888	null_1328_H	0.056	0.651483050847458	0.879237288135593	0.454807122594082
1	1330	null_1329	L	H	647	923	326	0	0	104	1896	null_1329_H	0.052	0.830696202531646	1.17457805907173	0.484521878171233
1	1331	null_1330	L	H	753	914	238	0	0	95	1905	null_1330_H	0.0475	0.729658792650919	0.979527559055118	0.447125605362322
1	1332	null_1331	L	H	1403	471	25	0	0	101	1899	null_1331_H	0.0505	0.274354923644023	0.300684570826751	0.225413946699033
1	1333	null_1332	H	L	1397	469	41	0	0	93	1907	null_1332_L	0.0465	0.288935500786576	0.331934976402727	0.248451252787937
1	1334	null_1333	L	H	693	925	287	0	0	95	1905	null_1333_H	0.0475	0.786876640419948	1.08818897637795	0.46901412913937
1	1335	null_1334	H	L	601	941	355	0	0	103	1897	null_1334_L	0.0515	0.870321560358461	1.2445967316816	0.487137113256817
1	1336	null_1335	H	L	1530	352	22	0	0	96	1904	null_1335_L	0.048	0.207983193277311	0.23109243697479	0.187835428288963
1	1337	null_1336	L	H	1254	590	65	0	0	91	1909	null_1336_H	0.0455	0.377160817181771	0.445259298061812	0.303009016044592
1	1338	null_1337	H	L	576	916	411	0	0	97	1903	null_1337_L	0.0485	0.913294797687861	1.3452443510247	0.511136963540987
1	1339	null_1338	L	H	1713	186	5	0	0	96	1904	null_1338_H	0.048	0.102941176470588	0.108193277310924	0.0975963914977756
1	1340	null_1339	L	H	1163	668	83	0	0	86	1914	null_1339_H	0.043	0.435736677115987	0.522466039707419	0.332599587923337
1	1341	null_1340	H	L	1522	351	23	0	0	104	1896	null_1340_L	0.052	0.209388185654008	0.233649789029536	0.189806376738058
1	1342	null_1341	L	H	1446	440	29	0	0	85	1915	null_1341_H	0.0425	0.260052219321149	0.290339425587467	0.222712268813612
1	1343	null_1342	L	H	1664	228	6	0	0	102	1898	null_1342_H	0.051	0.126448893572181	0.13277133825079	0.116782015565161
1	1344	null_1343	L	H	978	779	143	0	0	100	1900	null_1343_H	0.05	0.560526315789474	0.711052631578947	0.396862880886427
1	1345	null_1344	H	L	502	996	410	0	0	92	1908	null_1344_L	0.046	0.951781970649895	1.38155136268344	0.47566244302924
1	1346	null_1345	H	L	1735	181	9	0	0	75	1925	null_1345_L	0.0375	0.103376623376623	0.112727272727273	0.102040546466521
1	1347	null_1346	L	H	946	807	156	0	0	91	1909	null_1346_H	0.0455	0.586170770036668	0.749607124148769	0.406010952503388
1	1348	null_1347	L	H	827	870	218	0	0	85	1915	null_1347_H	0.0425	0.681984334203655	0.909660574412533	0.44455794231333
1	1349	null_1348	L	H	1675	226	5	0	0	94	1906	null_1348_H	0.047	0.123819517313746	0.12906610703043	0.113734834162621
1	1350	null_1349	L	H	1255	584	63	0	0	98	1902	null_1349_H	0.049	0.3732912723449	0.439537329127235	0.30019095511836
1	1351	null_1350	L	H	682	914	294	0	0	110	1890	null_1350_H	0.055	0.794708994708995	1.10582010582011	0.474257719548725
1	1352	null_1351	H	L	972	772	160	0	0	96	1904	null_1351_L	0.048	0.573529411764706	0.741596638655462	0.412660652496293
1	1353	null_1352	H	L	633	926	340	0	0	101	1899	null_1352_L	0.0505	0.845708267509215	1.20379146919431	0.488568995460874
1	1354	null_1353	H	L	658	909	320	0	0	113	1887	null_1353_L	0.0565	0.820879703232644	1.16004239533651	0.486198908157199
1	1355	null_1354	L	H	530	1003	379	0	0	88	1912	null_1354_H	0.044	0.92102510460251	1.31746861924686	0.469181375938797
1	1356	null_1355	L	H	1301	538	61	0	0	100	1900	null_1355_H	0.05	0.347368421052632	0.411578947368421	0.290914127423823
1	1357	null_1356	H	L	1142	674	90	0	0	94	1906	null_1356_L	0.047	0.448058761804827	0.542497376705142	0.341740722675067
1	1358	null_1357	L	H	543	961	395	0	0	101	1899	null_1357_H	0.0505	0.922064244339126	1.33807266982622	0.487870199137541
1	1359	null_1358	H	L	1231	586	80	0	0	103	1897	null_1358_L	0.0515	0.393252503953611	0.477596204533474	0.322948672667689
1	1360	null_1359	L	H	936	790	172	0	0	102	1898	null_1359_H	0.051	0.597471022128556	0.778714436248683	0.421742813965341
1	1361	null_1360	H	L	1383	464	40	0	0	113	1887	null_1360_L	0.0565	0.288288288288288	0.330683624801272	0.247573487637081
1	1362	null_1361	L	H	528	961	411	0	0	100	1900	null_1361_H	0.05	0.938421052631579	1.37105263157895	0.490418559556787
1	1363	null_1362	L	H	1374	481	38	0	0	107	1893	null_1362_H	0.0535	0.294241944004226	0.334389857369255	0.247811535757869
1	1364	null_1363	L	H	1662	204	11	0	0	123	1877	null_1363_H	0.0615	0.120404901438466	0.132125732551945	0.117628392261538
1	1365	null_1364	H	L	566	973	349	0	0	112	1888	null_1364_L	0.056	0.885063559322034	1.25476694915254	0.471429445112755
1	1366	null_1365	L	H	1040	738	130	0	0	92	1908	null_1365_H	0.046	0.523060796645702	0.659329140461216	0.385736543473579
1	1367	null_1366	L	H	784	884	223	0	0	109	1891	null_1366_H	0.0545	0.703331570597567	0.93918561607615	0.444510317876909
1	1368	null_1367	H	L	1177	642	90	0	0	91	1909	null_1367_L	0.0455	0.430591932949188	0.524882137244631	0.339472724523713
1	1369	null_1368	L	H	1177	629	93	0	0	101	1899	null_1368_H	0.0505	0.429173249078462	0.52711953659821	0.342929858873646
1	1370	null_1369	L	H	628	898	381	0	0	93	1907	null_1369_H	0.0465	0.87047718930257	1.27005768222339	0.512327145127286
1	1371	null_1370	H	L	703	930	278	0	0	89	1911	null_1370_L	0.0445	0.77760334903192	1.06855049712193	0.463883528696267
1	1372	null_1371	H	L	1397	469	32	0	0	102	1898	null_1371_L	0.051	0.280821917808219	0.314541622760801	0.235680673239315
1	1373	null_1372	H	L	963	798	152	0	0	87	1913	null_1372_L	0.0435	0.576058546785154	0.734971249346576	0.403127800022352
1	1374	null_1373	L	H	1655	246	8	0	0	91	1909	null_1373_H	0.0455	0.1372446306967	0.145625982189628	0.126789893534555
1	1375	null_1374	L	H	1291	544	55	0	0	110	1890	null_1374_H	0.055	0.346031746031746	0.404232804232804	0.284494834971025
1	1376	null_1375	H	L	1322	524	57	0	0	97	1903	null_1375_L	0.0485	0.335260115606936	0.395165528113505	0.282766182996729
1	1377	null_1376	H	L	886	807	214	0	0	93	1907	null_1376_L	0.0465	0.647614053487153	0.872050340849502	0.452646378575441
1	1378	null_1377	H	L	1614	273	14	0	0	99	1901	null_1377_L	0.0495	0.158337716991057	0.173066806943714	0.147995974321774
1	1379	null_1378	L	H	1120	677	99	0	0	104	1896	null_1378_H	0.052	0.461497890295359	0.565928270042194	0.352947967295127
1	1380	null_1379	H	L	553	924	416	0	0	107	1893	null_1379_L	0.0535	0.927628103539356	1.36714210248283	0.50664820400681
1	1381	null_1380	L	H	1009	713	173	0	0	105	1895	null_1380_H	0.0525	0.558839050131926	0.741424802110818	0.429123718158465
1	1382	null_1381	H	L	1144	656	83	0	0	117	1883	null_1381_L	0.0585	0.436537440254912	0.5246946362188	0.334129699474489
1	1383	null_1382	H	L	707	938	251	0	0	104	1896	null_1382_L	0.052	0.759493670886076	1.02426160337553	0.44743096725952
1	1384	null_1383	H	L	990	756	165	0	0	89	1911	null_1383_L	0.0445	0.56828885400314	0.740973312401884	0.418021090817682
1	1385	null_1384	H	L	714	928	261	0	0	97	1903	null_1384_L	0.0485	0.761954808197583	1.03625853914871	0.455683409413297
1	1386	null_1385	H	L	518	964	415	0	0	103	1897	null_1385_L	0.0515	0.945703742751713	1.38323668950975	0.488881120455154
1	1387	null_1386	H	L	1073	705	108	0	0	114	1886	null_1386_L	0.057	0.488335100742312	0.602863202545069	0.364392031928065
1	1388	null_1387	L	H	1590	306	14	0	0	90	1910	null_1387_H	0.045	0.174869109947644	0.189528795811518	0.158949590197637
1	1389	null_1388	L	H	604	933	365	0	0	98	1902	null_1388_H	0.049	0.874342797055731	1.25814931650894	0.493673989745699
1	1390	null_1389	L	H	901	795	208	0	0	96	1904	null_1389_H	0.048	0.636029411764706	0.854516806722689	0.449983394092931
1	1391	null_1390	L	H	1096	688	105	0	0	111	1889	null_1390_H	0.0555	0.475383800952885	0.586553732133404	0.360563973924992
1	1392	null_1391	L	H	1580	310	5	0	0	105	1895	null_1391_H	0.0525	0.168865435356201	0.174142480211082	0.145626944953043
1	1393	null_1392	H	L	622	902	369	0	0	107	1893	null_1392_L	0.0535	0.86634970945589	1.25620707871104	0.505645259636736
1	1394	null_1393	L	H	750	897	256	0	0	97	1903	null_1393_H	0.0485	0.740409879138203	1.00945874934314	0.461251960217694
1	1395	null_1394	L	H	1055	718	126	0	0	101	1899	null_1394_H	0.0505	0.510795155344918	0.643496577145866	0.382584886422027
1	1396	null_1395	L	H	984	766	142	0	0	108	1892	null_1395_H	0.054	0.554968287526427	0.70507399577167	0.397084195611655
1	1397	null_1396	H	L	810	864	219	0	0	107	1893	null_1396_L	0.0535	0.687797147385103	0.919175911251981	0.446110995300896
1	1398	null_1397	H	L	948	780	164	0	0	108	1892	null_1397_L	0.054	0.585623678646934	0.758985200845666	0.416030107853698
1	1399	null_1398	H	L	830	854	221	0	0	95	1905	null_1398_L	0.0475	0.680314960629921	0.912335958005249	0.449507512348358
1	1400	null_1399	L	H	1272	587	59	0	0	82	1918	null_1399_H	0.041	0.367570385818561	0.429092805005214	0.293984816474408
1	1401	null_1400	L	H	1560	313	19	0	0	108	1892	null_1400_H	0.054	0.185517970401691	0.205602536997886	0.171185619655923
1	1402	null_1401	L	H	809	855	245	0	0	91	1909	null_1401_H	0.0455	0.70455735987428	0.961236249345207	0.464835175992192
1	1403	null_1402	H	L	494	949	474	0	0	83	1917	null_1402_L	0.0415	0.989567031820553	1.48408972352634	0.504846813060204
1	1404	null_1403	L	H	1681	197	2	0	0	120	1880	null_1403_H	0.06	0.106914893617021	0.109042553191489	0.0976117587143504
1	1405	null_1404	L	H	1058	753	93	0	0	96	1904	null_1404_H	0.048	0.493172268907563	0.590861344537815	0.347642457718381
1	1406	null_1405	L	H	1561	320	14	0	0	105	1895	null_1405_H	0.0525	0.183641160949868	0.198416886543536	0.16469281054852
1	1407	null_1406	L	H	1522	357	25	0	0	96	1904	null_1406_H	0.048	0.213760504201681	0.240021008403361	0.194327455246805
1	1408	null_1407	L	H	1430	440	57	0	0	73	1927	null_1407_H	0.0365	0.287493513233005	0.34665282823041	0.264000308079354
1	1409	null_1408	H	L	663	901	324	0	0	112	1888	null_1408_L	0.056	0.820444915254237	1.16366525423729	0.490535395270756
1	1410	null_1409	H	L	1622	274	18	0	0	86	1914	null_1409_L	0.043	0.1619644723093	0.180773249738767	0.154540759448337
1	1411	null_1410	H	L	1055	725	117	0	0	103	1897	null_1410_L	0.0515	0.505535055350554	0.628887717448603	0.373322025260316
1	1412	null_1411	H	L	914	815	178	0	0	93	1907	null_1411_L	0.0465	0.614053487152596	0.800734137388569	0.423672452304306
1	1413	null_1412	H	L	1541	360	21	0	0	78	1922	null_1412_L	0.039	0.209157127991675	0.231009365244537	0.187262661054811
1	1414	null_1413	H	L	827	837	227	0	0	109	1891	null_1413_L	0.0545	0.682707562136436	0.922792173453199	0.456702558054924
1	1415	null_1414	H	L	1127	669	92	0	0	112	1888	null_1414_L	0.056	0.451800847457627	0.549258474576271	0.345134468812841
1	1416	null_1415	H	L	687	896	305	0	0	112	1888	null_1415_L	0.056	0.797669491525424	1.12076271186441	0.484486094153979
1	1417	null_1416	H	L	510	942	454	0	0	94	1906	null_1416_L	0.047	0.970619097586569	1.44700944386149	0.504908011261725
1	1418	null_1417	L	H	913	807	165	0	0	115	1885	null_1417_H	0.0575	0.603183023872679	0.778249336870027	0.414419576581838
1	1419	null_1418	L	H	702	903	294	0	0	101	1899	null_1418_H	0.0505	0.785150078988942	1.09478672985782	0.478326083321479
1	1420	null_1419	L	H	1649	250	16	0	0	85	1915	null_1419_H	0.0425	0.147258485639687	0.163968668407311	0.142283606814417
1	1421	null_1420	L	H	1318	533	54	0	0	95	1905	null_1420_H	0.0475	0.336482939632546	0.393175853018373	0.279955084354613
1	1422	null_1421	L	H	538	937	431	0	0	94	1906	null_1421_H	0.047	0.94386149003148	1.39611752360965	0.505243011245209
1	1423	null_1422	H	L	759	900	250	0	0	91	1909	null_1422_L	0.0455	0.733368255631221	0.995285489785228	0.457456491417649
1	1424	null_1423	L	H	656	904	354	0	0	86	1914	null_1423_H	0.043	0.842215256008359	1.21212121212121	0.502794674667986
1	1425	null_1424	H	L	688	908	310	0	0	94	1906	null_1424_L	0.047	0.801678908709339	1.12696747114376	0.48427839847436
1	1426	null_1425	H	L	1192	616	82	0	0	110	1890	null_1425_L	0.055	0.412698412698413	0.499470899470899	0.32915091962711
1	1427	null_1426	L	H	690	932	255	0	0	123	1877	null_1426_H	0.0615	0.768247202983484	1.03995737879595	0.449753613904004
1	1428	null_1427	L	H	1556	342	19	0	0	83	1917	null_1427_H	0.0415	0.198226395409494	0.218049034950443	0.178755331113402
1	1429	null_1428	L	H	963	761	156	0	0	120	1880	null_1428_H	0.06	0.570744680851064	0.736702127659575	0.410952636939792
1	1430	null_1429	L	H	1410	454	36	0	0	100	1900	null_1429_H	0.05	0.276842105263158	0.314736842105263	0.238095290858726
1	1431	null_1430	H	L	1705	193	6	0	0	96	1904	null_1430_L	0.048	0.107668067226891	0.113970588235294	0.10237817553492
1	1432	null_1431	H	L	939	750	210	0	0	101	1899	null_1431_L	0.0505	0.616113744075829	0.837282780410743	0.457686634771606
1	1433	null_1432	L	H	504	925	471	0	0	100	1900	null_1432_H	0.05	0.982631578947368	1.47842105263158	0.512856232686981
1	1434	null_1433	H	L	1126	677	96	0	0	101	1899	null_1433_L	0.0505	0.457609268035808	0.558715113217483	0.349308871025215
1	1435	null_1434	L	H	1588	293	20	0	0	99	1901	null_1434_H	0.0495	0.175170962651236	0.19621251972646	0.165527653570299
1	1436	null_1435	H	L	845	855	206	0	0	94	1906	null_1435_L	0.047	0.664742917103883	0.88090241343127	0.439019267591491
1	1437	null_1436	H	L	729	900	264	0	0	107	1893	null_1436_L	0.0535	0.754358161648178	1.03328050713154	0.464224271086319
1	1438	null_1437	H	L	1297	548	57	0	0	98	1902	null_1437_L	0.049	0.348054679284963	0.407991587802313	0.286849528030155
1	1439	null_1438	H	L	687	910	304	0	0	99	1901	null_1438_L	0.0495	0.798527091004734	1.11835875854813	0.480713243479649
1	1440	null_1439	L	H	677	901	302	0	0	120	1880	null_1439_H	0.06	0.800531914893617	1.1218085106383	0.480957163875057
1	1441	null_1440	H	L	549	938	412	0	0	101	1899	null_1440_L	0.0505	0.927856766719326	1.36176935229068	0.500851172743838
1	1442	null_1441	L	H	1673	217	4	0	0	106	1894	null_1441_H	0.053	0.118796198521647	0.123020063357973	0.108907526574778
1	1443	null_1442	H	L	812	834	249	0	0	105	1895	null_1442_L	0.0525	0.702902374670185	0.965699208443272	0.471627460126287
1	1444	null_1443	L	H	1515	350	20	0	0	115	1885	null_1443_H	0.0575	0.206896551724138	0.228116710875332	0.185310527759993
1	1445	null_1444	L	H	1048	728	122	0	0	102	1898	null_1444_H	0.051	0.512118018967334	0.640674394099052	0.378409528748025
1	1446	null_1445	H	L	959	769	173	0	0	99	1901	null_1445_L	0.0495	0.586533403471857	0.768542872172541	0.424521438784261
1	1447	null_1446	L	H	561	949	373	0	0	117	1883	null_1446_H	0.0585	0.90015932023367	1.2963356346256	0.486048832822055
1	1448	null_1447	L	H	685	892	318	0	0	105	1895	null_1447_H	0.0525	0.806332453825858	1.14195250659631	0.491780480503477
1	1449	null_1448	L	H	1063	736	97	0	0	104	1896	null_1448_H	0.052	0.490506329113924	0.592827004219409	0.352230545318592
1	1450	null_1449	L	H	570	979	344	0	0	107	1893	null_1449_H	0.0535	0.880612783940835	1.24405705229794	0.468578177057913
1	1451	null_1450	H	L	692	935	281	0	0	92	1908	null_1450_L	0.046	0.784591194968554	1.07914046121593	0.46355711799375
1	1452	null_1451	H	L	929	795	172	0	0	104	1896	null_1451_L	0.052	0.600738396624473	0.782172995780591	0.421286374601649
1	1453	null_1452	L	H	757	877	249	0	0	117	1883	null_1452_H	0.0585	0.730217737652682	0.994689325544344	0.461471381161743
1	1454	null_1453	H	L	1661	219	9	0	0	111	1889	null_1453_L	0.0555	0.125463208046586	0.13499205929063	0.119251042717289
1	1455	null_1454	H	L	1116	696	101	0	0	87	1913	null_1454_L	0.0435	0.46941975953999	0.575013068478829	0.354658157832247
1	1456	null_1455	L	H	660	919	301	0	0	120	1880	null_1455_H	0.06	0.809042553191489	1.12925531914894	0.474705466274332
1	1457	null_1456	H	L	503	965	411	0	0	121	1879	null_1456_L	0.0605	0.951037786056413	1.38850452368281	0.484031653175726
1	1458	null_1457	L	H	588	945	363	0	0	104	1896	null_1457_H	0.052	0.881329113924051	1.26424050632911	0.487499499278962
1	1459	null_1458	L	H	1642	254	8	0	0	96	1904	null_1458_H	0.048	0.141806722689076	0.150210084033613	0.130100937433797
1	1460	null_1459	H	L	528	944	424	0	0	104	1896	null_1459_L	0.052	0.945147679324895	1.39240506329114	0.499100927557906
1	1461	null_1460	L	H	1585	315	15	0	0	85	1915	null_1460_H	0.0425	0.180156657963446	0.195822454308094	0.163366032899536
1	1462	null_1461	H	L	909	814	171	0	0	106	1894	null_1461_L	0.053	0.610348468848997	0.790918690601901	0.418393437175586
1	1463	null_1462	H	L	561	964	379	0	0	96	1904	null_1462_L	0.048	0.904411764705882	1.30252100840336	0.484560368264953
1	1464	null_1463	H	L	779	872	246	0	0	103	1897	null_1463_L	0.0515	0.719030047443332	0.97838692672641	0.461382717600051
1	1465	null_1464	L	H	557	960	379	0	0	104	1896	null_1464_H	0.052	0.906118143459916	1.30590717299578	0.484857083088536
1	1466	null_1465	L	H	809	851	249	0	0	91	1909	null_1465_H	0.0455	0.706652697747512	0.967522262964903	0.468164227731067
1	1467	null_1466	H	L	1291	550	53	0	0	106	1894	null_1466_L	0.053	0.346356916578669	0.402323125659979	0.282360011998096
1	1468	null_1467	L	H	804	823	274	0	0	99	1901	null_1467_H	0.0495	0.721199368753288	1.00946870068385	0.48934017119371
1	1469	null_1468	H	L	618	917	347	0	0	118	1882	null_1468_L	0.059	0.856004250797025	1.22476089266738	0.4920176152848
1	1470	null_1469	L	H	537	925	442	0	0	96	1904	null_1469_H	0.048	0.950105042016807	1.41439075630252	0.511691165436763
1	1471	null_1470	L	H	1165	620	109	0	0	106	1894	null_1470_H	0.053	0.442449841605069	0.557550158394931	0.361788296058581
1	1472	null_1471	H	L	638	917	364	0	0	81	1919	null_1471_L	0.0405	0.857217300677436	1.23658155289213	0.501760052311421
1	1473	null_1472	H	L	789	894	232	0	0	85	1915	null_1472_L	0.0425	0.709138381201044	0.951436031331593	0.448558787639155
1	1474	null_1473	L	H	1006	741	136	0	0	117	1883	null_1473_H	0.0585	0.537971322357939	0.682421667551779	0.393008523872229
1	1475	null_1474	L	H	1233	577	76	0	0	114	1886	null_1474_H	0.057	0.386532343584305	0.467126193001061	0.317718940364285
1	1476	null_1475	L	H	1176	643	73	0	0	108	1892	null_1475_H	0.054	0.417019027484144	0.494186046511628	0.320281177227807
1	1477	null_1476	H	L	639	923	343	0	0	95	1905	null_1476_L	0.0475	0.844619422572179	1.20472440944882	0.491342440462659
1	1478	null_1477	H	L	1591	293	9	0	0	107	1893	null_1477_L	0.0535	0.164289487585843	0.173798203909139	0.14680716817792
1	1479	null_1478	H	L	791	839	260	0	0	110	1890	null_1478_L	0.055	0.719047619047619	0.994179894179894	0.477150415721844
1	1480	null_1479	L	H	1013	743	140	0	0	104	1896	null_1479_H	0.052	0.539556962025316	0.687236286919831	0.396114571649842
1	1481	null_1480	L	H	1042	742	134	0	0	82	1918	null_1480_H	0.041	0.526590198123045	0.666319082377477	0.389021845618209
1	1482	null_1481	L	H	1352	508	50	0	0	90	1910	null_1481_H	0.045	0.318324607329843	0.370680628272251	0.269350072640553
1	1483	null_1482	H	L	1249	573	77	0	0	101	1899	null_1482_L	0.0505	0.382833070036862	0.463928383359663	0.317367223845814
1	1484	null_1483	H	L	1297	556	57	0	0	90	1910	null_1483_L	0.045	0.350785340314136	0.410471204188482	0.287420849209177
1	1485	null_1484	L	H	599	943	364	0	0	94	1906	null_1484_H	0.047	0.876705141657922	1.25865687303253	0.490044967623091
1	1486	null_1485	L	H	860	865	194	0	0	81	1919	null_1485_H	0.0405	0.6529442417926	0.855132881709224	0.42879669881911
1	1487	null_1486	H	L	1539	356	21	0	0	84	1916	null_1486_L	0.042	0.207724425887265	0.22964509394572	0.186495656835526
1	1488	null_1487	L	H	1350	518	46	0	0	86	1914	null_1487_H	0.043	0.318704284221526	0.366771159874608	0.265198739093453
1	1489	null_1488	L	H	661	926	317	0	0	96	1904	null_1488_H	0.048	0.819327731092437	1.15231092436975	0.481012993432667
1	1490	null_1489	L	H	504	958	424	0	0	114	1886	null_1489_H	0.057	0.957582184517497	1.40721102863203	0.490247388526723
1	1491	null_1490	H	L	1277	565	53	0	0	105	1895	null_1490_L	0.0525	0.354089709762533	0.410026385224274	0.28464686266456
1	1492	null_1491	L	H	890	796	214	0	0	100	1900	null_1491_H	0.05	0.644210526315789	0.869473684210526	0.45446648199446
1	1493	null_1492	H	L	1532	330	21	0	0	117	1883	null_1492_L	0.0585	0.197557089750398	0.219861922464153	0.180833118753506
1	1494	null_1493	H	L	854	838	221	0	0	87	1913	null_1493_L	0.0435	0.669106116048092	0.900156821745949	0.452453827212986
1	1495	null_1494	L	H	972	778	145	0	0	105	1895	null_1494_H	0.0525	0.563588390501319	0.716622691292876	0.398990817385009
1	1496	null_1495	L	H	1562	319	13	0	0	106	1894	null_1495_H	0.053	0.182154171066526	0.195881731784583	0.16270158974765
1	1497	null_1496	L	H	597	951	378	0	0	74	1926	null_1496_H	0.037	0.886292834890966	1.27881619937695	0.493301210197882
1	1498	null_1497	H	L	516	918	465	0	0	101	1899	null_1497_L	0.0505	0.973143759873618	1.46287519747235	0.515866420091393
1	1499	null_1498	L	H	1273	568	55	0	0	104	1896	null_1498_H	0.052	0.357594936708861	0.415611814345992	0.287737675586177
1	1500	null_1499	H	L	1317	519	54	0	0	110	1890	null_1499_L	0.055	0.331746031746032	0.388888888888889	0.27883345930965
1	1501	null_1500	L	H	1246	574	59	0	0	121	1879	null_1500_H	0.0605	0.368281000532198	0.431080361894625	0.295449466541628
1	1502	null_1501	L	H	967	782	156	0	0	95	1905	null_1501_H	0.0475	0.574278215223097	0.738057742782152	0.408262274302326
1	1503	null_1502	H	L	1026	717	151	0	0	106	1894	null_1502_L	0.053	0.538014783526927	0.697465681098205	0.408005773804679
1	1504	null_1503	H	L	587	975	335	0	0	103	1897	null_1503_L	0.0515	0.867158671586716	1.22034791776489	0.468383756056854
1	1505	null_1504	H	L	1378	477	38	0	0	107	1893	null_1504_L	0.0535	0.292128895932382	0.332276809297412	0.246937517458739
1	1506	null_1505	L	H	1155	643	123	0	0	79	1921	null_1505_H	0.0395	0.462779802186361	0.590838105153566	0.376672959841918
1	1507	null_1506	L	H	868	816	196	0	0	120	1880	null_1506_H	0.06	0.642553191489362	0.851063829787234	0.43818922589407
1	1508	null_1507	H	L	739	885	278	0	0	98	1902	null_1507_L	0.049	0.757623554153523	1.04994742376446	0.475953973956243
1	1509	null_1508	L	H	991	745	156	0	0	108	1892	null_1508_H	0.054	0.558668076109937	0.723572938689218	0.41146291942484
1	1510	null_1509	L	H	836	832	244	0	0	88	1912	null_1509_H	0.044	0.690376569037657	0.94560669456067	0.468986887484463
1	1511	null_1510	L	H	1329	508	70	0	0	93	1907	null_1510_H	0.0465	0.339800734137389	0.413214472994232	0.297749934073924
1	1512	null_1511	H	L	889	848	178	0	0	85	1915	null_1511_L	0.0425	0.628720626631854	0.814621409921671	0.41933178356932
1	1513	null_1512	L	H	1588	300	14	0	0	98	1902	null_1512_H	0.049	0.172450052576236	0.187171398527865	0.157432377894319
1	1514	null_1513	L	H	1485	403	25	0	0	87	1913	null_1513_H	0.0435	0.236800836382645	0.262937794040774	0.206863157929253
1	1515	null_1514	L	H	1208	615	77	0	0	100	1900	null_1514_H	0.05	0.404736842105263	0.485789473684211	0.32197756232687
1	1516	null_1515	L	H	1488	398	36	0	0	78	1922	null_1515_H	0.039	0.244536940686785	0.281997918834547	0.222199603474095
1	1517	null_1516	H	L	839	811	243	0	0	107	1893	null_1516_L	0.0535	0.685155837295299	0.9418911780243	0.472452656644478
1	1518	null_1517	H	L	502	928	466	0	0	104	1896	null_1517_L	0.052	0.981012658227848	1.47257383966245	0.510188004059179
1	1519	null_1518	H	L	1157	666	79	0	0	98	1902	null_1518_L	0.049	0.43322818086225	0.516298633017876	0.328611976324661
1	1520	null_1519	L	H	582	930	390	0	0	98	1902	null_1519_H	0.049	0.899053627760252	1.30914826498423	0.500850839395357
1	1521	null_1520	L	H	1503	373	22	0	0	102	1898	null_1520_H	0.051	0.219704952581665	0.242887249736565	0.194616983547653
1	1522	null_1521	H	L	910	819	181	0	0	90	1910	null_1521_L	0.045	0.618324607329843	0.807853403141361	0.425528083111757
1	1523	null_1522	H	L	1446	423	28	0	0	103	1897	null_1522_L	0.0515	0.252503953610965	0.282024248813917	0.218266002224749
1	1524	null_1523	L	H	1513	357	21	0	0	109	1891	null_1523_H	0.0545	0.21099947117927	0.23320994182972	0.188689164991788
1	1525	null_1524	H	L	1286	544	62	0	0	108	1892	null_1524_L	0.054	0.353065539112051	0.418604651162791	0.293949376254308
1	1526	null_1525	L	H	1137	664	89	0	0	110	1890	null_1525_H	0.055	0.445502645502646	0.53968253968254	0.341209932532684
1	1527	null_1526	H	L	1477	414	17	0	0	92	1908	null_1526_L	0.046	0.234800838574424	0.252620545073375	0.197489111278123
1	1528	null_1527	L	H	543	954	396	0	0	107	1893	null_1527_H	0.0535	0.922345483359747	1.34072900158479	0.490007810910662
1	1529	null_1528	L	H	1476	394	31	0	0	99	1901	null_1528_H	0.0495	0.239873750657549	0.272488164124145	0.214948747869625
1	1530	null_1529	L	H	766	886	237	0	0	111	1889	null_1529_H	0.0555	0.719957649550027	0.970884065643198	0.452545048497599
1	1531	null_1530	L	H	668	913	313	0	0	106	1894	null_1530_H	0.053	0.812565997888068	1.14308342133052	0.482819920406686
1	1532	null_1531	L	H	1211	603	84	0	0	102	1898	null_1531_H	0.051	0.406217070600632	0.494731296101159	0.3297189876538
1	1533	null_1532	L	H	599	946	347	0	0	108	1892	null_1532_H	0.054	0.866807610993658	1.23361522198732	0.482259787510783
1	1534	null_1533	H	L	638	933	325	0	0	104	1896	null_1533_L	0.052	0.834915611814346	1.17774261603376	0.480658537182432
1	1535	null_1534	H	L	1171	627	93	0	0	109	1891	null_1534_L	0.0545	0.42993125330513	0.528291909042835	0.343451026474315
1	1536	null_1535	L	H	1033	720	146	0	0	101	1899	null_1535_H	0.0505	0.53291205897841	0.68667719852554	0.402681935920932
1	1537	null_1536	H	L	1139	671	94	0	0	96	1904	null_1536_L	0.048	0.451155462184874	0.549894957983193	0.346353706923946
1	1538	null_1537	H	L	769	891	237	0	0	103	1897	null_1537_L	0.0515	0.719557195571956	0.9694254085398	0.451662850840422
1	1539	null_1538	H	L	1024	734	153	0	0	89	1911	null_1538_L	0.0445	0.54421768707483	0.704343275771847	0.40817038484677
1	1540	null_1539	L	H	950	796	164	0	0	90	1910	null_1539_H	0.045	0.58848167539267	0.76020942408377	0.413898741810806
1	1541	null_1540	H	L	710	880	299	0	0	111	1889	null_1540_L	0.0555	0.782424563260985	1.09899417681313	0.486805979618986
1	1542	null_1541	H	L	1007	756	145	0	0	92	1908	null_1541_L	0.046	0.548218029350105	0.70020964360587	0.399666635901358
1	1543	null_1542	H	L	563	929	394	0	0	114	1886	null_1542_L	0.057	0.910392364793213	1.32820784729586	0.499393589422085
1	1544	null_1543	L	H	1637	259	7	0	0	97	1903	null_1543_H	0.0485	0.143457698370993	0.15081450341566	0.130234392193757
1	1545	null_1544	H	L	1091	688	119	0	0	102	1898	null_1544_L	0.051	0.487881981032666	0.613277133825079	0.37524830640872
1	1546	null_1545	H	L	1033	715	137	0	0	115	1885	null_1545_L	0.0575	0.524668435013263	0.670026525198939	0.394749558499673
1	1547	null_1546	H	L	885	823	185	0	0	107	1893	null_1546_L	0.0535	0.630216587427364	0.8256735340729	0.428500587004308
1	1548	null_1547	L	H	1077	704	124	0	0	95	1905	null_1547_H	0.0475	0.499737532808399	0.62992125984252	0.380183658145094
1	1549	null_1548	L	H	882	823	189	0	0	106	1894	null_1548_H	0.053	0.634107708553326	0.833685322069694	0.431592736022944
1	1550	null_1549	H	L	579	934	385	0	0	102	1898	null_1549_L	0.051	0.897787144362487	1.30347734457324	0.497455587990686
1	1551	null_1550	H	L	1481	385	25	0	0	109	1891	null_1550_L	0.0545	0.230037017451084	0.256478053939714	0.203561024541924
1	1552	null_1551	L	H	734	879	273	0	0	114	1886	null_1551_H	0.057	0.755567338282078	1.04506892895016	0.474186926271494
1	1553	null_1552	H	L	744	896	269	0	0	91	1909	null_1552_L	0.0455	0.751178627553693	1.0330015715034	0.468732241009955
1	1554	null_1553	H	L	1514	363	27	0	0	96	1904	null_1553_L	0.048	0.219012605042017	0.247373949579832	0.199407428412542
1	1555	null_1554	L	H	482	989	448	0	0	81	1919	null_1554_H	0.0405	0.982282438770193	1.44919228764982	0.4843134981335
1	1556	null_1555	H	L	1278	539	67	0	0	116	1884	null_1555_L	0.058	0.357218683651805	0.428343949044586	0.300738761094658
1	1557	null_1556	L	H	1646	241	6	0	0	107	1893	null_1556_H	0.0535	0.13365029054411	0.139989434759641	0.122127034597116
1	1558	null_1557	L	H	559	918	407	0	0	116	1884	null_1557_H	0.058	0.91932059447983	1.35138004246285	0.506229687028097
1	1559	null_1558	L	H	1217	606	73	0	0	104	1896	null_1558_H	0.052	0.39662447257384	0.473628691983122	0.316317719738646
1	1560	null_1559	L	H	1192	612	81	0	0	115	1885	null_1559_H	0.0575	0.410610079575597	0.496551724137931	0.327951086688853
1	1561	null_1560	H	L	1352	499	55	0	0	94	1906	null_1560_L	0.047	0.319517313746065	0.377229800629591	0.275138486846089
1	1562	null_1561	L	H	1211	604	68	0	0	117	1883	null_1561_H	0.0585	0.392989909718534	0.465215082315454	0.310774013174872
1	1563	null_1562	H	L	1498	378	31	0	0	93	1907	null_1562_L	0.0465	0.230728893550079	0.263240692186681	0.210004869867837
1	1564	null_1563	H	L	1519	361	21	0	0	99	1901	null_1563_L	0.0495	0.211993687532877	0.234087322461862	0.189145998908075
1	1565	null_1564	L	H	541	923	429	0	0	107	1893	null_1564_H	0.0535	0.940834653988378	1.39408346539884	0.508913619253406
1	1566	null_1565	H	L	1335	497	63	0	0	105	1895	null_1565_L	0.0525	0.328759894459103	0.395250659630607	0.287167591425846
1	1567	null_1566	L	H	977	790	143	0	0	90	1910	null_1566_H	0.045	0.563350785340314	0.713089005235602	0.395724897892053
1	1568	null_1567	L	H	1225	608	65	0	0	102	1898	null_1567_H	0.051	0.388830347734457	0.457323498419389	0.30613445910009
1	1569	null_1568	L	H	1643	254	7	0	0	96	1904	null_1568_H	0.048	0.140756302521008	0.148109243697479	0.128296906998093
1	1570	null_1569	L	H	1061	700	139	0	0	100	1900	null_1569_H	0.05	0.514736842105263	0.661052631578947	0.396098614958449
1	1571	null_1570	L	H	1116	691	106	0	0	87	1913	null_1570_H	0.0435	0.472033455305803	0.582854155776268	0.360038572848333
1	1572	null_1571	H	L	1247	591	56	0	0	106	1894	null_1571_L	0.053	0.37117212249208	0.430306230200634	0.292537485685358
1	1573	null_1572	L	H	1484	386	28	0	0	102	1898	null_1572_H	0.051	0.232876712328767	0.262381454162276	0.208149891017221
1	1574	null_1573	L	H	1175	658	73	0	0	94	1906	null_1573_H	0.047	0.421825813221406	0.498426023084995	0.320489006385094
1	1575	null_1574	H	L	1032	724	157	0	0	87	1913	null_1574_L	0.0435	0.54260324098275	0.706743335075797	0.412325057950813
1	1576	null_1575	L	H	878	852	167	0	0	103	1897	null_1575_H	0.0515	0.625197680548234	0.801265155508698	0.410393015745806
1	1577	null_1576	H	L	1187	640	66	0	0	107	1893	null_1576_L	0.0535	0.407818277865821	0.477548864236661	0.311233116475217
1	1578	null_1577	H	L	1191	625	89	0	0	95	1905	null_1577_L	0.0475	0.421522309711286	0.51496062992126	0.337279572336922
1	1579	null_1578	L	H	1547	364	13	0	0	76	1924	null_1578_H	0.038	0.202702702702703	0.216216216216216	0.175127830533236
1	1580	null_1579	L	H	979	744	181	0	0	96	1904	null_1579_H	0.048	0.580882352941177	0.771008403361345	0.433584095402867
1	1581	null_1580	L	H	963	775	171	0	0	91	1909	null_1580_H	0.0455	0.585123101100052	0.764274489261393	0.421905445820451
1	1582	null_1581	L	H	1531	353	19	0	0	97	1903	null_1581_H	0.0485	0.205465055176038	0.225433526011561	0.183217637113068
1	1583	null_1582	H	L	1676	223	7	0	0	94	1906	null_1582_L	0.047	0.124344176285414	0.131689401888772	0.116227927712674
1	1584	null_1583	L	H	1526	350	17	0	0	107	1893	null_1583_H	0.0535	0.202852614896989	0.22081352350766	0.179664340137114
1	1585	null_1584	L	H	1523	356	21	0	0	100	1900	null_1584_H	0.05	0.209473684210526	0.231578947368421	0.18769972299169
1	1586	null_1585	L	H	1052	713	117	0	0	118	1882	null_1585_H	0.059	0.503188097768332	0.627523910733263	0.374325648997551
1	1587	null_1586	L	H	501	957	432	0	0	110	1890	null_1586_H	0.055	0.963492063492063	1.42063492063492	0.492317964222726
1	1588	null_1587	L	H	832	853	219	0	0	96	1904	null_1587_H	0.048	0.678046218487395	0.908088235294118	0.448341560889061
1	1589	null_1588	L	H	545	934	416	0	0	105	1895	null_1588_H	0.0525	0.931926121372032	1.37097625329815	0.502489957602634
1	1590	null_1589	L	H	1330	506	70	0	0	94	1906	null_1589_H	0.047	0.338929695697796	0.412381951731375	0.297508613105574
1	1591	null_1590	H	L	1130	662	105	0	0	103	1897	null_1590_L	0.0515	0.459673168160253	0.570374275171323	0.359074853644839
1	1592	null_1591	L	H	1242	594	51	0	0	113	1887	null_1591_H	0.0565	0.368839427662957	0.422893481717011	0.286850958318273
1	1593	null_1592	H	L	631	923	345	0	0	101	1899	null_1592_L	0.0505	0.849394418114797	1.21274354923644	0.491272671711865
1	1594	null_1593	L	H	933	778	168	0	0	121	1879	null_1593_H	0.0605	0.592868547099521	0.771687067589143	0.420193953449246
1	1595	null_1594	L	H	863	850	170	0	0	117	1883	null_1594_H	0.0585	0.631970260223048	0.812533191715348	0.41314678190896
1	1596	null_1595	H	L	1522	367	21	0	0	90	1910	null_1595_L	0.045	0.21413612565445	0.236125654450262	0.190271374139963
1	1597	null_1596	L	H	1241	608	63	0	0	88	1912	null_1596_H	0.044	0.383891213389121	0.44979079497908	0.302418331261708
1	1598	null_1597	H	L	995	769	135	0	0	101	1899	null_1597_L	0.0505	0.547130068457083	0.689310163243813	0.389958851433961
1	1599	null_1598	H	L	1386	491	34	0	0	89	1911	null_1598_L	0.0445	0.292517006802721	0.328100470957614	0.242534271688791
1	1600	null_1599	L	H	1376	485	43	0	0	96	1904	null_1599_H	0.048	0.299894957983193	0.345063025210084	0.255126039386343
1	1601	null_1600	H	L	525	941	435	0	0	99	1901	null_1600_L	0.0495	0.952656496580747	1.41031036296686	0.502755962489357
1	1602	null_1601	L	H	857	842	192	0	0	109	1891	null_1601_H	0.0545	0.648334214701216	0.851401374933898	0.431064120981655
1	1603	null_1602	H	L	1302	554	55	0	0	89	1911	null_1602_L	0.0445	0.347462061747776	0.405023547880691	0.284293663526675
1	1604	null_1603	L	H	1234	603	73	0	0	90	1910	null_1603_H	0.045	0.392146596858639	0.468586387434555	0.314807434006743
1	1605	null_1604	L	H	723	938	232	0	0	107	1893	null_1604_H	0.0535	0.740623349181194	0.985736925515056	0.437213980162687
1	1606	null_1605	H	L	1320	525	56	0	0	99	1901	null_1605_L	0.0495	0.335086796422935	0.394003156233561	0.281719995096576
1	1607	null_1606	H	L	513	957	453	0	0	77	1923	null_1606_L	0.0385	0.968798751950078	1.4399375975039	0.501366575723871
1	1608	null_1607	L	H	924	811	177	0	0	88	1912	null_1607_H	0.044	0.609309623430962	0.794456066945607	0.423197849740026
1	1609	null_1608	L	H	1614	264	18	0	0	104	1896	null_1608_H	0.052	0.158227848101266	0.177215189873418	0.15217913795866
1	1610	null_1609	L	H	500	936	465	0	0	99	1901	null_1609_H	0.0495	0.981588637559179	1.47080483955813	0.507288586172841
1	1611	null_1610	H	L	823	887	195	0	0	95	1905	null_1610_L	0.0475	0.670341207349081	0.8750656167979	0.425708282527676
1	1612	null_1611	H	L	513	911	486	0	0	90	1910	null_1611_L	0.045	0.98586387434555	1.49476439790576	0.522836819166141
1	1613	null_1612	L	H	706	920	293	0	0	81	1919	null_1612_H	0.0405	0.784783741532048	1.0901511203752	0.474265599402155
1	1614	null_1613	L	H	1549	343	22	0	0	86	1914	null_1613_H	0.043	0.202194357366771	0.225182863113898	0.184300304962936
1	1615	null_1614	L	H	1064	711	130	0	0	95	1905	null_1614_H	0.0475	0.509711286089239	0.646194225721785	0.386388630555039
1	1616	null_1615	H	L	682	933	287	0	0	98	1902	null_1615_L	0.049	0.792323869610936	1.09411146161935	0.466334347264101
1	1617	null_1616	H	L	1034	722	131	0	0	113	1887	null_1616_L	0.0565	0.521462639109698	0.660307366189719	0.388384082202468
1	1618	null_1617	L	H	1421	447	28	0	0	104	1896	null_1617_H	0.052	0.265295358649789	0.294831223628692	0.224449596307572
1	1619	null_1618	H	L	1267	563	66	0	0	104	1896	null_1618_L	0.052	0.366561181434599	0.436181434599156	0.301814334864427
1	1620	null_1619	L	H	673	914	306	0	0	107	1893	null_1619_H	0.0535	0.806127839408347	1.12942419440042	0.479582100931254
1	1621	null_1620	L	H	495	970	429	0	0	106	1894	null_1620_H	0.053	0.965153115100317	1.4181626187962	0.486642083208353
1	1622	null_1621	L	H	971	754	167	0	0	108	1892	null_1621_H	0.054	0.575052854122622	0.751585623678647	0.420899838644074
1	1623	null_1622	L	H	1107	694	104	0	0	95	1905	null_1622_H	0.0475	0.473490813648294	0.582677165354331	0.358483614745007
1	1624	null_1623	L	H	787	866	233	0	0	114	1886	null_1623_H	0.057	0.706256627783669	0.953340402969247	0.454541978680887
1	1625	null_1624	H	L	547	958	387	0	0	108	1892	null_1624_L	0.054	0.915433403805497	1.32452431289641	0.486505996093488
1	1626	null_1625	L	H	593	907	404	0	0	96	1904	null_1625_H	0.048	0.900735294117647	1.32510504201681	0.513780971947603
1	1627	null_1626	H	L	671	910	317	0	0	102	1898	null_1626_L	0.051	0.813487881981033	1.14752370916754	0.485761175037558
1	1628	null_1627	L	H	829	845	229	0	0	97	1903	null_1627_H	0.0485	0.684708355228587	0.925380977404099	0.456555445684263
1	1629	null_1628	L	H	1534	348	21	0	0	97	1903	null_1628_H	0.0485	0.204939569101419	0.227009984235418	0.185009757251943
1	1630	null_1629	H	L	627	904	357	0	0	112	1888	null_1629_L	0.056	0.856991525423729	1.23516949152542	0.500735016877334
1	1631	null_1630	L	H	828	854	226	0	0	92	1908	null_1630_H	0.046	0.684486373165619	0.921383647798742	0.45286205274932
1	1632	null_1631	H	L	675	860	365	0	0	100	1900	null_1631_L	0.05	0.836842105263158	1.22105263157895	0.520747922437673
1	1633	null_1632	L	H	1286	562	62	0	0	90	1910	null_1632_H	0.045	0.359162303664921	0.424083769633508	0.295086209259615
1	1634	null_1633	L	H	1295	531	56	0	0	118	1882	null_1633_H	0.059	0.341657810839532	0.401168969181722	0.28443890947406
1	1635	null_1634	L	H	1233	588	69	0	0	110	1890	null_1634_H	0.055	0.384126984126984	0.457142857142857	0.309589317208365
1	1636	null_1635	L	H	1538	357	18	0	0	87	1913	null_1635_H	0.0435	0.205436487192891	0.224255096706743	0.182050946436589
1	1637	null_1636	H	L	576	927	398	0	0	99	1901	null_1636_L	0.0495	0.906365071015255	1.3250920568122	0.503594414855716
1	1638	null_1637	L	H	1578	304	11	0	0	107	1893	null_1637_H	0.0535	0.172213417855256	0.183835182250396	0.154177720961007
1	1639	null_1638	H	L	594	932	370	0	0	104	1896	null_1638_L	0.052	0.881856540084388	1.27215189873418	0.494480941444569
1	1640	null_1639	L	H	509	963	430	0	0	98	1902	null_1639_H	0.049	0.958464773922187	1.41062039957939	0.491965676729681
1	1641	null_1640	L	H	1595	282	15	0	0	108	1892	null_1640_H	0.054	0.164904862579281	0.180761099365751	0.153567485663459
1	1642	null_1641	L	H	1519	359	26	0	0	96	1904	null_1641_H	0.048	0.215861344537815	0.243172268907563	0.19657614884189
1	1643	null_1642	L	H	470	962	470	0	0	98	1902	null_1642_H	0.049	1	1.49421661409043	0.494216614090431
1	1644	null_1643	L	H	1243	600	60	0	0	97	1903	null_1643_H	0.0485	0.378349973725696	0.441408302679979	0.298259600061744
1	1645	null_1644	H	L	929	787	190	0	0	94	1906	null_1644_L	0.047	0.612277019937041	0.811647429171039	0.436764280028055
1	1646	null_1645	L	H	1169	644	98	0	0	89	1911	null_1645_H	0.0445	0.43956043956044	0.542124542124542	0.348911162097975
1	1647	null_1646	L	H	735	889	264	0	0	112	1888	null_1646_H	0.056	0.750529661016949	1.0301906779661	0.466895905899885
1	1648	null_1647	H	L	1569	320	8	0	0	103	1897	null_1647_L	0.0515	0.177121771217712	0.185556141275698	0.154184019436399
1	1649	null_1648	L	H	1454	409	25	0	0	112	1888	null_1648_H	0.056	0.243114406779661	0.269597457627119	0.210492842843292
1	1650	null_1649	H	L	1107	695	99	0	0	99	1901	null_1649_L	0.0495	0.469752761704366	0.573908469226723	0.353240812097844
1	1651	null_1650	L	H	805	870	229	0	0	96	1904	null_1650_H	0.048	0.697478991596639	0.938025210084034	0.45154826636537
1	1652	null_1651	L	H	1133	673	100	0	0	94	1906	null_1651_H	0.047	0.458027282266527	0.56295907660021	0.353170085299749
1	1653	null_1652	H	L	1697	201	1	0	0	101	1899	null_1652_L	0.0505	0.106898367561875	0.107951553449184	0.0965242924617901
1	1654	null_1653	H	L	1663	225	11	0	0	101	1899	null_1653_L	0.0505	0.130068457082675	0.141653501843075	0.124735698315208
1	1655	null_1654	L	H	578	938	373	0	0	111	1889	null_1654_H	0.0555	0.891476971942827	1.286394917946	0.491663726441652
1	1656	null_1655	H	L	589	896	418	0	0	97	1903	null_1655_L	0.0485	0.910141881240147	1.34944823962165	0.521089995634296
1	1657	null_1656	L	H	1255	575	71	0	0	99	1901	null_1656_H	0.0495	0.377169910573382	0.451867438190426	0.309610296748493
1	1658	null_1657	L	H	1391	476	35	0	0	98	1902	null_1657_H	0.049	0.287066246056782	0.323869610935857	0.241462581310724
1	1659	null_1658	L	H	1658	208	4	0	0	130	1870	null_1658_H	0.065	0.115508021390374	0.119786096256684	0.106443993251165
1	1660	null_1659	H	L	875	806	218	0	0	101	1899	null_1659_L	0.0505	0.654028436018957	0.883622959452343	0.45586976433094
1	1661	null_1660	L	H	1587	299	14	0	0	100	1900	null_1660_H	0.05	0.172105263157895	0.186842105263158	0.15722188365651
1	1662	null_1661	L	H	844	870	189	0	0	97	1903	null_1661_H	0.0485	0.65580662112454	0.854440357330531	0.424358033019744
1	1663	null_1662	H	L	887	818	191	0	0	104	1896	null_1662_L	0.052	0.632911392405063	0.834388185654009	0.433811355017892
1	1664	null_1663	H	L	818	858	220	0	0	104	1896	null_1663_L	0.052	0.684599156118144	0.916666666666667	0.447990662108993
1	1665	null_1664	H	L	1323	522	41	0	0	114	1886	null_1664_L	0.057	0.320254506892895	0.36373276776246	0.261169818577249
1	1666	null_1665	L	H	552	975	376	0	0	97	1903	null_1665_H	0.0485	0.907514450867052	1.30267997898056	0.47909750044803
1	1667	null_1666	H	L	1558	322	19	0	0	101	1899	null_1666_L	0.0505	0.18957345971564	0.209583991574513	0.173645894945956
1	1668	null_1667	L	H	859	820	214	0	0	107	1893	null_1667_H	0.0535	0.659270998415214	0.885367142102483	0.45072889275109
1	1669	null_1668	H	L	962	767	167	0	0	104	1896	null_1668_L	0.052	0.580696202531646	0.756856540084388	0.419648460449714
1	1670	null_1669	L	H	1241	604	69	0	0	86	1914	null_1669_H	0.043	0.387669801462905	0.459770114942529	0.309482239976241
1	1671	null_1670	L	H	1592	297	17	0	0	94	1906	null_1670_H	0.047	0.173662119622246	0.191500524658972	0.161341992867281
1	1672	null_1671	H	L	1322	526	52	0	0	100	1900	null_1671_L	0.05	0.331578947368421	0.386315789473684	0.276371191135734
1	1673	null_1672	H	L	802	868	220	0	0	110	1890	null_1672_L	0.055	0.692063492063492	0.924867724867725	0.44591584782061
1	1674	null_1673	L	H	880	836	185	0	0	99	1901	null_1673_H	0.0495	0.634402945817991	0.829037348763809	0.426570251101264
1	1675	null_1674	L	H	761	856	277	0	0	106	1894	null_1674_H	0.053	0.744456177402323	1.03695881731785	0.482743817245367
1	1676	null_1675	L	H	526	928	431	0	0	115	1885	null_1675_H	0.0575	0.949602122015915	1.40689655172414	0.505152361587009
1	1677	null_1676	L	H	1334	527	46	0	0	93	1907	null_1676_H	0.0465	0.324593602517043	0.372836916622968	0.267475909827976
1	1678	null_1677	H	L	516	932	433	0	0	119	1881	null_1677_L	0.0595	0.955874534821903	1.41626794258373	0.502571816262742
1	1679	null_1678	H	L	1361	498	40	0	0	101	1899	null_1678_L	0.0505	0.304370721432333	0.346498156924697	0.253856620859458
1	1680	null_1679	L	H	489	953	458	0	0	100	1900	null_1679_H	0.05	0.983684210526316	1.46578947368421	0.498154847645429
1	1681	null_1680	H	L	813	866	221	0	0	100	1900	null_1680_L	0.05	0.688421052631579	0.921052631578947	0.447129085872576
1	1682	null_1681	H	L	1553	333	22	0	0	92	1908	null_1681_L	0.046	0.197589098532495	0.220649895178197	0.181608443319313
1	1683	null_1682	L	H	1479	411	31	0	0	79	1921	null_1682_H	0.0395	0.246225923997918	0.278500780843311	0.217873575194682
1	1684	null_1683	L	H	1359	483	48	0	0	110	1890	null_1683_H	0.055	0.306349206349206	0.357142857142857	0.263293020912069
1	1685	null_1684	H	L	1648	254	12	0	0	86	1914	null_1684_L	0.043	0.145245559038663	0.157784743991641	0.136688471571187
1	1686	null_1685	L	H	1132	678	87	0	0	103	1897	null_1685_H	0.0515	0.44913020558777	0.540853979968371	0.339136038397058
1	1687	null_1686	H	L	1413	436	38	0	0	113	1887	null_1686_L	0.0565	0.271330153683095	0.311605723370429	0.237985671072737
1	1688	null_1687	H	L	1118	694	86	0	0	102	1898	null_1687_L	0.051	0.456269757639621	0.546891464699684	0.338709372963166
1	1689	null_1688	H	L	505	919	477	0	0	99	1901	null_1688_L	0.0495	0.985270910047343	1.48711204629143	0.516353280105905
1	1690	null_1689	H	L	1605	294	7	0	0	94	1906	null_1689_L	0.047	0.161594963273872	0.16894018887723	0.142827256721746
1	1691	null_1690	H	L	1734	166	2	0	0	98	1902	null_1690_L	0.049	0.0893796004206099	0.0914826498422713	0.0834939368709234
1	1692	null_1691	H	L	764	870	261	0	0	105	1895	null_1691_L	0.0525	0.734564643799472	1.01002638522427	0.470441169304029
1	1693	null_1692	H	L	1592	298	11	0	0	99	1901	null_1692_L	0.0495	0.168332456601789	0.179905312993161	0.151569497047568
1	1694	null_1693	L	H	1427	429	45	0	0	99	1901	null_1693_H	0.0495	0.273014203051026	0.320357706470279	0.245820951402692
1	1695	null_1694	H	L	818	845	238	0	0	99	1901	null_1694_L	0.0495	0.694897422409258	0.945291951604419	0.462409523933388
1	1696	null_1695	L	H	1512	347	18	0	0	123	1877	null_1695_H	0.0615	0.204049014384656	0.223228556206713	0.181592555935363
1	1697	null_1696	H	L	520	935	450	0	0	95	1905	null_1696_L	0.0475	0.963254593175853	1.43569553805774	0.507836126783365
1	1698	null_1697	H	L	1163	652	83	0	0	102	1898	null_1697_L	0.051	0.430979978925184	0.518440463645943	0.332696721411591
1	1699	null_1698	L	H	1399	468	29	0	0	104	1896	null_1698_H	0.052	0.277426160337553	0.308016877637131	0.231051603197493
1	1700	null_1699	L	H	863	835	192	0	0	110	1890	null_1699_H	0.055	0.644973544973545	0.848148148148148	0.432157274432407
1	1701	null_1700	L	H	817	864	239	0	0	80	1920	null_1700_H	0.04	0.698958333333333	0.947916666666667	0.459373914930556
1	1702	null_1701	L	H	699	940	277	0	0	84	1916	null_1701_H	0.042	0.779749478079332	1.06889352818372	0.460884279618726
1	1703	null_1702	H	L	928	807	166	0	0	99	1901	null_1702_L	0.0495	0.599158337716991	0.773803261441347	0.414812547785559
1	1704	null_1703	H	L	906	834	167	0	0	93	1907	null_1703_L	0.0465	0.612480335605663	0.787624541164132	0.412492379660506
1	1705	null_1704	H	L	1686	206	3	0	0	105	1895	null_1704_L	0.0525	0.111873350923483	0.115039577836412	0.102523931189563
1	1706	null_1705	L	H	584	900	400	0	0	116	1884	null_1705_H	0.058	0.902335456475584	1.32696390658174	0.512754630568741
1	1707	null_1706	H	L	1422	433	34	0	0	111	1889	null_1706_L	0.0555	0.265219692959238	0.301217575436739	0.230876089903347
1	1708	null_1707	L	H	467	977	440	0	0	116	1884	null_1707_H	0.058	0.985668789808917	1.45276008492569	0.481217121722315
1	1709	null_1708	H	L	1201	627	81	0	0	91	1909	null_1708_L	0.0455	0.413305395495024	0.498166579360922	0.327345229415624
1	1710	null_1709	H	L	531	960	410	0	0	99	1901	null_1709_L	0.0495	0.936349289847449	1.36770120988953	0.49095121729171
1	1711	null_1710	L	H	750	853	277	0	0	120	1880	null_1710_H	0.06	0.748404255319149	1.04308510638298	0.482976177003169
1	1712	null_1711	H	L	1096	694	104	0	0	106	1894	null_1711_L	0.053	0.476240760295671	0.586061246040127	0.359255984273128
1	1713	null_1712	L	H	1372	483	41	0	0	104	1896	null_1712_H	0.052	0.297995780590717	0.341244725738397	0.252443240488526
1	1714	null_1713	H	L	1364	484	46	0	0	106	1894	null_1713_L	0.053	0.304118268215417	0.352692713833157	0.260204792770813
1	1715	null_1714	L	H	623	950	336	0	0	91	1909	null_1714_H	0.0455	0.8496595075956	1.20167627029859	0.479754991450989
1	1716	null_1715	L	H	908	780	201	0	0	111	1889	null_1715_H	0.0555	0.62572789835892	0.838538909475913	0.447003506691242
1	1717	null_1716	H	L	784	880	254	0	0	82	1918	null_1716_L	0.041	0.723670490093848	0.988529718456726	0.464830740224056
1	1718	null_1717	H	L	1083	709	100	0	0	108	1892	null_1717_L	0.054	0.480443974630021	0.58615221987315	0.355325807114858
1	1719	null_1718	H	L	1361	498	48	0	0	93	1907	null_1718_L	0.0465	0.311484006292606	0.361824855794442	0.264802569618349
1	1720	null_1719	L	H	695	910	312	0	0	83	1917	null_1719_H	0.0415	0.800208659363589	1.12571726656234	0.485383368041865
1	1721	null_1720	L	H	1183	632	100	0	0	85	1915	null_1720_H	0.0425	0.434464751958225	0.538903394255875	0.350143773561753
1	1722	null_1721	L	H	1065	706	130	0	0	99	1901	null_1721_H	0.0495	0.508153603366649	0.644923724355602	0.386703639741093
1	1723	null_1722	H	L	899	827	180	0	0	94	1906	null_1722_L	0.047	0.622770199370409	0.811647429171039	0.42380470794718
1	1724	null_1723	L	H	826	847	223	0	0	104	1896	null_1723_H	0.052	0.681962025316456	0.917194092827004	0.452121888853282
1	1725	null_1724	H	L	1007	733	165	0	0	95	1905	null_1724_L	0.0475	0.558005249343832	0.731233595800525	0.419863737505253
1	1726	null_1725	H	L	1444	421	34	0	0	101	1899	null_1725_L	0.0505	0.257503949447077	0.293312269615587	0.227003985634744
1	1727	null_1726	L	H	949	771	199	0	0	81	1919	null_1726_H	0.0405	0.609171443460136	0.81657113079729	0.445481283269985
1	1728	null_1727	H	L	494	944	449	0	0	113	1887	null_1727_L	0.0565	0.976152623211447	1.45204027556969	0.499166331767099
1	1729	null_1728	H	L	1536	350	16	0	0	98	1902	null_1728_L	0.049	0.200841219768665	0.217665615141956	0.177328419583791
1	1730	null_1729	L	H	1658	240	11	0	0	91	1909	null_1729_H	0.0455	0.1372446306967	0.148768988999476	0.129932900344403
1	1731	null_1730	H	L	1648	247	9	0	0	96	1904	null_1730_L	0.048	0.139180672268908	0.148634453781513	0.129263194248288
1	1732	null_1731	L	H	863	836	183	0	0	118	1882	null_1731_H	0.059	0.638682252922423	0.833156216790648	0.425241196592586
1	1733	null_1732	H	L	506	951	451	0	0	92	1908	null_1732_L	0.046	0.971174004192872	1.44392033542977	0.500741389009753
1	1734	null_1733	H	L	660	906	350	0	0	84	1916	null_1733_L	0.042	0.838204592901879	1.2035490605428	0.500962120980993
1	1735	null_1734	H	L	836	843	206	0	0	115	1885	null_1734_L	0.0575	0.6657824933687	0.884350132625995	0.441083804149751
1	1736	null_1735	L	H	492	953	470	0	0	85	1915	null_1735_H	0.0425	0.988511749347258	1.47937336814621	0.502217889548637
1	1737	null_1736	H	L	980	765	150	0	0	105	1895	null_1736_L	0.0525	0.562005277044855	0.720316622691293	0.404466691265029
1	1738	null_1737	L	H	1255	574	65	0	0	106	1894	null_1737_H	0.053	0.371700105596621	0.440337909186906	0.302176940686367
1	1739	null_1738	L	H	1047	706	134	0	0	113	1887	null_1738_H	0.0565	0.516163222045575	0.65818759936407	0.3917631275716
1	1740	null_1739	L	H	942	805	180	0	0	73	1927	null_1739_H	0.0365	0.604566683964712	0.791385573430202	0.425884698070114
1	1741	null_1740	H	L	1445	415	35	0	0	105	1895	null_1740_L	0.0525	0.255936675461741	0.29287598944591	0.227372407599502
1	1742	null_1741	L	H	468	996	459	0	0	77	1923	null_1741_H	0.0385	0.995319812792512	1.47269890795632	0.482037378218998
1	1743	null_1742	L	H	1042	718	142	0	0	98	1902	null_1742_H	0.049	0.526813880126183	0.676130389064143	0.398597524770539
1	1744	null_1743	L	H	1706	194	3	0	0	97	1903	null_1743_H	0.0485	0.105097214923805	0.108250131371519	0.0972047067867783
1	1745	null_1744	L	H	1368	489	50	0	0	93	1907	null_1744_H	0.0465	0.308862087047719	0.361300471945464	0.265904683129991
1	1746	null_1745	L	H	895	830	183	0	0	92	1908	null_1745_H	0.046	0.626834381551363	0.818658280922432	0.425736939027552
1	1747	null_1746	L	H	1156	639	99	0	0	106	1894	null_1746_H	0.053	0.441921858500528	0.546462513199578	0.351167584179017
1	1748	null_1747	H	L	912	788	189	0	0	111	1889	null_1747_L	0.0555	0.617257808364214	0.817363684489148	0.436356482502555
1	1749	null_1748	L	H	694	917	301	0	0	88	1912	null_1748_H	0.044	0.794456066945607	1.10930962343096	0.47814918112428
1	1750	null_1749	H	L	1304	550	46	0	0	100	1900	null_1749_L	0.05	0.337894736842105	0.386315789473684	0.272142936288089
1	1751	null_1750	H	L	1161	656	82	0	0	101	1899	null_1750_L	0.0505	0.431806213796735	0.518167456556082	0.33171085028261
1	1752	null_1751	L	H	1158	636	100	0	0	106	1894	null_1751_H	0.053	0.441393875395987	0.546990496304118	0.35216194306703
1	1753	null_1752	L	H	1642	246	10	0	0	102	1898	null_1752_H	0.051	0.140147523709168	0.150684931506849	0.131043603105038
1	1754	null_1753	H	L	1203	603	82	0	0	112	1888	null_1753_L	0.056	0.40625	0.493114406779661	0.328075344279661
1	1755	null_1754	L	H	1260	577	67	0	0	96	1904	null_1754_H	0.048	0.373424369747899	0.443802521008403	0.304356761086788
1	1756	null_1755	H	L	655	920	348	0	0	77	1923	null_1755_L	0.0385	0.840353614144566	1.20228809152366	0.496093894717827
1	1757	null_1756	H	L	1649	245	6	0	0	100	1900	null_1756_L	0.05	0.135263157894737	0.141578947368421	0.123282825484765
1	1758	null_1757	L	H	1458	420	31	0	0	91	1909	null_1757_H	0.0455	0.252488213724463	0.28496595075956	0.22121565268979
1	1759	null_1758	L	H	503	919	469	0	0	109	1891	null_1758_H	0.0545	0.982020095187731	1.47805393971444	0.513690472361916
1	1760	null_1759	H	L	548	941	405	0	0	106	1894	null_1759_L	0.053	0.924498416050686	1.35216473072862	0.497467409448389
1	1761	null_1760	L	H	1341	510	52	0	0	97	1903	null_1760_H	0.0485	0.32264844981608	0.377299001576458	0.273196979407739
1	1762	null_1761	H	L	556	948	411	0	0	85	1915	null_1761_L	0.0425	0.924281984334204	1.35352480417755	0.499227617612773
1	1763	null_1762	H	L	635	911	365	0	0	89	1911	null_1762_L	0.0445	0.858712715855573	1.2407116692831	0.503324140911044
1	1764	null_1763	L	H	1369	485	53	0	0	93	1907	null_1763_H	0.0465	0.309910854745674	0.365495542737284	0.26945080484809
1	1765	null_1764	L	H	1654	229	13	0	0	104	1896	null_1764_H	0.052	0.134493670886076	0.148206751054852	0.13011820354644
1	1766	null_1765	H	L	1116	693	87	0	0	104	1896	null_1765_L	0.052	0.457278481012658	0.549050632911392	0.339947023714148
1	1767	null_1766	H	L	937	791	176	0	0	96	1904	null_1766_L	0.048	0.60031512605042	0.785189075630252	0.42481082506532
1	1768	null_1767	H	L	876	832	203	0	0	89	1911	null_1767_L	0.0445	0.647828362114076	0.860282574568289	0.440600987808882
1	1769	null_1768	L	H	827	844	224	0	0	105	1895	null_1768_H	0.0525	0.68179419525066	0.91820580474934	0.453362480071846
1	1770	null_1769	H	L	1363	476	50	0	0	111	1889	null_1769_L	0.0555	0.304923239809423	0.357861302276337	0.264883120100462
1	1771	null_1770	L	H	660	941	305	0	0	94	1906	null_1770_H	0.047	0.813746065057713	1.13378803777545	0.471605379378535
1	1772	null_1771	L	H	1273	564	54	0	0	109	1891	null_1771_H	0.0545	0.355367530407192	0.412480169222634	0.286194087554927
1	1773	null_1772	L	H	618	942	332	0	0	108	1892	null_1772_H	0.054	0.848837209302326	1.19978858350951	0.479263975613354
1	1774	null_1773	L	H	1272	560	63	0	0	105	1895	null_1773_H	0.0525	0.362005277044855	0.428496042216359	0.297448221608037
1	1775	null_1774	H	L	952	802	157	0	0	89	1911	null_1774_L	0.0445	0.583987441130298	0.748299319727891	0.407257988329978
1	1776	null_1775	H	L	1207	605	72	0	0	116	1884	null_1775_L	0.058	0.39755838641189	0.473991507430998	0.315938836824573
1	1777	null_1776	H	L	1617	277	15	0	0	91	1909	null_1776_L	0.0455	0.160817181770561	0.176532215819801	0.150670049867175
1	1778	null_1777	L	H	1102	674	118	0	0	106	1894	null_1777_H	0.053	0.480464625131996	0.60506863780359	0.374222381800361
1	1779	null_1778	L	H	1006	753	140	0	0	101	1899	null_1778_H	0.0505	0.543970510795155	0.691416535018431	0.395512618403688
1	1780	null_1779	H	L	1139	685	80	0	0	96	1904	null_1779_L	0.048	0.443802521008403	0.527836134453782	0.330875456800367
1	1781	null_1780	L	H	1520	360	17	0	0	103	1897	null_1780_H	0.0515	0.207696362677913	0.225619399051133	0.182481619981498
1	1782	null_1781	L	H	740	913	260	0	0	87	1913	null_1781_H	0.0435	0.749085206481966	1.0209095661265	0.459780919556374
1	1783	null_1782	H	L	1217	600	90	0	0	93	1907	null_1782_L	0.0465	0.409019402202412	0.503408495018353	0.336111623640335
1	1784	null_1783	H	L	1711	190	10	0	0	89	1911	null_1783_L	0.0445	0.10989010989011	0.120355834641549	0.108279998389889
1	1785	null_1784	L	H	677	902	306	0	0	115	1885	null_1784_H	0.0575	0.803183023872679	1.12785145888594	0.482748489048681
1	1786	null_1785	L	H	1422	438	36	0	0	104	1896	null_1785_H	0.052	0.268987341772152	0.306962025316456	0.234607835282807
1	1787	null_1786	L	H	819	859	242	0	0	80	1920	null_1786_H	0.04	0.699479166666667	0.9515625	0.462291395399306
1	1788	null_1787	H	L	586	928	383	0	0	103	1897	null_1787_L	0.0515	0.892988929889299	1.29678439641539	0.499355167510558
1	1789	null_1788	L	H	1385	468	43	0	0	104	1896	null_1788_H	0.052	0.292194092827004	0.337552742616034	0.252175354733038
1	1790	null_1789	H	L	882	822	211	0	0	85	1915	null_1789_L	0.0425	0.649608355091384	0.869973890339426	0.447982875334892
1	1791	null_1790	L	H	1036	719	132	0	0	113	1887	null_1790_H	0.0565	0.520932697403286	0.660837307896131	0.389466432672268
1	1792	null_1791	L	H	1619	271	9	0	0	101	1899	null_1791_H	0.0505	0.152185360716166	0.161664033701948	0.138503649685639
1	1793	null_1792	H	L	1137	661	95	0	0	107	1893	null_1792_L	0.0535	0.449550977284733	0.549920760697306	0.347824679519647
1	1794	null_1793	H	L	942	778	175	0	0	105	1895	null_1793_L	0.0525	0.595250659630607	0.779947229551451	0.425623881760779
1	1795	null_1794	L	H	1199	634	73	0	0	94	1906	null_1794_H	0.047	0.409233997901364	0.485834207764953	0.318361742726619
1	1796	null_1795	L	H	513	921	471	0	0	95	1905	null_1795_H	0.0475	0.977952755905512	1.47244094488189	0.516049352098704
1	1797	null_1796	H	L	564	955	379	0	0	102	1898	null_1796_L	0.051	0.902528977871444	1.30189673340358	0.48733817750591
1	1798	null_1797	L	H	827	860	203	0	0	110	1890	null_1797_H	0.055	0.66984126984127	0.884656084656085	0.43596875787352
1	1799	null_1798	L	H	850	835	204	0	0	111	1889	null_1798_H	0.0555	0.658020116463738	0.874007411328745	0.441016937657795
1	1800	null_1799	H	L	1497	386	19	0	0	98	1902	null_1799_L	0.049	0.222923238696109	0.242902208201893	0.19320743785113
1	1801	null_1800	L	H	902	790	216	0	0	92	1908	null_1800_H	0.046	0.640461215932914	0.866876310272537	0.45668574115827
1	1802	null_1801	L	H	797	887	213	0	0	103	1897	null_1801_H	0.0515	0.6921454928835	0.916710595677385	0.437645212358442
1	1803	null_1802	L	H	767	895	245	0	0	93	1907	null_1802_H	0.0465	0.72627163083377	0.983219716832722	0.455749235078777
1	1804	null_1803	H	L	1036	737	122	0	0	105	1895	null_1803_L	0.0525	0.517678100263852	0.646437994722955	0.378447379230164
1	1805	null_1804	H	L	950	777	171	0	0	102	1898	null_1804_L	0.051	0.589567966280295	0.769757639620653	0.42216725275677
1	1806	null_1805	H	L	1328	514	67	0	0	91	1909	null_1805_L	0.0455	0.339444735463594	0.409638554216867	0.294415825782918
1	1807	null_1806	H	L	581	911	388	0	0	120	1880	null_1806_L	0.06	0.897340425531915	1.31010638297872	0.504886543684925
1	1808	null_1807	L	H	1557	314	20	0	0	109	1891	null_1807_H	0.0545	0.187202538339503	0.208355367530407	0.173310577169654
1	1809	null_1808	H	L	851	837	209	0	0	103	1897	null_1808_L	0.0515	0.6615709014233	0.881918819188192	0.444242761578154
1	1810	null_1809	L	H	1119	706	84	0	0	91	1909	null_1809_H	0.0455	0.457831325301205	0.545835515976951	0.336225993549894
1	1811	null_1810	H	L	486	943	458	0	0	113	1887	null_1810_L	0.0565	0.985161632220456	1.47058823529412	0.500044793694845
1	1812	null_1811	L	H	839	829	236	0	0	96	1904	null_1811_H	0.048	0.683298319327731	0.931197478991597	0.464300885795495
1	1813	null_1812	L	H	924	794	179	0	0	103	1897	null_1812_H	0.0515	0.607274644175013	0.795993674222457	0.427211180764568
1	1814	null_1813	H	L	511	961	434	0	0	94	1906	null_1813_L	0.047	0.959601259181532	1.41500524658972	0.494170669966935
1	1815	null_1814	L	H	861	817	224	0	0	98	1902	null_1814_H	0.049	0.665089379600421	0.900630914826498	0.458287031969226
1	1816	null_1815	L	H	1524	346	28	0	0	102	1898	null_1815_H	0.051	0.211801896733404	0.241306638566913	0.196446595107045
1	1817	null_1816	H	L	1213	602	75	0	0	110	1890	null_1816_L	0.055	0.397883597883598	0.477248677248677	0.318937319783881
1	1818	null_1817	L	H	1134	651	114	0	0	101	1899	null_1817_H	0.0505	0.462875197472354	0.582938388625593	0.368684940190522
1	1819	null_1818	L	H	1265	573	58	0	0	104	1896	null_1818_H	0.052	0.363396624472574	0.42457805907173	0.292520952393669
1	1820	null_1819	H	L	1101	681	125	0	0	93	1907	null_1819_L	0.0465	0.488201363398007	0.61929732564237	0.380956754418697
1	1821	null_1820	H	L	509	975	426	0	0	90	1910	null_1820_L	0.045	0.956544502617801	1.40261780104712	0.487640415558784
1	1822	null_1821	H	L	527	949	427	0	0	97	1903	null_1821_L	0.0485	0.947451392538098	1.39621650026274	0.498552359040363
1	1823	null_1822	H	L	1205	630	67	0	0	98	1902	null_1822_L	0.049	0.401682439537329	0.472134595162986	0.310785812930326
1	1824	null_1823	L	H	868	839	212	0	0	81	1919	null_1823_H	0.0405	0.658155289213132	0.879103699843669	0.445935315124447
1	1825	null_1824	L	H	1397	471	40	0	0	92	1908	null_1824_H	0.046	0.288784067085954	0.330712788259958	0.247316550857253
1	1826	null_1825	L	H	1431	429	35	0	0	105	1895	null_1825_H	0.0525	0.263324538258575	0.300263852242744	0.230924039793652
1	1827	null_1826	H	L	854	828	213	0	0	105	1895	null_1826_L	0.0525	0.661741424802111	0.886543535620053	0.448641822320925
1	1828	null_1827	H	L	848	869	189	0	0	94	1906	null_1827_L	0.047	0.654249737670514	0.852570828961175	0.424528109719239
1	1829	null_1828	L	H	1011	751	150	0	0	88	1912	null_1828_H	0.044	0.549686192468619	0.706589958158996	0.404435047968348
1	1830	null_1829	L	H	1387	472	27	0	0	114	1886	null_1829_H	0.057	0.278897136797455	0.307529162248144	0.229745549334326
1	1831	null_1830	L	H	1241	587	72	0	0	100	1900	null_1830_H	0.05	0.384736842105263	0.460526315789474	0.312503878116344
1	1832	null_1831	L	H	1489	396	8	0	0	107	1893	null_1831_H	0.0535	0.217643951399894	0.226096143687269	0.178727254106309
1	1833	null_1832	H	L	799	873	219	0	0	109	1891	null_1832_L	0.0545	0.693283976731888	0.92490745637229	0.444264783979109
1	1834	null_1833	L	H	1361	507	48	0	0	84	1916	null_1833_H	0.042	0.314718162839248	0.36482254697286	0.265775024951949
1	1835	null_1834	H	L	1280	555	66	0	0	99	1901	null_1834_L	0.0495	0.361388742766965	0.430825881115203	0.300224057716515
1	1836	null_1835	L	H	1651	238	10	0	0	101	1899	null_1835_H	0.0505	0.135860979462875	0.146392838335966	0.127934632595355
1	1837	null_1836	H	L	527	955	420	0	0	98	1902	null_1836_L	0.049	0.943743427970557	1.38538380651945	0.494732148681835
1	1838	null_1837	H	L	1272	577	66	0	0	85	1915	null_1837_L	0.0425	0.37023498694517	0.439164490861619	0.302090545303329
1	1839	null_1838	L	H	777	878	242	0	0	103	1897	null_1838_H	0.0515	0.717975751186083	0.973115445440169	0.457626266148948
1	1840	null_1839	H	L	557	957	385	0	0	101	1899	null_1839_L	0.0505	0.909426013691417	1.31490258030542	0.487846905926764
1	1841	null_1840	L	H	1271	573	69	0	0	87	1913	null_1840_H	0.0435	0.371667537898589	0.443805541035024	0.305668782307425
1	1842	null_1841	H	L	956	803	147	0	0	94	1906	null_1841_L	0.047	0.575550891920252	0.729800629590766	0.398541800400569
1	1843	null_1842	L	H	1104	667	129	0	0	100	1900	null_1842_H	0.05	0.486842105263158	0.622631578947368	0.385616343490305
1	1844	null_1843	L	H	1169	630	91	0	0	110	1890	null_1843_H	0.055	0.42962962962963	0.525925925925926	0.341344307270233
1	1845	null_1844	H	L	1134	671	90	0	0	105	1895	null_1844_L	0.0525	0.449076517150396	0.544063324538259	0.342393606282329
1	1846	null_1845	L	H	1049	713	131	0	0	107	1893	null_1845_H	0.0535	0.515055467511886	0.653460116217644	0.388177981603757
1	1847	null_1846	L	H	675	898	321	0	0	106	1894	null_1846_H	0.053	0.813093980992608	1.15205913410771	0.490937312181301
1	1848	null_1847	H	L	623	940	347	0	0	90	1910	null_1847_L	0.045	0.855497382198953	1.21884816753927	0.486972396590006
1	1849	null_1848	H	L	1707	184	4	0	0	105	1895	null_1848_L	0.0525	0.10131926121372	0.105540897097625	0.0952753044047312
1	1850	null_1849	H	L	1058	714	119	0	0	109	1891	null_1849_L	0.0545	0.503437334743522	0.629296668429403	0.375847518415742
1	1851	null_1850	L	H	787	874	227	0	0	112	1888	null_1850_H	0.056	0.703389830508475	0.94385593220339	0.449098678540649
1	1852	null_1851	L	H	1005	759	139	0	0	97	1903	null_1851_H	0.0485	0.544929059379926	0.691014188124015	0.394066508367323
1	1853	null_1852	L	H	1409	444	35	0	0	112	1888	null_1852_H	0.056	0.272245762711864	0.309322033898305	0.23520427858374
1	1854	null_1853	L	H	798	870	260	0	0	72	1928	null_1853_H	0.036	0.720954356846473	0.990663900414938	0.470888715759026
1	1855	null_1854	H	L	995	779	141	0	0	85	1915	null_1854_L	0.0425	0.554046997389034	0.701305483028721	0.394337407712916
1	1856	null_1855	L	H	1178	628	88	0	0	106	1894	null_1855_H	0.053	0.424498416050686	0.517423442449842	0.3372245372203
1	1857	null_1856	L	H	1700	206	11	0	0	83	1917	null_1856_H	0.0415	0.118935837245696	0.130412102243088	0.116266368861753
1	1858	null_1857	H	L	1402	458	44	0	0	96	1904	null_1857_L	0.048	0.286764705882353	0.332983193277311	0.250749196737519
1	1859	null_1858	H	L	520	908	470	0	0	102	1898	null_1858_L	0.051	0.973656480505796	1.46891464699684	0.520907704965906
1	1860	null_1859	L	H	1561	325	21	0	0	93	1907	null_1859_H	0.0465	0.192448872574725	0.214472994231778	0.177436425676495
1	1861	null_1860	L	H	531	979	392	0	0	98	1902	null_1860_H	0.049	0.926919032597266	1.3391167192429	0.479937826251851
1	1862	null_1861	H	L	1296	567	53	0	0	84	1916	null_1861_L	0.042	0.35125260960334	0.406576200417537	0.28319780466438
1	1863	null_1862	H	L	506	916	475	0	0	103	1897	null_1862_L	0.0515	0.983658408012652	1.48444913020559	0.516865266551604
1	1864	null_1863	L	H	1726	174	2	0	0	98	1902	null_1863_H	0.049	0.0935856992639327	0.0956887486855941	0.0869304655788749
1	1865	null_1864	L	H	1053	721	100	0	0	126	1874	null_1864_H	0.063	0.491462113127001	0.598185699039488	0.356650690400231
1	1866	null_1865	L	H	1044	720	139	0	0	97	1903	null_1865_H	0.0485	0.524435102469785	0.670520231213873	0.395488054511379
1	1867	null_1866	L	H	1559	352	7	0	0	82	1918	null_1866_H	0.041	0.190823774765381	0.198123044838373	0.161709331822665
1	1868	null_1867	H	L	793	850	255	0	0	102	1898	null_1867_L	0.051	0.71654373024236	0.985247629083245	0.471812711733609
1	1869	null_1868	L	H	1636	260	13	0	0	91	1909	null_1868_H	0.0455	0.149816657936092	0.163436354112101	0.140991323116961
1	1870	null_1869	L	H	1130	655	102	0	0	113	1887	null_1869_H	0.0565	0.455219925808161	0.563328033916269	0.356102853063481
1	1871	null_1870	H	L	721	921	261	0	0	97	1903	null_1870_L	0.0485	0.75827640567525	1.03258013662638	0.457597029222604
1	1872	null_1871	H	L	714	921	277	0	0	88	1912	null_1871_L	0.044	0.771443514644352	1.06119246861925	0.466067372332417
1	1873	null_1872	H	L	897	800	200	0	0	103	1897	null_1872_L	0.0515	0.632577754348972	0.843437005798629	0.443282390501441
1	1874	null_1873	H	L	1284	553	66	0	0	97	1903	null_1873_L	0.0485	0.359957961114031	0.429322122963742	0.299752389194372
1	1875	null_1874	H	L	1641	253	10	0	0	96	1904	null_1874_L	0.048	0.143382352941176	0.153886554621849	0.133328055486901
1	1876	null_1875	L	H	551	919	440	0	0	90	1910	null_1875_H	0.045	0.941884816753927	1.40261780104712	0.515470793015543
1	1877	null_1876	L	H	528	945	419	0	0	108	1892	null_1876_H	0.054	0.942389006342495	1.38530655391121	0.497209514636011
1	1878	null_1877	H	L	573	924	391	0	0	112	1888	null_1877_L	0.056	0.903601694915254	1.31779661016949	0.501300587115772
1	1879	null_1878	H	L	841	819	233	0	0	107	1893	null_1878_L	0.0535	0.678816693079768	0.924986793449551	0.4641946906458
1	1880	null_1879	H	L	483	988	422	0	0	107	1893	null_1879_L	0.0535	0.967776016904384	1.41362916006339	0.477038741168076
1	1881	null_1880	L	H	1017	748	123	0	0	112	1888	null_1880_H	0.056	0.526483050847458	0.656779661016949	0.379595258187303
1	1882	null_1881	L	H	637	965	319	0	0	79	1921	null_1881_H	0.0395	0.834461218115565	1.1665799062988	0.47025438175989
1	1883	null_1882	H	L	499	924	467	0	0	110	1890	null_1882_L	0.055	0.983068783068783	1.47724867724868	0.510824445004339
1	1884	null_1883	H	L	1421	452	25	0	0	102	1898	null_1883_L	0.051	0.264488935721812	0.290832455216017	0.22087805809676
1	1885	null_1884	L	H	622	890	403	0	0	85	1915	null_1884_H	0.0425	0.885639686684073	1.3065274151436	0.52216976051374
1	1886	null_1885	H	L	1011	770	119	0	0	100	1900	null_1885_L	0.05	0.530526315789474	0.655789473684211	0.374331301939058
1	1887	null_1886	L	H	1219	633	52	0	0	96	1904	null_1886_H	0.048	0.387079831932773	0.441701680672269	0.291870884383165
1	1888	null_1887	L	H	1009	748	153	0	0	90	1910	null_1887_H	0.045	0.551832460732984	0.712041884816754	0.407522820098133
1	1889	null_1888	L	H	662	916	321	0	0	101	1899	null_1888_H	0.0505	0.820431806213797	1.15850447604002	0.485396127392788
1	1890	null_1889	H	L	954	780	151	0	0	115	1885	null_1889_L	0.0575	0.574005305039788	0.7342175066313	0.40473541641748
1	1891	null_1890	L	H	1278	544	75	0	0	103	1897	null_1890_H	0.0515	0.365840801265156	0.444913020558777	0.311073528688446
1	1892	null_1891	L	H	853	820	222	0	0	105	1895	null_1891_H	0.0525	0.667018469656992	0.90131926121372	0.456405622350165
1	1893	null_1892	L	H	630	960	299	0	0	111	1889	null_1892_H	0.0555	0.824775013234516	1.14134462678666	0.461090804330664
1	1894	null_1893	L	H	897	812	183	0	0	108	1892	null_1893_H	0.054	0.62262156448203	0.816067653276956	0.428410040718906
1	1895	null_1894	H	L	496	928	485	0	0	91	1909	null_1894_L	0.0455	0.994237820848612	1.50235725510739	0.51384841070159
1	1896	null_1895	L	H	494	926	478	0	0	102	1898	null_1895_H	0.051	0.991570073761855	1.49525816649104	0.512046955310954
1	1897	null_1896	H	L	767	883	247	0	0	103	1897	null_1896_L	0.0515	0.725882973115446	0.986294148655772	0.459388057996854
1	1898	null_1897	H	L	1100	695	108	0	0	97	1903	null_1897_L	0.0485	0.47871781397793	0.592222806095639	0.363052060675831
1	1899	null_1898	H	L	678	933	285	0	0	104	1896	null_1898_L	0.052	0.792721518987342	1.09335443037975	0.464947023714148
1	1900	null_1899	H	L	991	774	138	0	0	97	1903	null_1899_L	0.0485	0.551760378349974	0.696794534944824	0.392355019827918
1	1901	null_1900	H	L	696	894	307	0	0	103	1897	null_1900_L	0.0515	0.794939377965208	1.11860832894043	0.48667971430072
1	1902	null_1901	L	H	1241	576	81	0	0	102	1898	null_1901_H	0.051	0.388830347734457	0.47418335089568	0.322994311576381
1	1903	null_1902	H	L	1174	633	80	0	0	113	1887	null_1902_L	0.0565	0.42024377318495	0.505034446210917	0.328429617310193
1	1904	null_1903	H	L	487	945	468	0	0	100	1900	null_1903_L	0.05	0.99	1.48263157894737	0.502531578947369
1	1905	null_1904	H	L	1532	357	14	0	0	97	1903	null_1904_L	0.0485	0.202312138728324	0.217025748817656	0.176095547340828
1	1906	null_1905	L	H	1373	493	45	0	0	89	1911	null_1905_H	0.0445	0.305075876504448	0.352171637885924	0.259100347460966
1	1907	null_1906	H	L	578	892	440	0	0	90	1910	null_1906_L	0.045	0.927748691099476	1.38848167539267	0.527764041555878
1	1908	null_1907	H	L	718	875	307	0	0	100	1900	null_1907_L	0.05	0.783684210526316	1.10684210526316	0.492681163434903
1	1909	null_1908	L	H	1637	266	9	0	0	88	1912	null_1908_H	0.044	0.148535564853556	0.157949790794979	0.135886976768614
1	1910	null_1909	H	L	729	888	279	0	0	104	1896	null_1909_L	0.052	0.762658227848101	1.05696202531646	0.47531445281205
1	1911	null_1910	H	L	1200	600	93	0	0	107	1893	null_1910_L	0.0535	0.415213946117274	0.513470681458003	0.341068060407724
1	1912	null_1911	H	L	991	761	147	0	0	101	1899	null_1911_L	0.0505	0.555555555555556	0.710373880989995	0.401731905681353
1	1913	null_1912	L	H	749	886	263	0	0	102	1898	null_1912_H	0.051	0.743940990516333	1.02107481559536	0.467626618224941
1	1914	null_1913	H	L	792	855	246	0	0	107	1893	null_1913_L	0.0535	0.711568938193344	0.971473851030111	0.465143497228508
1	1915	null_1914	L	H	1594	305	14	0	0	87	1913	null_1914_H	0.0435	0.174072138003136	0.188708834291688	0.158407725062705
1	1916	null_1915	L	H	578	989	321	0	0	112	1888	null_1915_H	0.056	0.863877118644068	1.20391949152542	0.457635815408647
1	1917	null_1916	H	L	1271	559	67	0	0	103	1897	null_1916_L	0.0515	0.365313653136531	0.435951502372167	0.302497437204209
1	1918	null_1917	H	L	1206	608	79	0	0	107	1893	null_1917_L	0.0535	0.404648705758056	0.48811410459588	0.32437352952421
1	1919	null_1918	H	L	991	754	164	0	0	91	1909	null_1918_L	0.0455	0.566788894709272	0.738606600314301	0.417356949148543
1	1920	null_1919	H	L	1319	539	34	0	0	108	1892	null_1919_L	0.054	0.320824524312896	0.35676532769556	0.253836952294964
1	1921	null_1920	L	H	1304	542	54	0	0	100	1900	null_1920_H	0.05	0.342105263157895	0.398947368421053	0.28191135734072
1	1922	null_1921	H	L	1200	621	83	0	0	96	1904	null_1921_L	0.048	0.413340336134454	0.500525210084034	0.32967497660829
1	1923	null_1922	L	H	846	816	235	0	0	103	1897	null_1922_H	0.0515	0.677912493410648	0.925672113863996	0.466106765141753
1	1924	null_1923	H	L	1068	708	121	0	0	103	1897	null_1923_L	0.0515	0.500790722192936	0.628360569319979	0.377569221885456
1	1925	null_1924	L	H	588	968	359	0	0	85	1915	null_1924_H	0.0425	0.880417754569191	1.25535248041775	0.480217057857099
1	1926	null_1925	H	L	876	831	204	0	0	89	1911	null_1925_L	0.0445	0.648351648351648	0.861852433281005	0.441492573360705
1	1927	null_1926	L	H	698	891	311	0	0	100	1900	null_1926_H	0.05	0.796315789473684	1.12368421052632	0.489565373961219
1	1928	null_1927	H	L	944	796	176	0	0	84	1916	null_1927_L	0.042	0.599164926931107	0.782881002087683	0.423882392423324
1	1929	null_1928	H	L	834	866	199	0	0	101	1899	null_1928_L	0.0505	0.665613480779358	0.875197472353871	0.432156166558658
1	1930	null_1929	L	H	1331	514	46	0	0	109	1891	null_1929_H	0.0545	0.3204653622422	0.36911686938128	0.266418820984255
1	1931	null_1930	H	L	1012	723	147	0	0	118	1882	null_1930_L	0.059	0.5403825717322	0.696599362380446	0.40458603854854
1	1932	null_1931	H	L	863	833	203	0	0	101	1899	null_1931_L	0.0505	0.652448657187994	0.866245392311743	0.440556142045327
1	1933	null_1932	H	L	1737	186	2	0	0	75	1925	null_1932_L	0.0375	0.0987012987012987	0.100779220779221	0.0910372744138978
1	1934	null_1933	L	H	922	812	174	0	0	92	1908	null_1933_H	0.046	0.607966457023061	0.790356394129979	0.420733181264806
1	1935	null_1934	L	H	1322	510	57	0	0	111	1889	null_1934_H	0.0555	0.330333509793542	0.390682901005823	0.281562673313303
1	1936	null_1935	H	L	1362	481	41	0	0	116	1884	null_1935_L	0.058	0.298832271762208	0.342356687898089	0.253055961251527
1	1937	null_1936	H	L	894	828	192	0	0	86	1914	null_1936_L	0.043	0.633228840125392	0.833855799373041	0.432877035406492
1	1938	null_1937	L	H	1134	662	93	0	0	111	1889	null_1937_H	0.0555	0.448914769719428	0.547379565907888	0.34585509543564
1	1939	null_1938	H	L	685	954	279	0	0	82	1918	null_1938_L	0.041	0.788321167883212	1.07924921793535	0.457798954202598
1	1940	null_1939	L	H	570	935	405	0	0	90	1910	null_1939_H	0.045	0.913612565445026	1.33769633507853	0.503008415339492
1	1941	null_1940	L	H	1052	717	132	0	0	99	1901	null_1940_H	0.0495	0.516044187269858	0.654918463966333	0.388616860751325
1	1942	null_1941	L	H	1455	432	28	0	0	85	1915	null_1941_H	0.0425	0.254830287206266	0.284073107049608	0.21913463177198
1	1943	null_1942	H	L	496	957	435	0	0	112	1888	null_1942_L	0.056	0.967690677966102	1.42849576271186	0.492070514489371
1	1944	null_1943	H	L	1615	264	11	0	0	110	1890	null_1943_L	0.055	0.151322751322751	0.162962962962963	0.140064387895076
1	1945	null_1944	L	H	594	915	388	0	0	103	1897	null_1944_H	0.0515	0.891407485503427	1.30047443331576	0.50586712810422
1	1946	null_1945	H	L	932	792	195	0	0	81	1919	null_1945_L	0.0405	0.615945805106827	0.819176654507556	0.439787419678859
1	1947	null_1946	H	L	892	811	202	0	0	95	1905	null_1946_L	0.0475	0.637795275590551	0.8498687664042	0.443085952838572
1	1948	null_1947	H	L	1026	748	128	0	0	98	1902	null_1947_L	0.049	0.527865404837014	0.662460567823344	0.383818682199599
1	1949	null_1948	L	H	795	827	259	0	0	119	1881	null_1948_H	0.0595	0.715045188729399	0.990430622009569	0.479141000084507
1	1950	null_1949	H	L	538	999	356	0	0	107	1893	null_1949_L	0.0535	0.903856312731115	1.27997886951928	0.463022635455395
1	1951	null_1950	H	L	802	851	246	0	0	101	1899	null_1950_L	0.0505	0.707214323328067	0.966298051606108	0.466145952485732
1	1952	null_1951	L	H	778	847	260	0	0	115	1885	null_1951_H	0.0575	0.725198938992043	1.00106100795756	0.475147506842376
1	1953	null_1952	H	L	568	920	399	0	0	113	1887	null_1952_L	0.0565	0.910439851616322	1.33333333333333	0.504432609922182
1	1954	null_1953	H	L	830	853	211	0	0	106	1894	null_1953_L	0.053	0.673178458289335	0.895987328405491	0.442818091700685
1	1955	null_1954	H	L	1478	385	33	0	0	104	1896	null_1954_L	0.052	0.237869198312236	0.272679324894515	0.216097569388809
1	1956	null_1955	H	L	1481	387	25	0	0	107	1893	null_1955_L	0.0535	0.230850501848917	0.257263602746963	0.203971648543066
1	1957	null_1956	L	H	1131	680	95	0	0	94	1906	null_1956_H	0.047	0.456453305351522	0.556138509968521	0.347788890002191
1	1958	null_1957	H	L	1656	248	6	0	0	90	1910	null_1957_L	0.045	0.136125654450262	0.142408376963351	0.123878183163839
1	1959	null_1958	L	H	603	906	384	0	0	107	1893	null_1958_H	0.0535	0.884310618066561	1.29001584786054	0.508010578635276
1	1960	null_1959	L	H	933	823	160	0	0	84	1916	null_1959_H	0.042	0.596555323590814	0.76356993736952	0.407691683264979
1	1961	null_1960	H	L	1625	259	5	0	0	111	1889	null_1960_L	0.0555	0.142403388035998	0.147697194282689	0.127418469358558
1	1962	null_1961	H	L	569	923	399	0	0	109	1891	null_1961_L	0.0545	0.910100475938657	1.3320994182972	0.503816541993428
1	1963	null_1962	L	H	1383	474	48	0	0	95	1905	null_1962_H	0.0475	0.299212598425197	0.349606299212598	0.26007812015624
1	1964	null_1963	H	L	515	948	440	0	0	97	1903	null_1963_L	0.0485	0.960588544403573	1.42301629006831	0.500285938428937
1	1965	null_1964	H	L	1176	618	97	0	0	109	1891	null_1964_L	0.0545	0.429402432575357	0.531993654151243	0.347607205049609
1	1966	null_1965	L	H	846	829	222	0	0	103	1897	null_1965_H	0.0515	0.671059567738535	0.905113336847654	0.454792393394225
1	1967	null_1966	L	H	999	737	161	0	0	103	1897	null_1966_H	0.0515	0.558249868212968	0.727991565629942	0.416348650270146
1	1968	null_1967	L	H	1192	618	82	0	0	108	1892	null_1967_H	0.054	0.413319238900634	0.5	0.3291672067546
1	1969	null_1968	H	L	815	831	244	0	0	110	1890	null_1968_L	0.055	0.697883597883598	0.956084656084656	0.469043139889701
1	1970	null_1969	L	H	1543	332	13	0	0	112	1888	null_1969_H	0.056	0.189618644067797	0.203389830508475	0.167434600330365
1	1971	null_1970	H	L	1367	506	34	0	0	93	1907	null_1970_L	0.0465	0.300996329313057	0.336654431043524	0.24605564078359
1	1972	null_1971	H	L	1358	502	47	0	0	93	1907	null_1971_L	0.0465	0.312532773990561	0.361824855794442	0.264148120976206
1	1973	null_1972	H	L	911	820	161	0	0	108	1892	null_1972_L	0.054	0.603594080338266	0.773784355179704	0.409458541360307
1	1974	null_1973	H	L	1004	769	134	0	0	93	1907	null_1973_L	0.0465	0.543786051389617	0.684320922915574	0.388617653229663
1	1975	null_1974	L	H	568	944	393	0	0	95	1905	null_1974_H	0.0475	0.908136482939632	1.32073490813648	0.496023036490518
1	1976	null_1975	H	L	1454	404	36	0	0	106	1894	null_1975_L	0.053	0.251319957761352	0.289334741288279	0.226173020119111
1	1977	null_1976	L	H	1136	651	95	0	0	118	1882	null_1976_H	0.059	0.446865037194474	0.547821466524973	0.348133105058155
1	1978	null_1977	H	L	922	811	159	0	0	108	1892	null_1977_L	0.054	0.596723044397463	0.764799154334038	0.408720762619061
1	1979	null_1978	H	L	859	834	196	0	0	111	1889	null_1978_L	0.0555	0.649020645844362	0.856537850714664	0.435310051982431
1	1980	null_1979	H	L	1000	761	135	0	0	104	1896	null_1979_L	0.052	0.543776371308017	0.686181434599156	0.390488692606242
1	1981	null_1980	L	H	760	881	252	0	0	107	1893	null_1980_H	0.0535	0.731642894875859	0.997886951928156	0.46258562630583
1	1982	null_1981	H	L	888	840	180	0	0	92	1908	null_1981_L	0.046	0.628930817610063	0.817610062893082	0.42205608955342
1	1983	null_1982	L	H	1358	486	47	0	0	109	1891	null_1982_H	0.0545	0.306716023268112	0.356425171866737	0.262350452937332
1	1984	null_1983	L	H	1339	506	54	0	0	101	1899	null_1983_H	0.0505	0.323328067403897	0.380200105318589	0.27565906614745
1	1985	null_1984	L	H	847	841	216	0	0	96	1904	null_1984_H	0.048	0.66859243697479	0.895483193277311	0.448467346497423
1	1986	null_1985	L	H	944	814	138	0	0	104	1896	null_1985_H	0.052	0.574894514767933	0.720464135021097	0.389960431910841
1	1987	null_1986	L	H	887	818	192	0	0	103	1897	null_1986_H	0.0515	0.63363205060622	0.836056931997891	0.434567356442448
1	1988	null_1987	L	H	761	881	247	0	0	111	1889	null_1987_H	0.0555	0.727898358920064	0.989412387506617	0.459576366588096
1	1989	null_1988	H	L	1428	436	39	0	0	97	1903	null_1988_L	0.0485	0.270099842354178	0.311087756174461	0.23813383133471
1	1990	null_1989	L	H	928	767	169	0	0	136	1864	null_1989_H	0.068	0.592811158798283	0.774141630901288	0.422716560905524
1	1991	null_1990	H	L	558	920	433	0	0	89	1911	null_1990_L	0.0445	0.934589220303506	1.38775510204082	0.514298091333301
1	1992	null_1991	L	H	1502	359	21	0	0	118	1882	null_1991_H	0.059	0.213071200850159	0.23538788522848	0.189988548596751
1	1993	null_1992	H	L	914	822	178	0	0	86	1914	null_1992_L	0.043	0.61546499477534	0.801462904911181	0.422665745117372
1	1994	null_1993	L	H	561	917	432	0	0	90	1910	null_1993_H	0.045	0.932460732984293	1.3848167539267	0.515333735369096
1	1995	null_1994	L	H	895	805	206	0	0	94	1906	null_1994_H	0.047	0.638509968520462	0.854669464847849	0.446974484947848
1	1996	null_1995	L	H	1290	554	63	0	0	93	1907	null_1995_H	0.0465	0.356581017304667	0.422653382275826	0.295503360373795
1	1997	null_1996	H	L	1465	405	34	0	0	96	1904	null_1996_L	0.048	0.248424369747899	0.284138655462185	0.222423987977544
1	1998	null_1997	H	L	1520	356	22	0	0	102	1898	null_1997_L	0.051	0.210748155953635	0.233930453108535	0.189515667870677
1	1999	null_1998	H	L	752	873	285	0	0	90	1910	null_1998_L	0.045	0.755497382198953	1.05392670157068	0.48315040706121
1	2000	null_1999	L	H	917	789	177	0	0	117	1883	null_1999_H	0.0585	0.607010090281466	0.795007966011684	0.42654671630817
1	2001	null_2000	H	L	1480	387	27	0	0	106	1894	null_2000_L	0.053	0.232840549102429	0.261351636747624	0.207136915441304
1	2002	null_2001	H	L	1028	724	139	0	0	109	1891	null_2001_L	0.0545	0.529878371232152	0.676890534108937	0.396119445809299
1	2003	null_2002	H	L	1030	720	135	0	0	115	1885	null_2002_L	0.0575	0.525198938992042	0.6684350132626	0.392601087744232
1	2004	null_2003	H	L	1662	220	8	0	0	110	1890	null_2003_L	0.055	0.124867724867725	0.133333333333333	0.117741384619692
1	2005	null_2004	L	H	937	792	168	0	0	103	1897	null_2004_H	0.0515	0.594623089088034	0.771744860305746	0.41816824222915
1	2006	null_2005	H	L	509	944	449	0	0	98	1902	null_2005_L	0.049	0.968454258675079	1.44058885383807	0.502685202692169
1	2007	null_2006	L	H	764	841	290	0	0	105	1895	null_2006_H	0.0525	0.749868073878628	1.05593667546174	0.493634547239298
1	2008	null_2007	L	H	1013	763	128	0	0	96	1904	null_2007_H	0.048	0.535189075630252	0.669642857142857	0.383215510468893
1	2009	null_2008	H	L	1491	388	19	0	0	102	1898	null_2008_L	0.051	0.224446786090622	0.244467860906217	0.194091501119808
1	2010	null_2009	H	L	794	856	252	0	0	98	1902	null_2009_L	0.049	0.715036803364879	0.980021030494217	0.468743400327952
1	2011	null_2010	H	L	704	918	286	0	0	92	1908	null_2010_L	0.046	0.780922431865828	1.08071278825996	0.470872943668719
1	2012	null_2011	L	H	885	798	205	0	0	112	1888	null_2011_H	0.056	0.639830508474576	0.856991525423729	0.447608445848894
1	2013	null_2012	L	H	1408	455	38	0	0	99	1901	null_2012_H	0.0495	0.279326670173593	0.319305628616518	0.24128223994625
1	2014	null_2013	L	H	1464	405	27	0	0	104	1896	null_2013_H	0.052	0.242088607594937	0.270569620253165	0.211962726325909
1	2015	null_2014	L	H	823	854	219	0	0	104	1896	null_2014_H	0.052	0.681434599156118	0.912447257383966	0.448094144456907
1	2016	null_2015	H	L	667	933	291	0	0	109	1891	null_2015_L	0.0545	0.8011634056055	1.10893707033316	0.467074267851755
1	2017	null_2016	L	H	1150	655	102	0	0	93	1907	null_2016_H	0.0465	0.450445726271631	0.557420031463031	0.354518679146654
1	2018	null_2017	H	L	898	807	185	0	0	110	1890	null_2017_L	0.055	0.622751322751323	0.818518518518519	0.430699308529996
1	2019	null_2018	L	H	1696	191	4	0	0	109	1891	null_2018_H	0.0545	0.105235325224749	0.10946589106293	0.098391417387771
1	2020	null_2019	L	H	747	872	277	0	0	104	1896	null_2019_H	0.052	0.75210970464135	1.04430379746835	0.478634789652655
1	2021	null_2020	L	H	1058	718	114	0	0	110	1890	null_2020_H	0.055	0.500529100529101	0.621164021164021	0.370634640687551
1	2022	null_2021	H	L	916	802	182	0	0	100	1900	null_2021_L	0.05	0.613684210526316	0.805263157894737	0.428654847645429
1	2023	null_2022	H	L	999	753	153	0	0	95	1905	null_2022_L	0.0475	0.555905511811024	0.716535433070866	0.40750449500899
1	2024	null_2023	L	H	878	803	206	0	0	113	1887	null_2023_H	0.0565	0.643879173290938	0.862215156332803	0.447634766534982
1	2025	null_2024	L	H	740	860	306	0	0	94	1906	null_2024_H	0.047	0.772298006295908	1.09338929695698	0.496945086428344
1	2026	null_2025	L	H	1109	685	105	0	0	101	1899	null_2025_H	0.0505	0.471300684570827	0.581885202738283	0.359760867461353
1	2027	null_2026	H	L	1091	696	109	0	0	104	1896	null_2026_L	0.052	0.482067510548523	0.59704641350211	0.364657328775659
1	2028	null_2027	L	H	1165	629	104	0	0	102	1898	null_2027_H	0.051	0.440990516332982	0.550579557428873	0.356106921933242
1	2029	null_2028	H	L	1399	469	42	0	0	90	1910	null_2028_L	0.045	0.289528795811518	0.333507853403141	0.249680929799074
1	2030	null_2029	H	L	878	829	177	0	0	116	1884	null_2029_L	0.058	0.62791932059448	0.815817409766454	0.421534736590621
1	2031	null_2030	H	L	579	964	341	0	0	116	1884	null_2030_L	0.058	0.873673036093418	1.23566878980892	0.472364215812226
1	2032	null_2031	H	L	712	891	311	0	0	86	1914	null_2031_L	0.043	0.790491118077325	1.11546499477534	0.4905887870162
1	2033	null_2032	L	H	718	896	279	0	0	107	1893	null_2032_H	0.0535	0.768092974115161	1.06286318013735	0.472896363252275
1	2034	null_2033	H	L	1519	353	21	0	0	107	1893	null_2033_L	0.0535	0.208663497094559	0.230850501848917	0.187310046829186
1	2035	null_2034	L	H	948	795	160	0	0	97	1903	null_2034_H	0.0485	0.58591697320021	0.754072517078298	0.410773817594202
1	2036	null_2035	H	L	1135	676	92	0	0	97	1903	null_2035_L	0.0485	0.451918024172359	0.54860746190226	0.34437756133041
1	2037	null_2036	H	L	1601	279	14	0	0	106	1894	null_2036_L	0.053	0.162090813093981	0.176874340021119	0.150600908331651
1	2038	null_2037	H	L	1698	197	6	0	0	99	1901	null_2037_L	0.0495	0.109942135718043	0.11625460284061	0.104167329634366
1	2039	null_2038	L	H	734	899	272	0	0	95	1905	null_2038_H	0.0475	0.75748031496063	1.04304461942257	0.469268191869717
1	2040	null_2039	L	H	1361	482	49	0	0	108	1892	null_2039_H	0.054	0.306553911205074	0.358350951374207	0.264375650899079
1	2041	null_2040	H	L	1333	514	55	0	0	98	1902	null_2040_L	0.049	0.32807570977918	0.385909568874869	0.278275897527756
1	2042	null_2041	L	H	652	940	304	0	0	104	1896	null_2041_H	0.052	0.816455696202532	1.13713080168776	0.470530897826203
1	2043	null_2042	H	L	1057	701	130	0	0	112	1888	null_2042_L	0.056	0.509004237288136	0.646716101694915	0.387630788117639
1	2044	null_2043	H	L	1049	735	124	0	0	92	1908	null_2043_L	0.046	0.515199161425577	0.64517819706499	0.379748021131372
1	2045	null_2044	L	H	1490	381	21	0	0	108	1892	null_2044_H	0.054	0.223572938689218	0.245771670190275	0.195786811276142
1	2046	null_2045	H	L	950	752	188	0	0	110	1890	null_2045_L	0.055	0.596825396825397	0.795767195767196	0.439566641471403
1	2047	null_2046	H	L	1155	657	86	0	0	102	1898	null_2046_L	0.051	0.436775553213909	0.527397260273973	0.336624376388656
1	2048	null_2047	H	L	1045	731	133	0	0	91	1909	null_2047_L	0.0455	0.522262964903091	0.661602933473023	0.388844328963656
1	2049	null_2048	L	H	691	912	297	0	0	100	1900	null_2048_H	0.05	0.792631578947368	1.10526315789474	0.476998337950139
1	2050	null_2049	L	H	1353	506	46	0	0	95	1905	null_2049_H	0.0475	0.313910761154856	0.362204724409449	0.263664758440628
1	2051	null_2050	H	L	593	949	351	0	0	107	1893	null_2050_L	0.0535	0.87216059165346	1.24300052826202	0.482336430628704
1	2052	null_2051	H	L	695	919	285	0	0	101	1899	null_2051_L	0.0505	0.784096893101633	1.08425487098473	0.469446933213096
1	2053	null_2052	L	H	1239	599	63	0	0	99	1901	null_2052_H	0.0495	0.381378221988427	0.447659126775381	0.302209778568327
1	2054	null_2053	L	H	1427	455	37	0	0	81	1919	null_2053_H	0.0405	0.275664408546118	0.314226159458051	0.23823529331897
1	2055	null_2054	L	H	942	809	149	0	0	100	1900	null_2054_H	0.05	0.582631578947368	0.739473684210526	0.400014127423823
1	2056	null_2055	L	H	949	781	146	0	0	124	1876	null_2055_H	0.062	0.571961620469083	0.727611940298508	0.400471845008888
1	2057	null_2056	L	H	612	937	364	0	0	87	1913	null_2056_H	0.0435	0.870360690015682	1.25091479351803	0.49338706279346
1	2058	null_2057	H	L	550	961	376	0	0	113	1887	null_2057_L	0.0565	0.907790143084261	1.30630630630631	0.482223362425364
1	2059	null_2058	H	L	967	790	163	0	0	80	1920	null_2058_L	0.04	0.58125	0.751041666666667	0.413190104166667
1	2060	null_2059	L	H	1584	300	14	0	0	102	1898	null_2059_H	0.051	0.172813487881981	0.187565858798736	0.1577013572048
1	2061	null_2060	H	L	1615	288	10	0	0	87	1913	null_2060_L	0.0435	0.161003659174072	0.171458442237324	0.145536263969883
1	2062	null_2061	L	H	1207	611	70	0	0	112	1888	null_2061_H	0.056	0.397775423728814	0.471927966101695	0.313702678379058
1	2063	null_2062	L	H	504	940	450	0	0	106	1894	null_2062_H	0.053	0.971488912354805	1.44667370644139	0.502882999613073
1	2064	null_2063	L	H	1031	731	136	0	0	102	1898	null_2063_H	0.051	0.528451001053741	0.671759747102213	0.392499286587512
1	2065	null_2064	H	L	863	840	193	0	0	104	1896	null_2064_L	0.052	0.64662447257384	0.850210970464135	0.432087761932739
1	2066	null_2065	L	H	846	859	190	0	0	105	1895	null_2065_H	0.0525	0.653825857519789	0.854353562005277	0.42686531004379
1	2067	null_2066	L	H	1042	709	149	0	0	100	1900	null_2066_H	0.05	0.53	0.686842105263158	0.405942105263158
1	2068	null_2067	H	L	925	796	168	0	0	111	1889	null_2067_L	0.0555	0.599258867125463	0.777130757014293	0.4180195671858
1	2069	null_2068	H	L	1445	439	29	0	0	87	1913	null_2068_L	0.0435	0.259801359121798	0.290120230005227	0.222623483803694
1	2070	null_2069	L	H	1473	390	35	0	0	102	1898	null_2069_H	0.051	0.242360379346681	0.279241306638567	0.2205027531615
1	2071	null_2070	H	L	977	754	156	0	0	113	1887	null_2070_L	0.0565	0.564917859035506	0.730259671436142	0.411127483978882
1	2072	null_2071	H	L	619	920	362	0	0	99	1901	null_2071_L	0.0495	0.864807995791689	1.24566017885324	0.497767309267998
1	2073	null_2072	L	H	1617	280	11	0	0	92	1908	null_2072_H	0.046	0.158280922431866	0.169811320754717	0.144758470348835
1	2074	null_2073	H	L	1293	539	43	0	0	125	1875	null_2073_L	0.0625	0.333333333333333	0.3792	0.268088888888889
1	2075	null_2074	L	H	1291	550	72	0	0	87	1913	null_2074_H	0.0435	0.362780972294825	0.438055410350235	0.306445376491057
1	2076	null_2075	H	L	721	895	268	0	0	116	1884	null_2075_L	0.058	0.759554140127389	1.04405520169851	0.467132709913857
1	2077	null_2076	L	H	1547	347	10	0	0	96	1904	null_2076_H	0.048	0.192752100840336	0.203256302521008	0.166102930142645
1	2078	null_2077	H	L	1079	705	108	0	0	108	1892	null_2077_L	0.054	0.486786469344609	0.600951374207188	0.363990307470198
1	2079	null_2078	H	L	766	881	243	0	0	110	1890	null_2078_L	0.055	0.723280423280423	0.98042328042328	0.457288709722572
1	2080	null_2079	L	H	698	907	300	0	0	95	1905	null_2079_H	0.0475	0.791076115485564	1.10603674540682	0.480235324915094
1	2081	null_2080	L	H	1397	466	33	0	0	104	1896	null_2080_H	0.052	0.280590717299578	0.315400843881857	0.236669693247165
1	2082	null_2081	L	H	520	965	419	0	0	96	1904	null_2081_H	0.048	0.946953781512605	1.38707983193277	0.490358367611751
1	2083	null_2082	L	H	814	854	226	0	0	106	1894	null_2082_H	0.053	0.689545934530095	0.928194297782471	0.452720701955489
1	2084	null_2083	H	L	1462	409	22	0	0	107	1893	null_2083_L	0.0535	0.239302694136292	0.262546222926572	0.205280443505684
1	2085	null_2084	H	L	1195	619	80	0	0	106	1894	null_2084_L	0.053	0.41129883843717	0.495776135163675	0.326609400663909
1	2086	null_2085	L	H	1451	430	28	0	0	91	1909	null_2085_H	0.0455	0.254583551597695	0.283918281822944	0.219105497078848
1	2087	null_2086	H	L	1696	188	0	0	0	116	1884	null_2086_L	0.058	0.0997876857749469	0.0997876857749469	0.0898301035426274
1	2088	null_2087	L	H	1159	652	94	0	0	95	1905	null_2087_H	0.0475	0.440944881889764	0.539632545931759	0.345200157066981
1	2089	null_2088	H	L	1614	278	12	0	0	96	1904	null_2088_L	0.048	0.158613445378151	0.171218487394958	0.14606026234023
1	2090	null_2089	H	L	809	883	211	0	0	97	1903	null_2089_L	0.0485	0.685759327377825	0.907514450867052	0.437248595781366
1	2091	null_2090	L	H	503	941	455	0	0	101	1899	null_2090_H	0.0505	0.974723538704581	1.45392311743023	0.503837140525445
1	2092	null_2091	L	H	550	958	396	0	0	96	1904	null_2091_H	0.048	0.919117647058824	1.33508403361345	0.490306784478497
1	2093	null_2092	H	L	1227	594	86	0	0	93	1907	null_2092_L	0.0465	0.401678028316728	0.49187205034085	0.330526811908436
1	2094	null_2093	H	L	815	854	225	0	0	106	1894	null_2093_L	0.053	0.688489968321014	0.926082365364308	0.452063928885638
1	2095	null_2094	L	H	1117	690	96	0	0	97	1903	null_2094_H	0.0485	0.463478717813978	0.56437204414083	0.349559522274341
1	2096	null_2095	H	L	1164	642	103	0	0	91	1909	null_2095_L	0.0455	0.444211629125196	0.552121529596648	0.354797558146586
1	2097	null_2096	L	H	954	765	178	0	0	103	1897	null_2096_H	0.0515	0.590933052187665	0.77859778597786	0.42939591381003
1	2098	null_2097	L	H	532	940	441	0	0	87	1913	null_2097_H	0.0435	0.952430737062206	1.41348667015159	0.506362361250738
1	2099	null_2098	L	H	1034	731	147	0	0	88	1912	null_2098_H	0.044	0.536087866108787	0.689853556485356	0.402463356296283
1	2100	null_2099	L	H	820	876	195	0	0	109	1891	null_2099_H	0.0545	0.669487043892121	0.875727128503437	0.427514226564027
1	2101	null_2100	L	H	1425	437	37	0	0	101	1899	null_2100_H	0.0505	0.269088994207478	0.308056872037915	0.235647985234323
1	2102	null_2101	L	H	568	965	381	0	0	86	1914	null_2101_H	0.043	0.902298850574713	1.30041797283177	0.486274757083319
1	2103	null_2102	L	H	599	922	357	0	0	122	1878	null_2102_H	0.061	0.871139510117146	1.25133120340788	0.49244715732074
1	2104	null_2103	L	H	1400	468	29	0	0	103	1897	null_2103_H	0.0515	0.277279915656299	0.3078545071165	0.230970355490135
1	2105	null_2104	L	H	1556	319	16	0	0	109	1891	null_2104_H	0.0545	0.185616076150185	0.202538339502909	0.168085011777517
1	2106	null_2105	H	L	774	898	235	0	0	93	1907	null_2105_L	0.0465	0.717357105401154	0.963817514420556	0.449216297751034
1	2107	null_2106	L	H	1621	271	6	0	0	102	1898	null_2106_H	0.051	0.149104320337197	0.155426765015806	0.133194666672589
1	2108	null_2107	H	L	495	963	454	0	0	88	1912	null_2107_L	0.044	0.978556485355648	1.45345188284519	0.495879087813589
1	2109	null_2108	L	H	1097	695	112	0	0	96	1904	null_2108_H	0.048	0.482668067226891	0.60031512605042	0.367346662929878
1	2110	null_2109	H	L	554	924	421	0	0	101	1899	null_2109_L	0.0505	0.929963138493944	1.37335439705108	0.508522958093573
1	2111	null_2110	H	L	1554	339	20	0	0	87	1913	null_2110_L	0.0435	0.198118139048615	0.219027705175118	0.179776908155031
1	2112	null_2111	L	H	1649	254	6	0	0	91	1909	null_2111_H	0.0455	0.139339968569932	0.145625982189628	0.126210355348559
1	2113	null_2112	H	L	970	778	158	0	0	94	1906	null_2112_L	0.047	0.573976915005247	0.739769150052466	0.410319651093526
1	2114	null_2113	H	L	827	842	245	0	0	86	1914	null_2113_L	0.043	0.695924764890282	0.951933124346917	0.467621845959323
1	2115	null_2114	H	L	752	892	260	0	0	96	1904	null_2114_L	0.048	0.741596638655462	1.01470588235294	0.464740307887861
1	2116	null_2115	L	H	1185	632	75	0	0	108	1892	null_2115_H	0.054	0.413319238900634	0.492600422832981	0.321767629587581
1	2117	null_2116	H	L	492	919	475	0	0	114	1886	null_2116_L	0.057	0.990986214209968	1.49469777306469	0.512644096310482
1	2118	null_2117	L	H	823	835	237	0	0	105	1895	null_2117_H	0.0525	0.690765171503958	0.94089709762533	0.463740575462438
1	2119	null_2118	L	H	1149	665	84	0	0	102	1898	null_2118_H	0.051	0.438883034773446	0.527397260273973	0.334778942062023
1	2120	null_2119	L	H	1436	447	29	0	0	88	1912	null_2119_H	0.044	0.264121338912134	0.294456066945607	0.224695985276868
1	2121	null_2120	L	H	538	956	423	0	0	83	1917	null_2120_H	0.0415	0.940010432968179	1.38132498695879	0.497705372869766
1	2122	null_2121	L	H	1421	451	33	0	0	95	1905	null_2121_H	0.0475	0.271391076115486	0.306036745406824	0.232383629211703
1	2123	null_2122	L	H	518	927	451	0	0	104	1896	null_2122_H	0.052	0.964662447257384	1.44040084388186	0.509827206733252
1	2124	null_2123	H	L	1618	282	6	0	0	94	1906	null_2123_L	0.047	0.154249737670514	0.160545645330535	0.136752663759113
1	2125	null_2124	L	H	1349	499	47	0	0	105	1895	null_2124_H	0.0525	0.312928759894459	0.362532981530343	0.264608572761259
1	2126	null_2125	H	L	1070	707	121	0	0	102	1898	null_2125_L	0.051	0.5	0.627502634351949	0.377502634351949
1	2127	null_2126	L	H	537	973	386	0	0	104	1896	null_2126_H	0.052	0.92035864978903	1.32753164556962	0.480471601328135
1	2128	null_2127	H	L	1162	654	83	0	0	101	1899	null_2127_L	0.0505	0.431806213796735	0.519220642443391	0.33276403616992
1	2129	null_2128	H	L	1490	372	20	0	0	118	1882	null_2128_L	0.059	0.218916046758767	0.240170031880978	0.192245796352491
1	2130	null_2129	H	L	682	883	325	0	0	110	1890	null_2129_L	0.055	0.811111111111111	1.15502645502646	0.497125220458554
1	2131	null_2130	H	L	1430	445	29	0	0	96	1904	null_2130_L	0.048	0.264180672268908	0.294642857142857	0.224851429542405
1	2132	null_2131	H	L	737	905	268	0	0	90	1910	null_2131_L	0.045	0.754450261780105	1.03507853403141	0.465883336531345
1	2133	null_2132	H	L	1238	592	68	0	0	102	1898	null_2132_L	0.051	0.383561643835616	0.455216016859852	0.308096482237972
1	2134	null_2133	H	L	1419	437	44	0	0	100	1900	null_2133_L	0.05	0.276315789473684	0.322631578947368	0.246281163434903
1	2135	null_2134	H	L	1011	729	145	0	0	115	1885	null_2134_L	0.0575	0.540583554376658	0.694429708222812	0.402199128960311
1	2136	null_2135	H	L	1669	218	10	0	0	103	1897	null_2135_L	0.0515	0.125461254612546	0.136004217185029	0.120263690776075
1	2137	null_2136	L	H	642	896	366	0	0	96	1904	null_2136_H	0.048	0.855042016806723	1.23949579831933	0.50839894781442
1	2138	null_2137	H	L	571	976	354	0	0	99	1901	null_2137_L	0.0495	0.885849552866912	1.25828511309837	0.473555682783861
1	2139	null_2138	L	H	1123	672	111	0	0	94	1906	null_2138_H	0.047	0.469045120671564	0.585519412381952	0.36551608715615
1	2140	null_2139	H	L	1324	523	49	0	0	104	1896	null_2139_L	0.052	0.32753164556962	0.3792194092827	0.271942430433157
1	2141	null_2140	L	H	666	913	318	0	0	103	1897	null_2140_H	0.0515	0.816552451238798	1.15181866104375	0.485060755419664
1	2142	null_2141	L	H	1141	653	91	0	0	115	1885	null_2141_H	0.0575	0.442970822281167	0.539522546419098	0.343299397026645
1	2143	null_2142	L	H	655	919	322	0	0	104	1896	null_2142_H	0.052	0.824367088607595	1.16402953586498	0.484448439085617
1	2144	null_2143	L	H	592	959	348	0	0	101	1899	null_2143_H	0.0505	0.871511321748289	1.23802001053186	0.47848802659641
1	2145	null_2144	L	H	584	912	409	0	0	95	1905	null_2144_H	0.0475	0.908136482939632	1.33753280839895	0.512820936752985
1	2146	null_2145	L	H	909	819	176	0	0	96	1904	null_2145_H	0.048	0.615021008403361	0.799894957983193	0.421644117205706
1	2147	null_2146	H	L	487	943	478	0	0	92	1908	null_2146_L	0.046	0.995283018867925	1.49633123689727	0.505742949250425
1	2148	null_2147	L	H	1506	381	18	0	0	95	1905	null_2147_H	0.0475	0.218897637795276	0.237795275590551	0.1898790997582
1	2149	null_2148	L	H	988	777	139	0	0	96	1904	null_2148_H	0.048	0.554096638655462	0.700105042016807	0.393081957047525
1	2150	null_2149	L	H	1103	719	92	0	0	86	1914	null_2149_H	0.043	0.471786833855799	0.567920585161964	0.345337768562285
1	2151	null_2150	H	L	976	770	167	0	0	87	1913	null_2150_L	0.0435	0.577104025091479	0.751698902247778	0.418649846470991
1	2152	null_2151	H	L	867	843	192	0	0	98	1902	null_2151_L	0.049	0.645110410094637	0.847003154574133	0.430835713361661
1	2153	null_2152	H	L	569	928	409	0	0	94	1906	null_2152_L	0.047	0.916054564533054	1.34522560335782	0.506069638155975
1	2154	null_2153	H	L	1470	426	14	0	0	90	1910	null_2153_L	0.045	0.237696335078534	0.252356020942408	0.195856473232642
1	2155	null_2154	L	H	1036	732	142	0	0	90	1910	null_2154_H	0.045	0.531937172774869	0.680628272251309	0.397671116471588
1	2156	null_2155	H	L	1557	322	20	0	0	101	1899	null_2155_L	0.0505	0.190626645602949	0.211690363349131	0.175351845335299
1	2157	null_2156	L	H	1486	383	35	0	0	96	1904	null_2156_H	0.048	0.237920168067227	0.27468487394958	0.218078867576442
1	2158	null_2157	H	L	915	828	146	0	0	111	1889	null_2157_L	0.0555	0.592906299629434	0.747485442032822	0.395947561892554
1	2159	null_2158	H	L	845	840	214	0	0	101	1899	null_2158_L	0.0505	0.667719852553976	0.893101632438125	0.447251830943422
1	2160	null_2159	H	L	684	917	294	0	0	105	1895	null_2159_L	0.0525	0.794195250659631	1.10448548812665	0.473739391956336
1	2161	null_2160	H	L	1536	351	25	0	0	88	1912	null_2160_L	0.044	0.209728033472803	0.235878661087866	0.191892813063497
1	2162	null_2161	L	H	1444	424	36	0	0	96	1904	null_2161_H	0.048	0.260504201680672	0.298319327731092	0.230456888637808
1	2163	null_2162	H	L	922	819	170	0	0	89	1911	null_2162_L	0.0445	0.606488749345892	0.784406070120356	0.416577467037211
1	2164	null_2163	L	H	579	959	362	0	0	100	1900	null_2163_H	0.05	0.885789473684211	1.26684210526316	0.482219113573407
1	2165	null_2164	H	L	1023	771	110	0	0	96	1904	null_2164_L	0.048	0.520483193277311	0.636029411764706	0.365126657280559
1	2166	null_2165	L	H	1277	552	64	0	0	107	1893	null_2165_H	0.0535	0.359218172213418	0.426835710512414	0.297798015264065
1	2167	null_2166	H	L	1259	588	52	0	0	101	1899	null_2166_L	0.0505	0.364402317008952	0.419167983149026	0.286378934507533
1	2168	null_2167	L	H	1601	277	13	0	0	109	1891	null_2167_H	0.0545	0.1602326811211	0.173982020095188	0.148307507995932
1	2169	null_2168	L	H	522	919	448	0	0	111	1889	null_2168_H	0.0555	0.960825833774484	1.43515087347803	0.511964590629599
1	2170	null_2169	L	H	792	849	272	0	0	87	1913	null_2169_H	0.0435	0.728175640355463	1.0125457396759	0.482305976468814
1	2171	null_2170	L	H	652	945	304	0	0	99	1901	null_2170_H	0.0495	0.816938453445555	1.13677012098895	0.469381684270938
1	2172	null_2171	L	H	1073	714	119	0	0	94	1906	null_2171_H	0.047	0.499475341028332	0.624344176285415	0.374868559990046
1	2173	null_2172	H	L	515	950	437	0	0	98	1902	null_2172_L	0.049	0.958990536277603	1.41850683491062	0.498843986240617
1	2174	null_2173	L	H	480	965	437	0	0	118	1882	null_2173_H	0.059	0.977151965993624	1.44155154091392	0.486725576268718
1	2175	null_2174	H	L	655	917	324	0	0	104	1896	null_2174_L	0.052	0.82542194092827	1.167194092827	0.485872712261212
1	2176	null_2175	H	L	550	930	409	0	0	111	1889	null_2175_L	0.0555	0.925357331921652	1.35839068290101	0.502104491159848
1	2177	null_2176	L	H	564	941	383	0	0	112	1888	null_2176_H	0.056	0.904131355932203	1.30985169491525	0.49239818613545
1	2178	null_2177	H	L	815	874	227	0	0	84	1916	null_2177_L	0.042	0.693110647181628	0.930062630480167	0.449660261243631
1	2179	null_2178	L	H	555	936	410	0	0	99	1901	null_2178_H	0.0495	0.923724355602315	1.3550762756444	0.501809590511486
1	2180	null_2179	L	H	1612	272	13	0	0	103	1897	null_2179_H	0.0515	0.157090142329995	0.170795993674222	0.146118680856964
1	2181	null_2180	L	H	1637	244	8	0	0	111	1889	null_2180_H	0.0555	0.137638962413976	0.146109052408682	0.127164568434286
1	2182	null_2181	H	L	1030	746	128	0	0	96	1904	null_2181_L	0.048	0.526260504201681	0.660714285714286	0.383764167431679
1	2183	null_2182	H	L	943	810	144	0	0	103	1897	null_2182_L	0.0515	0.578808645229309	0.730627306273063	0.395607858480874
1	2184	null_2183	L	H	598	950	351	0	0	101	1899	null_2183_H	0.0505	0.869931542917325	1.23959978936282	0.482818900000305
1	2185	null_2184	L	H	855	853	189	0	0	103	1897	null_2184_H	0.0515	0.648919346336321	0.848181338956247	0.427085020906689
1	2186	null_2185	L	H	1558	313	23	0	0	106	1894	null_2185_H	0.053	0.189545934530095	0.213833157338965	0.177905496042078
1	2187	null_2186	H	L	595	938	377	0	0	90	1910	null_2186_L	0.045	0.88586387434555	1.28062827225131	0.495873468380801
1	2188	null_2187	H	L	1667	220	1	0	0	112	1888	null_2187_L	0.056	0.117584745762712	0.11864406779661	0.104817895360529
1	2189	null_2188	H	L	516	960	425	0	0	99	1901	null_2188_L	0.0495	0.952130457653866	1.39926354550237	0.492711137110206
1	2190	null_2189	H	L	1095	695	113	0	0	97	1903	null_2189_L	0.0485	0.48397267472412	0.602732527588019	0.3685029777084
1	2191	null_2190	L	H	839	860	205	0	0	96	1904	null_2190_H	0.048	0.667016806722689	0.882352941176471	0.437441520725938
1	2192	null_2191	H	L	1424	437	38	0	0	101	1899	null_2191_L	0.0505	0.270142180094787	0.310163243812533	0.237186446346169
1	2193	null_2192	H	L	1385	478	39	0	0	98	1902	null_2192_L	0.049	0.292323869610936	0.333333333333333	0.247880088589022
1	2194	null_2193	H	L	1447	437	26	0	0	90	1910	null_2193_L	0.045	0.256020942408377	0.283246073298429	0.217699350346756
1	2195	null_2194	H	L	1052	702	131	0	0	115	1885	null_2194_L	0.0575	0.511405835543767	0.650397877984085	0.388861949355867
1	2196	null_2195	H	L	568	937	387	0	0	108	1892	null_2195_L	0.054	0.904334038054968	1.31342494714588	0.495604894761073
1	2197	null_2196	L	H	639	932	333	0	0	96	1904	null_2196_H	0.048	0.839285714285714	1.1890756302521	0.484675120048019
1	2198	null_2197	L	H	1118	693	90	0	0	99	1901	null_2197_H	0.0495	0.459231983166754	0.55391899000526	0.34302497564199
1	2199	null_2198	H	L	1450	401	37	0	0	112	1888	null_2198_L	0.056	0.251588983050848	0.290783898305085	0.227486881912525
1	2200	null_2199	L	H	1724	171	3	0	0	102	1898	null_2199_H	0.051	0.0932560590094837	0.0964172813487882	0.0877205888068079
1	2201	null_2200	L	H	619	941	348	0	0	92	1908	null_2200_H	0.046	0.857966457023061	1.2227463312369	0.486639889860194
1	2202	null_2201	L	H	767	862	287	0	0	84	1916	null_2201_H	0.042	0.749478079331942	1.04906054279749	0.487343151398399
1	2203	null_2202	L	H	1252	600	52	0	0	96	1904	null_2202_H	0.048	0.369747899159664	0.42436974789916	0.287656238966175
1	2204	null_2203	H	L	1594	280	16	0	0	110	1890	null_2203_L	0.055	0.165079365079365	0.182010582010582	0.154759385235576
1	2205	null_2204	L	H	1300	570	36	0	0	94	1906	null_2204_H	0.047	0.336831059811123	0.374606505771249	0.261151342917765
1	2206	null_2205	H	L	1299	553	52	0	0	96	1904	null_2205_L	0.048	0.345063025210084	0.39968487394958	0.280616382582445
1	2207	null_2206	H	L	1244	594	79	0	0	83	1917	null_2206_L	0.0415	0.392279603547209	0.474700052164841	0.320816764805685
1	2208	null_2207	L	H	1186	633	71	0	0	110	1890	null_2207_H	0.055	0.41005291005291	0.485185185185185	0.317041796142325
1	2209	null_2208	L	H	1543	340	17	0	0	100	1900	null_2208_H	0.05	0.196842105263158	0.214736842105263	0.175990027700831
1	2210	null_2209	H	L	545	930	421	0	0	104	1896	null_2209_L	0.052	0.934599156118144	1.37869198312236	0.505216400505617
1	2211	null_2210	L	H	1091	716	115	0	0	78	1922	null_2210_H	0.039	0.49219562955255	0.611862643080125	0.369606105329494
1	2212	null_2211	H	L	710	903	283	0	0	104	1896	null_2211_L	0.052	0.774789029535865	1.07331223628692	0.473014195997792
1	2213	null_2212	H	L	940	813	150	0	0	97	1903	null_2212_L	0.0485	0.584866001050972	0.742511823436679	0.400443584251323
1	2214	null_2213	L	H	558	965	372	0	0	105	1895	null_2213_H	0.0525	0.901846965699208	1.29445910290237	0.481131153361505
1	2215	null_2214	L	H	639	932	341	0	0	88	1912	null_2214_H	0.044	0.844142259414226	1.20083682008368	0.488260665954728
1	2216	null_2215	L	H	1239	609	56	0	0	96	1904	null_2215_H	0.048	0.378676470588235	0.4375	0.294104130622837
1	2217	null_2216	H	L	1510	369	24	0	0	97	1903	null_2216_L	0.0485	0.219127693116132	0.244351024697846	0.196334078807448
1	2218	null_2217	H	L	730	896	272	0	0	102	1898	null_2217_L	0.051	0.758693361433087	1.04531085353003	0.469695236847394
1	2219	null_2218	H	L	846	825	235	0	0	94	1906	null_2218_L	0.047	0.679433368310598	0.926023084994753	0.464393383020869
1	2220	null_2219	L	H	1296	528	65	0	0	111	1889	null_2219_H	0.0555	0.348332451032292	0.41715193223928	0.295816435797116
1	2221	null_2220	L	H	923	794	167	0	0	116	1884	null_2220_H	0.058	0.598726114649682	0.776008492569002	0.417535532205499
1	2222	null_2221	L	H	549	1011	343	0	0	97	1903	null_2221_H	0.0485	0.891749868628481	1.25223331581713	0.457015487618217
1	2223	null_2222	L	H	1200	617	84	0	0	99	1901	null_2222_H	0.0495	0.412940557601262	0.501315097317202	0.33079519320516
1	2224	null_2223	H	L	1682	222	8	0	0	88	1912	null_2223_L	0.044	0.124476987447699	0.132845188284519	0.117350667880464
1	2225	null_2224	H	L	1257	584	63	0	0	96	1904	null_2224_L	0.048	0.372899159663866	0.439075630252101	0.300021846974084
1	2226	null_2225	L	H	712	941	261	0	0	86	1914	null_2225_H	0.043	0.764367816091954	1.03709508881923	0.452836930542043
1	2227	null_2226	L	H	926	804	170	0	0	100	1900	null_2226_H	0.05	0.602105263157895	0.781052631578947	0.41852188365651
1	2228	null_2227	L	H	1694	209	3	0	0	94	1906	null_2227_H	0.047	0.112801678908709	0.11594963273872	0.103225413974096
1	2229	null_2228	L	H	1106	716	94	0	0	84	1916	null_2228_H	0.042	0.471816283924843	0.569937369519833	0.347326763743185
1	2230	null_2229	H	L	742	889	266	0	0	103	1897	null_2229_L	0.0515	0.749077490774908	1.02952029520295	0.46840320801732
1	2231	null_2230	H	L	939	811	155	0	0	95	1905	null_2230_L	0.0475	0.588451443569554	0.751181102362205	0.404906000923113
1	2232	null_2231	H	L	1040	736	126	0	0	98	1902	null_2231_L	0.049	0.519453207150368	0.651945320715037	0.382113686296234
1	2233	null_2232	H	L	1109	702	104	0	0	85	1915	null_2232_L	0.0425	0.475195822454308	0.583812010443864	0.358000940765838
1	2234	null_2233	H	L	702	909	311	0	0	78	1922	null_2233_L	0.039	0.796566077003122	1.12018730489074	0.485669789858596
1	2235	null_2234	H	L	506	911	473	0	0	110	1890	null_2234_L	0.055	0.982539682539682	1.48306878306878	0.517684555303603
1	2236	null_2235	H	L	667	936	291	0	0	106	1894	null_2235_L	0.053	0.801478352692714	1.10876451953537	0.466396969700349
1	2237	null_2236	L	H	1486	381	21	0	0	112	1888	null_2236_H	0.056	0.224046610169492	0.246292372881356	0.196095489352916
1	2238	null_2237	L	H	1224	606	77	0	0	93	1907	null_2237_H	0.0465	0.398531725222863	0.479286837965391	0.320459301956279
1	2239	null_2238	L	H	577	949	361	0	0	113	1887	null_2238_H	0.0565	0.885532591414944	1.26815050344462	0.483982532986554
1	2240	null_2239	L	H	1244	571	62	0	0	123	1877	null_2239_H	0.0615	0.370271710175812	0.436334576451785	0.299233437095264
1	2241	null_2240	L	H	1642	255	10	0	0	93	1907	null_2240_H	0.0465	0.144205558468799	0.154693235448348	0.13389799235505
1	2242	null_2241	L	H	1051	720	120	0	0	109	1891	null_2241_H	0.0545	0.507667900581703	0.634584875727129	0.376858178446095
1	2243	null_2242	H	L	829	870	201	0	0	100	1900	null_2242_L	0.05	0.669473684210526	0.881052631578947	0.432857617728532
1	2244	null_2243	L	H	1305	528	62	0	0	105	1895	null_2243_H	0.0525	0.344063324538259	0.409498680738786	0.291119109446467
1	2245	null_2244	H	L	578	961	374	0	0	87	1913	null_2244_L	0.0435	0.893361212754835	1.28437009932044	0.486275842865649
1	2246	null_2245	H	L	1583	309	28	0	0	80	1920	null_2245_L	0.04	0.190104166666667	0.219270833333333	0.183131239149306
1	2247	null_2246	H	L	818	826	264	0	0	92	1908	null_2246_L	0.046	0.709643605870021	0.986373165618449	0.482779118266243
1	2248	null_2247	H	L	1253	586	53	0	0	108	1892	null_2247_L	0.054	0.365750528541226	0.421775898520085	0.288002449391898
1	2249	null_2248	L	H	1136	658	103	0	0	103	1897	null_2248_H	0.0515	0.45545598313126	0.564048497627833	0.356608345057771
1	2250	null_2249	H	L	689	892	306	0	0	113	1887	null_2249_L	0.0565	0.797032326444091	1.12135665076842	0.486096121371535
1	2251	null_2250	H	L	618	896	383	0	0	103	1897	null_2250_L	0.0515	0.876120189773326	1.27991565629942	0.512329069370971
1	2252	null_2251	H	L	537	952	412	0	0	99	1901	null_2251_L	0.0495	0.934245134139926	1.36770120988953	0.494887239225403
1	2253	null_2252	H	L	1506	369	21	0	0	104	1896	null_2252_L	0.052	0.216772151898734	0.238924050632911	0.191933884794104
1	2254	null_2253	H	L	1410	464	33	0	0	93	1907	null_2253_L	0.0465	0.277923439958049	0.312532773990561	0.235291335512446
1	2255	null_2254	L	H	529	937	442	0	0	92	1908	null_2254_H	0.046	0.95440251572327	1.41771488469602	0.506830722677109
1	2256	null_2255	H	L	1247	589	62	0	0	102	1898	null_2255_L	0.051	0.375658587987355	0.440990516332982	0.299871141604329
1	2257	null_2256	L	H	718	908	264	0	0	110	1890	null_2256_H	0.055	0.75978835978836	1.03915343915344	0.461875087483553
1	2258	null_2257	H	L	1446	417	25	0	0	112	1888	null_2257_L	0.056	0.247351694915254	0.273834745762712	0.212651884785263
1	2259	null_2258	L	H	536	953	394	0	0	117	1883	null_2258_H	0.0585	0.924588422729687	1.34306956983537	0.488205818389599
1	2260	null_2259	H	L	911	813	180	0	0	96	1904	null_2259_L	0.048	0.616071428571429	0.805147058823529	0.425603053721489
1	2261	null_2260	H	L	1653	248	11	0	0	88	1912	null_2260_L	0.044	0.141213389121339	0.152719665271967	0.132778444004832
1	2262	null_2261	L	H	583	958	358	0	0	101	1899	null_2261_H	0.0505	0.881516587677725	1.25855713533439	0.481485640983406
1	2263	null_2262	H	L	861	818	225	0	0	96	1904	null_2262_L	0.048	0.665966386554622	0.902310924369748	0.458799696349128
1	2264	null_2263	L	H	1293	546	60	0	0	101	1899	null_2263_H	0.0505	0.350710900473934	0.41390205371248	0.290903918001243
1	2265	null_2264	L	H	1300	544	59	0	0	97	1903	null_2264_H	0.0485	0.347871781397793	0.409879138202838	0.288864361909964
1	2266	null_2265	L	H	864	841	195	0	0	100	1900	null_2265_H	0.05	0.647894736842105	0.853157894736842	0.433390304709141
1	2267	null_2266	H	L	1141	648	99	0	0	112	1888	null_2266_L	0.056	0.448093220338983	0.552966101694915	0.352178567581155
1	2268	null_2267	L	H	830	852	201	0	0	117	1883	null_2267_H	0.0585	0.665958576739246	0.879447689856612	0.43594686392405
1	2269	null_2268	L	H	655	882	352	0	0	111	1889	null_2268_H	0.0555	0.839597670725252	1.21228163049232	0.507357381805056
1	2270	null_2269	H	L	870	822	197	0	0	111	1889	null_2269_L	0.0555	0.643726839597671	0.852302805717311	0.437918561698906
1	2271	null_2270	H	L	765	839	307	0	0	89	1911	null_2270_L	0.0445	0.760334903192046	1.08163265306122	0.503523488049167
1	2272	null_2271	H	L	1229	604	70	0	0	97	1903	null_2271_L	0.0485	0.390961639516553	0.464529689963216	0.311678686389745
1	2273	null_2272	L	H	762	880	271	0	0	87	1913	null_2272_H	0.0435	0.743335075797177	1.02665969681129	0.474112661900896
1	2274	null_2273	H	L	538	911	444	0	0	107	1893	null_2273_L	0.0535	0.950343370311675	1.41944004226096	0.516287520765609
1	2275	null_2274	L	H	1001	767	139	0	0	93	1907	null_2274_H	0.0465	0.547981122181437	0.693759832197168	0.393476521929942
1	2276	null_2275	L	H	1117	673	109	0	0	101	1899	null_2275_H	0.0505	0.469194312796209	0.583991574512902	0.363848271352595
1	2277	null_2276	H	L	759	911	228	0	0	102	1898	null_2276_L	0.051	0.720231822971549	0.960484720758693	0.441750841937773
1	2278	null_2277	L	H	530	941	440	0	0	89	1911	null_2277_H	0.0445	0.952904238618524	1.41339612768184	0.505369639704692
1	2279	null_2278	L	H	626	950	331	0	0	93	1907	null_2278_H	0.0465	0.845306764551652	1.19244887257472	0.477905346377943
1	2280	null_2279	L	H	973	790	145	0	0	92	1908	null_2279_H	0.046	0.566037735849057	0.718029350104822	0.397630631699696
1	2281	null_2280	H	L	838	866	203	0	0	93	1907	null_2280_L	0.0465	0.667016255899318	0.879916098584164	0.435005412950219
1	2282	null_2281	H	L	759	913	242	0	0	86	1914	null_2281_L	0.043	0.729885057471264	0.982758620689655	0.450026423569824
1	2283	null_2282	H	L	948	785	164	0	0	103	1897	null_2282_L	0.0515	0.586715867158672	0.759620453347391	0.415384944571639
1	2284	null_2283	L	H	1671	222	12	0	0	95	1905	null_2283_H	0.0475	0.129133858267717	0.141732283464567	0.12505673011346
1	2285	null_2284	H	L	953	788	166	0	0	93	1907	null_2284_L	0.0465	0.587309910854746	0.76140534871526	0.41647241732705
1	2286	null_2285	H	L	940	787	158	0	0	115	1885	null_2285_L	0.0575	0.585145888594165	0.752785145888594	0.41038943494994
1	2287	null_2286	L	H	1435	436	24	0	0	105	1895	null_2286_H	0.0525	0.255408970976253	0.280738786279683	0.215505043824535
1	2288	null_2287	H	L	923	810	172	0	0	95	1905	null_2287_L	0.0475	0.605774278215223	0.786351706036745	0.419389229889571
1	2289	null_2288	L	H	1393	465	40	0	0	102	1898	null_2288_H	0.051	0.287144362486828	0.329293993677555	0.246842108769588
1	2290	null_2289	H	L	1667	236	8	0	0	89	1911	null_2289_L	0.0445	0.131868131868132	0.140240711669283	0.122851507466892
1	2291	null_2290	L	H	613	915	373	0	0	99	1901	null_2290_H	0.0495	0.873750657548659	1.26617569700158	0.502735485434865
1	2292	null_2291	H	L	1144	655	109	0	0	92	1908	null_2291_L	0.046	0.457547169811321	0.571802935010482	0.362453522408133
1	2293	null_2292	H	L	926	812	170	0	0	92	1908	null_2292_L	0.046	0.60377358490566	0.781970649895178	0.417428108065346
1	2294	null_2293	H	L	913	825	162	0	0	100	1900	null_2293_L	0.05	0.604736842105263	0.775263157894737	0.409556509695291
1	2295	null_2294	H	L	1484	379	25	0	0	112	1888	null_2294_L	0.056	0.227224576271186	0.253707627118644	0.202076619057024
1	2296	null_2295	H	L	492	928	478	0	0	102	1898	null_2295_L	0.051	0.992623814541623	1.49631190727081	0.511009870075649
1	2297	null_2296	H	L	1214	620	72	0	0	94	1906	null_2296_L	0.047	0.40083945435467	0.476390346274921	0.315718078107572
1	2298	null_2297	H	L	1299	536	68	0	0	97	1903	null_2297_L	0.0485	0.353126642143983	0.42459274829217	0.299894322900286
1	2299	null_2298	H	L	1541	339	19	0	0	101	1899	null_2298_L	0.0505	0.198525539757767	0.21853607161664	0.179123681680528
1	2300	null_2299	H	L	1708	179	6	0	0	107	1893	null_2299_L	0.0535	0.100898045430534	0.107237189646064	0.0970567740743624
1	2301	null_2300	H	L	861	859	183	0	0	97	1903	null_2300_L	0.0485	0.643720441408303	0.836048344718865	0.421672338031965
1	2302	null_2301	H	L	1454	394	33	0	0	119	1881	null_2301_L	0.0595	0.24455077086656	0.279638490164806	0.219833410633377
1	2303	null_2302	L	H	567	928	398	0	0	107	1893	null_2302_H	0.0535	0.910723718964606	1.33122028526149	0.501802592976766
1	2304	null_2303	L	H	1334	511	51	0	0	104	1896	null_2303_H	0.052	0.32331223628692	0.37710970464135	0.272578902508501
1	2305	null_2304	L	H	1353	505	46	0	0	96	1904	null_2304_H	0.048	0.313550420168067	0.36186974789916	0.263555881911588
1	2306	null_2305	H	L	1086	699	113	0	0	102	1898	null_2305_L	0.051	0.487355110642782	0.606427818756586	0.368912814886948
1	2307	null_2306	L	H	1221	611	85	0	0	83	1917	null_2306_H	0.0415	0.407407407407407	0.496087636932707	0.330106841322282
1	2308	null_2307	L	H	759	911	260	0	0	70	1930	null_2307_H	0.035	0.741450777202073	1.01088082901554	0.461131574001987
1	2309	null_2308	L	H	1143	650	113	0	0	94	1906	null_2308_H	0.047	0.459601259181532	0.578174186778594	0.366940869337344
1	2310	null_2309	L	H	1005	753	133	0	0	109	1891	null_2309_H	0.0545	0.538868323638287	0.6795346377578	0.389155567537063
1	2311	null_2310	H	L	1019	767	118	0	0	96	1904	null_2310_L	0.048	0.526785714285714	0.650735294117647	0.373232105342137
1	2312	null_2311	H	L	571	967	362	0	0	100	1900	null_2311_L	0.05	0.89	1.27105263157895	0.478952631578947
1	2313	null_2312	L	H	968	765	171	0	0	96	1904	null_2312_H	0.048	0.58140756302521	0.761029411764706	0.422994657421792
1	2314	null_2313	L	H	1307	542	52	0	0	99	1901	null_2313_H	0.0495	0.339821146764861	0.394529195160442	0.279050783371857
1	2315	null_2314	H	L	796	850	242	0	0	112	1888	null_2314_L	0.056	0.70656779661017	0.962923728813559	0.46368567760701
1	2316	null_2315	H	L	1032	709	161	0	0	98	1902	null_2315_L	0.049	0.542060988433228	0.711356466876972	0.417526351695763
1	2317	null_2316	L	H	1032	744	123	0	0	101	1899	null_2316_H	0.0505	0.52132701421801	0.65086887835703	0.379087022603565
1	2318	null_2317	H	L	540	921	443	0	0	96	1904	null_2317_L	0.048	0.94905462184874	1.41439075630252	0.513686081050067
1	2319	null_2318	L	H	1636	261	12	0	0	91	1909	null_2318_H	0.0455	0.149292823467784	0.161864850707177	0.139576503568194
1	2320	null_2319	H	L	860	834	199	0	0	107	1893	null_2319_L	0.0535	0.650818806127839	0.861067089276281	0.437501970866615
1	2321	null_2320	H	L	1468	384	33	0	0	115	1885	null_2320_L	0.0575	0.238726790450928	0.273740053050398	0.216749572571396
1	2322	null_2321	H	L	900	817	188	0	0	95	1905	null_2321_L	0.0475	0.626246719160105	0.823622047244094	0.431437093985299
1	2323	null_2322	L	H	606	951	352	0	0	91	1909	null_2322_H	0.0455	0.866946045049764	1.23572551073861	0.484130065711179
1	2324	null_2323	L	H	1529	349	21	0	0	101	1899	null_2323_H	0.0505	0.205897840968931	0.228014744602422	0.185620823686755
1	2325	null_2324	L	H	1443	437	30	0	0	90	1910	null_2324_H	0.045	0.26020942408377	0.291623036649215	0.223914092267208
1	2326	null_2325	H	L	1680	214	5	0	0	101	1899	null_2325_L	0.0505	0.11795681937862	0.123222748815166	0.109308937577245
1	2327	null_2326	H	L	1184	633	89	0	0	94	1906	null_2326_L	0.047	0.425498426023085	0.518887722980063	0.33783881243194
1	2328	null_2327	L	H	827	851	218	0	0	104	1896	null_2327_H	0.052	0.67879746835443	0.908755274261603	0.44798927121722
1	2329	null_2328	H	L	578	903	416	0	0	103	1897	null_2328_L	0.0515	0.914602003162889	1.35318924617818	0.516692421988607
1	2330	null_2329	H	L	1490	396	28	0	0	86	1914	null_2329_L	0.043	0.236154649947753	0.265412748171369	0.209643729479423
1	2331	null_2330	L	H	537	953	411	0	0	99	1901	null_2330_H	0.0495	0.933719095213046	1.36612309310889	0.494291744343421
1	2332	null_2331	L	H	877	819	201	0	0	103	1897	null_2331_H	0.0515	0.643647865050079	0.855561412756985	0.44127883857346
1	2333	null_2332	L	H	804	855	222	0	0	119	1881	null_2332_H	0.0595	0.690590111642743	0.926634768740032	0.449720066441295
1	2334	null_2333	L	H	1454	417	30	0	0	99	1901	null_2333_H	0.0495	0.250920568122041	0.282482903734876	0.219521772228189
1	2335	null_2334	L	H	1090	728	97	0	0	85	1915	null_2334_H	0.0425	0.481462140992167	0.582767624020888	0.350961830812126
1	2336	null_2335	H	L	1484	395	24	0	0	97	1903	null_2335_L	0.0485	0.232790331056227	0.25801366263794	0.203822324404672
1	2337	null_2336	L	H	551	942	403	0	0	104	1896	null_2336_H	0.052	0.921940928270042	1.34704641350211	0.497071338282683
1	2338	null_2337	H	L	1166	630	100	0	0	104	1896	null_2337_L	0.052	0.437763713080169	0.543248945147679	0.351611876657943
1	2339	null_2338	H	L	703	929	275	0	0	93	1907	null_2338_L	0.0465	0.775563712637651	1.06397482957525	0.462475757214953
1	2340	null_2339	L	H	1497	393	23	0	0	87	1913	null_2339_H	0.0435	0.229482488238369	0.253528489283847	0.200866276875774
1	2341	null_2340	H	L	1056	714	123	0	0	107	1893	null_2340_L	0.0535	0.507131537242472	0.637083993660856	0.379901597594943
1	2342	null_2341	L	H	1600	286	7	0	0	107	1893	null_2341_H	0.0535	0.158478605388273	0.165874273639725	0.140758805273914
1	2343	null_2342	L	H	717	908	277	0	0	98	1902	null_2342_H	0.049	0.768664563617245	1.05993690851735	0.469091697156461
1	2344	null_2343	L	H	1289	556	51	0	0	104	1896	null_2343_H	0.052	0.34704641350211	0.40084388185654	0.280402668731863
1	2345	null_2344	H	L	683	900	323	0	0	94	1906	null_2344_L	0.047	0.81112277019937	1.15005246589717	0.492132317561266
1	2346	null_2345	L	H	800	855	254	0	0	91	1909	null_2345_H	0.0455	0.713986380303824	0.980094290204295	0.470317738944939
1	2347	null_2346	H	L	815	848	252	0	0	85	1915	null_2346_L	0.0425	0.706005221932115	0.969190600522193	0.470747227126778
1	2348	null_2347	L	H	1186	626	88	0	0	100	1900	null_2347_H	0.05	0.422105263157895	0.514736842105263	0.336563988919668
1	2349	null_2348	L	H	907	812	175	0	0	106	1894	null_2348_H	0.053	0.613516367476241	0.79831045406547	0.421908120904228
1	2350	null_2349	H	L	553	981	376	0	0	90	1910	null_2349_L	0.045	0.907329842931937	1.30104712041885	0.477799676543954
1	2351	null_2350	H	L	1644	250	11	0	0	95	1905	null_2350_L	0.0475	0.142782152230971	0.154330708661417	0.133943965665709
1	2352	null_2351	H	L	1384	455	50	0	0	111	1889	null_2351_L	0.0555	0.293806246691371	0.346744309158285	0.260422198563414
1	2353	null_2352	L	H	1544	329	28	0	0	99	1901	null_2352_H	0.0495	0.202524986849027	0.23198316675434	0.190966796456141
1	2354	null_2353	H	L	566	944	371	0	0	119	1881	null_2353_L	0.0595	0.896331738437002	1.29080276448698	0.487392179157478
1	2355	null_2354	H	L	1624	261	12	0	0	103	1897	null_2354_L	0.0515	0.150237216657881	0.16288877174486	0.140317550475753
1	2356	null_2355	H	L	1517	362	20	0	0	101	1899	null_2355_L	0.0505	0.211690363349131	0.232754081095313	0.187941271160426
1	2357	null_2356	L	H	505	960	444	0	0	91	1909	null_2356_H	0.0455	0.968046097433211	1.43321110529073	0.496097858535058
1	2358	null_2357	L	H	1490	402	29	0	0	79	1921	null_2357_H	0.0395	0.239458615304529	0.269651223321187	0.212310794877625
1	2359	null_2358	H	L	1122	663	103	0	0	112	1888	null_2358_L	0.056	0.460275423728814	0.569385593220339	0.3575321275316
1	2360	null_2359	H	L	1527	365	13	0	0	95	1905	null_2359_L	0.0475	0.205249343832021	0.218897637795276	0.1767703446518
1	2361	null_2360	L	H	616	930	354	0	0	100	1900	null_2360_H	0.05	0.862105263157895	1.23473684210526	0.49151135734072
1	2362	null_2361	L	H	1174	651	70	0	0	105	1895	null_2361_H	0.0525	0.417414248021108	0.491292875989446	0.317058221538419
1	2363	null_2362	L	H	1445	416	29	0	0	110	1890	null_2362_H	0.055	0.250793650793651	0.281481481481482	0.218584026203074
1	2364	null_2363	L	H	1199	627	87	0	0	87	1913	null_2363_H	0.0435	0.41871406168322	0.509670674333508	0.334349208882248
1	2365	null_2364	L	H	1156	649	85	0	0	110	1890	null_2364_H	0.055	0.433333333333333	0.523280423280423	0.335502645502645
1	2366	null_2365	L	H	807	873	216	0	0	104	1896	null_2365_H	0.052	0.688291139240506	0.916139240506329	0.442394548149335
1	2367	null_2366	L	H	1102	668	126	0	0	104	1896	null_2366_H	0.052	0.485232067510549	0.618143459915612	0.38269330057505
1	2368	null_2367	H	L	746	901	252	0	0	101	1899	null_2367_L	0.0505	0.73986308583465	1.00526592943655	0.457868543655775
1	2369	null_2368	L	H	1011	747	145	0	0	97	1903	null_2368_H	0.0485	0.544929059379926	0.697320021019443	0.400372341262752
1	2370	null_2369	L	H	576	971	348	0	0	105	1895	null_2369_H	0.0525	0.879683377308707	1.24696569920844	0.47312285489519
1	2371	null_2370	L	H	1638	249	12	0	0	101	1899	null_2370_H	0.0505	0.143759873617694	0.156398104265403	0.135731203002828
1	2372	null_2371	H	L	1243	573	73	0	0	111	1889	null_2371_L	0.0555	0.38062466913711	0.457914240338804	0.313039101583069
1	2373	null_2372	L	H	1099	682	119	0	0	100	1900	null_2372_H	0.05	0.48421052631579	0.609473684210526	0.375013850415512
1	2374	null_2373	H	L	1546	351	17	0	0	86	1914	null_2373_L	0.043	0.201149425287356	0.218913270637409	0.178452179343975
1	2375	null_2374	H	L	1410	458	37	0	0	95	1905	null_2374_L	0.0475	0.279265091863517	0.318110236220472	0.240121244686934
1	2376	null_2375	H	L	1599	281	14	0	0	106	1894	null_2375_L	0.053	0.163146779303062	0.177930306230201	0.151313434633239
1	2377	null_2376	L	H	473	976	448	0	0	103	1897	null_2376_H	0.0515	0.986821296784396	1.45914602003163	0.485329748244391
1	2378	null_2377	L	H	1682	210	7	0	0	101	1899	null_2377_H	0.0505	0.11795681937862	0.125329120589784	0.111415309351864
1	2379	null_2378	L	H	540	958	403	0	0	99	1901	null_2378_H	0.0495	0.927932667017359	1.35192004208311	0.490861007565165
1	2380	null_2379	L	H	1448	426	28	0	0	98	1902	null_2379_H	0.049	0.2534174553102	0.28286014721346	0.218639740557562
1	2381	null_2380	L	H	1049	715	126	0	0	110	1890	null_2380_H	0.055	0.511640211640212	0.644973544973545	0.383197838806304
1	2382	null_2381	L	H	909	811	181	0	0	99	1901	null_2381_H	0.0495	0.617043661230931	0.807469752761704	0.426726872896432
1	2383	null_2382	L	H	1411	449	30	0	0	110	1890	null_2382_H	0.055	0.269312169312169	0.301058201058201	0.228529156518575
1	2384	null_2383	H	L	1304	548	44	0	0	104	1896	null_2383_L	0.052	0.335443037974684	0.381856540084388	0.269334508358703
1	2385	null_2384	H	L	591	927	385	0	0	97	1903	null_2384_L	0.0485	0.891749868628481	1.29637414608513	0.501156317886215
1	2386	null_2385	L	H	668	918	326	0	0	88	1912	null_2385_H	0.044	0.821129707112971	1.16213389121339	0.487879895309956
1	2387	null_2386	L	H	452	1032	424	0	0	92	1908	null_2386_H	0.046	0.985324947589099	1.42976939203354	0.458904139692083
1	2388	null_2387	H	L	1455	411	30	0	0	104	1896	null_2387_L	0.052	0.248417721518987	0.280063291139241	0.218351926774555
1	2389	null_2388	H	L	515	963	414	0	0	108	1892	null_2388_L	0.054	0.94661733615222	1.38424947145877	0.488165090354849
1	2390	null_2389	L	H	793	865	246	0	0	96	1904	null_2389_H	0.048	0.712710084033613	0.971113445378151	0.463157781494951
1	2391	null_2390	L	H	1619	265	7	0	0	109	1891	null_2390_H	0.0545	0.147540983606557	0.154944473823374	0.133176131979783
1	2392	null_2391	L	H	1272	560	59	0	0	109	1891	null_2391_H	0.0545	0.358540454785828	0.420941300898995	0.292390043180967
1	2393	null_2392	L	H	1040	733	108	0	0	119	1881	null_2392_H	0.0595	0.504518872939926	0.619351408825093	0.36481211567252
1	2394	null_2393	H	L	916	835	154	0	0	95	1905	null_2393_L	0.0475	0.6	0.761679790026247	0.401679790026247
1	2395	null_2394	H	L	856	850	207	0	0	87	1913	null_2394_L	0.0435	0.660742289597491	0.877156299006796	0.440575925744261
1	2396	null_2395	H	L	1029	740	109	0	0	122	1878	null_2395_L	0.061	0.510117145899894	0.626198083067093	0.365978580526039
1	2397	null_2396	H	L	1377	486	35	0	0	102	1898	null_2396_L	0.051	0.292939936775553	0.329820864067439	0.244007057509374
1	2398	null_2397	L	H	1487	384	31	0	0	98	1902	null_2397_H	0.049	0.234490010515247	0.267087276550999	0.212101711519558
1	2399	null_2398	L	H	1076	701	120	0	0	103	1897	null_2398_H	0.0515	0.496046389035319	0.622561939905113	0.376499919830134
1	2400	null_2399	L	H	709	908	261	0	0	122	1878	null_2399_H	0.061	0.761448349307774	1.03940362087327	0.459600032209735
1	2401	null_2400	L	H	614	985	298	0	0	103	1897	null_2400_H	0.0515	0.833421191354771	1.14760147601476	0.453010593815555
1	2402	null_2401	L	H	1019	745	143	0	0	93	1907	null_2401_H	0.0465	0.540639748295753	0.690613529103304	0.398322191666009
1	2403	null_2402	L	H	1673	215	12	0	0	100	1900	null_2402_H	0.05	0.125789473684211	0.138421052631579	0.122598060941828
1	2404	null_2403	H	L	585	945	371	0	0	99	1901	null_2403_L	0.0495	0.887427669647554	1.27774855339295	0.490220684536863
1	2405	null_2404	L	H	1341	502	53	0	0	104	1896	null_2404_H	0.052	0.320675105485232	0.376582278481013	0.273749755203048
1	2406	null_2405	H	L	1498	364	27	0	0	111	1889	null_2405_L	0.0555	0.221281101111699	0.249867654843833	0.200902329134627
1	2407	null_2406	L	H	1517	365	19	0	0	99	1901	null_2406_H	0.0495	0.211993687532877	0.23198316675434	0.187041843200553
1	2408	null_2407	H	L	551	940	396	0	0	113	1887	null_2407_L	0.0565	0.917859035506094	1.33757286698463	0.495107657924454
1	2409	null_2408	L	H	508	940	451	0	0	101	1899	null_2408_H	0.0505	0.96998420221169	1.4449710373881	0.50410168484785
1	2410	null_2409	L	H	794	874	226	0	0	106	1894	null_2409_H	0.053	0.700105596620908	0.938753959873284	0.448606113453366
1	2411	null_2410	L	H	1666	220	6	0	0	108	1892	null_2410_H	0.054	0.12262156448203	0.128964059196617	0.113928011120597
1	2412	null_2411	L	H	1060	721	124	0	0	95	1905	null_2411_H	0.0475	0.508661417322835	0.638845144356955	0.38010870688408
1	2413	null_2412	L	H	663	928	298	0	0	111	1889	null_2412_H	0.0555	0.806776071995765	1.12228692429857	0.471399293953655
1	2414	null_2413	L	H	1657	245	10	0	0	88	1912	null_2413_H	0.044	0.138598326359833	0.149058577405858	0.129849081336111
1	2415	null_2414	L	H	608	950	347	0	0	95	1905	null_2414_H	0.0475	0.862992125984252	1.22729658792651	0.48254117841569
1	2416	null_2415	L	H	678	920	308	0	0	94	1906	null_2415_H	0.047	0.805876180482686	1.12906610703043	0.479629688761067
1	2417	null_2416	H	L	1415	433	40	0	0	112	1888	null_2416_L	0.056	0.271716101694915	0.314088983050848	0.240259343130566
1	2418	null_2417	H	L	1494	373	24	0	0	109	1891	null_2417_L	0.0545	0.222633527234268	0.248016922263353	0.198451234814581
1	2419	null_2418	H	L	1429	442	31	0	0	98	1902	null_2418_L	0.049	0.264984227129338	0.297581493165089	0.227364852537757
1	2420	null_2419	H	L	791	866	242	0	0	101	1899	null_2419_L	0.0505	0.710900473933649	0.965771458662454	0.460391974823367
1	2421	null_2420	H	L	1542	356	21	0	0	81	1919	null_2420_L	0.0405	0.207399687337155	0.229286086503387	0.186271456195838
1	2422	null_2421	L	H	671	896	322	0	0	111	1889	null_2421_H	0.0555	0.815246161990471	1.1561672842774	0.491540979637202
1	2423	null_2422	L	H	796	855	242	0	0	107	1893	null_2422_H	0.0535	0.707342842049657	0.963021658742736	0.462687762543851
1	2424	null_2423	H	L	1336	529	56	0	0	79	1921	null_2423_L	0.0395	0.333680374804789	0.39198334200937	0.280640749479506
1	2425	null_2424	H	L	1581	296	20	0	0	103	1897	null_2424_L	0.0515	0.177121771217712	0.198207696362678	0.166835574523378
1	2426	null_2425	H	L	1492	349	29	0	0	130	1870	null_2425_L	0.065	0.217647058823529	0.248663101604278	0.201292859389745
1	2427	null_2426	H	L	606	944	368	0	0	82	1918	null_2426_L	0.041	0.875912408759124	1.25964546402503	0.492422916206815
1	2428	null_2427	L	H	1584	307	11	0	0	98	1902	null_2427_H	0.049	0.172975814931651	0.184542586750789	0.15462195419952
1	2429	null_2428	L	H	1144	658	102	0	0	96	1904	null_2428_H	0.048	0.452731092436975	0.559873949579832	0.354908507520655
1	2430	null_2429	L	H	1151	652	101	0	0	96	1904	null_2429_H	0.048	0.448529411764706	0.554621848739496	0.353443215521503
1	2431	null_2430	L	H	779	902	211	0	0	108	1892	null_2430_H	0.054	0.699788583509514	0.922832980972516	0.433128919362264
1	2432	null_2431	H	L	481	942	475	0	0	102	1898	null_2431_L	0.051	0.996838777660695	1.49736564805058	0.50367809940251
1	2433	null_2432	H	L	1393	464	42	0	0	101	1899	null_2432_L	0.0505	0.288572933122696	0.332806740389679	0.249532402658643
1	2434	null_2433	H	L	1385	478	37	0	0	100	1900	null_2433_L	0.05	0.290526315789474	0.329473684210526	0.245068144044321
1	2435	null_2434	L	H	1556	345	19	0	0	80	1920	null_2434_H	0.04	0.199479166666667	0.219270833333333	0.179478895399306
1	2436	null_2435	L	H	828	848	217	0	0	107	1893	null_2435_H	0.0535	0.677231907025885	0.906497622820919	0.447854566927002
1	2437	null_2436	H	L	944	789	159	0	0	108	1892	null_2436_L	0.054	0.585095137420719	0.753171247357294	0.410834927523924
1	2438	null_2437	H	L	1104	701	102	0	0	93	1907	null_2437_L	0.0465	0.474567383324594	0.581541688515994	0.356327487200442
1	2439	null_2438	H	L	785	864	234	0	0	117	1883	null_2438_L	0.0585	0.707381837493362	0.955921402018056	0.455532338002572
1	2440	null_2439	H	L	526	965	423	0	0	86	1914	null_2439_L	0.043	0.946185997910136	1.38819226750261	0.492924324861413
1	2441	null_2440	L	H	572	923	399	0	0	106	1894	null_2440_H	0.053	0.908658922914467	1.32998944033791	0.50432840214583
1	2442	null_2441	H	L	528	973	410	0	0	89	1911	null_2441_L	0.0445	0.93825222396651	1.36734693877551	0.487029702997409
1	2443	null_2442	H	L	1054	722	123	0	0	101	1899	null_2442_L	0.0505	0.509741969457609	0.63928383359663	0.379446958170107
1	2444	null_2443	L	H	1140	671	84	0	0	105	1895	null_2443_H	0.0525	0.442744063324538	0.531398416886544	0.335376111277421
1	2445	null_2444	H	L	527	919	452	0	0	102	1898	null_2444_L	0.051	0.960484720758693	1.43677555321391	0.514244654403004
1	2446	null_2445	L	H	546	937	415	0	0	102	1898	null_2445_H	0.051	0.930979978925184	1.36828240252898	0.501558681369441
1	2447	null_2446	L	H	715	913	270	0	0	102	1898	null_2446_H	0.051	0.765542676501581	1.05005268703899	0.463997097493785
1	2448	null_2447	H	L	706	909	265	0	0	120	1880	null_2447_L	0.06	0.765425531914894	1.04734042553192	0.461464180624717
1	2449	null_2448	L	H	1090	685	118	0	0	107	1893	null_2448_H	0.0535	0.486529318541997	0.611199154780771	0.374488376979831
1	2450	null_2449	H	L	1494	375	24	0	0	107	1893	null_2449_L	0.0535	0.223454833597464	0.248811410459588	0.198879347801517
1	2451	null_2450	L	H	1016	721	153	0	0	110	1890	null_2450_H	0.055	0.543386243386243	0.705291005291005	0.410022395789592
1	2452	null_2451	L	H	930	792	178	0	0	100	1900	null_2451_H	0.05	0.604210526315789	0.791578947368421	0.426508587257618
1	2453	null_2452	H	L	711	901	278	0	0	110	1890	null_2452_L	0.055	0.770899470899471	1.06507936507937	0.470793370846281
1	2454	null_2453	H	L	496	944	461	0	0	99	1901	null_2453_L	0.0495	0.981588637559179	1.46659652814308	0.503080274757797
1	2455	null_2454	H	L	1383	477	42	0	0	98	1902	null_2454_L	0.049	0.294952681388013	0.339116719242902	0.252119634984924
1	2456	null_2455	H	L	601	912	395	0	0	92	1908	null_2455_L	0.046	0.892033542976939	1.30607966457023	0.51035582277424
1	2457	null_2456	H	L	835	849	218	0	0	98	1902	null_2456_L	0.049	0.675604626708728	0.904837013669821	0.448395402039582
1	2458	null_2457	H	L	570	938	380	0	0	112	1888	null_2457_L	0.056	0.899364406779661	1.30190677966102	0.493050443478885
1	2459	null_2458	H	L	1098	703	99	0	0	100	1900	null_2458_L	0.05	0.47421052631579	0.578421052631579	0.353545429362881
1	2460	null_2459	L	H	964	765	181	0	0	90	1910	null_2459_H	0.045	0.590052356020942	0.779581151832461	0.431419368986596
1	2461	null_2460	H	L	853	862	182	0	0	103	1897	null_2460_L	0.0515	0.6462836056932	0.838165524512388	0.420483025524585
1	2462	null_2461	L	H	584	940	366	0	0	110	1890	null_2461_H	0.055	0.884656084656085	1.27195767195767	0.489341283838638
1	2463	null_2462	H	L	1672	229	7	0	0	92	1908	null_2462_L	0.046	0.127358490566038	0.134696016771488	0.118475831652229
1	2464	null_2463	L	H	728	881	297	0	0	94	1906	null_2463_H	0.047	0.773871983210913	1.08551941238195	0.48664156598316
1	2465	null_2464	H	L	1343	521	40	0	0	96	1904	null_2464_L	0.048	0.315651260504202	0.357668067226891	0.258032348968999
1	2466	null_2465	L	H	729	889	285	0	0	97	1903	null_2465_H	0.0485	0.766684182869154	1.066211245402	0.478406609140254
1	2467	null_2466	H	L	676	951	284	0	0	89	1911	null_2466_L	0.0445	0.794871794871795	1.09209837781266	0.460277207529955
1	2468	null_2467	H	L	467	969	460	0	0	104	1896	null_2467_L	0.052	0.996308016877637	1.48154008438819	0.488910419893536
1	2469	null_2468	L	H	1533	349	15	0	0	103	1897	null_2468_H	0.0515	0.19978914074855	0.215603584607275	0.175687883846231
1	2470	null_2469	H	L	544	935	420	0	0	101	1899	null_2469_L	0.0505	0.934702474986835	1.37704054765666	0.503371830910146
1	2471	null_2470	H	L	543	947	411	0	0	99	1901	null_2470_L	0.0495	0.930562861651762	1.36296685954761	0.49701962006209
1	2472	null_2471	L	H	514	972	390	0	0	124	1876	null_2471_H	0.062	0.933901918976546	1.34968017057569	0.477507376307618
1	2473	null_2472	H	L	1395	458	46	0	0	101	1899	null_2472_L	0.0505	0.289626119010005	0.338072669826224	0.254189381013427
1	2474	null_2473	H	L	920	796	166	0	0	118	1882	null_2473_L	0.059	0.599362380446334	0.77577045696068	0.416535193866384
1	2475	null_2474	H	L	823	846	228	0	0	103	1897	null_2474_L	0.0515	0.686346863468635	0.926726410121244	0.455654393128011
1	2476	null_2475	H	L	538	933	418	0	0	111	1889	null_2475_L	0.0555	0.936474325039704	1.3790365272631	0.502052365804534
1	2477	null_2476	H	L	490	952	460	0	0	98	1902	null_2476_L	0.049	0.984227129337539	1.46792849631966	0.49922545419565
1	2478	null_2477	L	H	656	915	338	0	0	91	1909	null_2477_H	0.0455	0.833420639078051	1.18753273965427	0.492942778013002
1	2479	null_2478	L	H	1467	418	36	0	0	79	1921	null_2478_H	0.0395	0.255075481520042	0.292555960437272	0.227492459164591
1	2480	null_2479	H	L	1332	526	42	0	0	100	1900	null_2479_L	0.05	0.321052631578947	0.365263157894737	0.26218836565097
1	2481	null_2480	H	L	975	759	166	0	0	100	1900	null_2480_L	0.05	0.57421052631579	0.748947368421053	0.419229639889197
1	2482	null_2481	L	H	1266	568	69	0	0	97	1903	null_2481_H	0.0485	0.37099316868103	0.443510246978455	0.305874315770464
1	2483	null_2482	L	H	1154	653	91	0	0	102	1898	null_2482_H	0.051	0.439936775553214	0.535827186512118	0.342282820027959
1	2484	null_2483	H	L	640	913	354	0	0	93	1907	null_2483_L	0.0465	0.850026219192449	1.22128998426848	0.498745410953875
1	2485	null_2484	H	L	470	984	449	0	0	97	1903	null_2484_L	0.0485	0.988964792433	1.46085128744088	0.482799926768835
1	2486	null_2485	H	L	920	805	191	0	0	84	1916	null_2485_L	0.042	0.619519832985386	0.818893528183716	0.435088704721475
1	2487	null_2486	H	L	1463	405	18	0	0	114	1886	null_2486_L	0.057	0.233828207847296	0.252916224814422	0.198240594029344
1	2488	null_2487	L	H	509	940	448	0	0	103	1897	null_2487_H	0.0515	0.967843964153927	1.44016868740116	0.503446748451971
1	2489	null_2488	H	L	683	942	268	0	0	107	1893	null_2488_L	0.0535	0.780771262546223	1.06391970417327	0.454315939755247
1	2490	null_2489	L	H	665	909	320	0	0	106	1894	null_2489_H	0.053	0.817845828933474	1.15575501583949	0.486883215935612
1	2491	null_2490	H	L	670	932	300	0	0	98	1902	null_2490_L	0.049	0.80546792849632	1.12092534174553	0.472146757909379
1	2492	null_2491	L	H	736	887	280	0	0	97	1903	null_2491_H	0.0485	0.760378349973726	1.05465055176038	0.476475316651613
1	2493	null_2492	L	H	836	848	208	0	0	108	1892	null_2492_H	0.054	0.668076109936575	0.887949260042283	0.441623571374297
1	2494	null_2493	L	H	601	922	369	0	0	108	1892	null_2493_H	0.054	0.877378435517971	1.26744186046512	0.497648941353155
1	2495	null_2494	H	L	625	911	366	0	0	98	1902	null_2494_L	0.049	0.863827549947424	1.24868559411146	0.502487558063293
1	2496	null_2495	L	H	794	874	240	0	0	92	1908	null_2495_H	0.046	0.709643605870021	0.961215932914046	0.457621885561841
1	2497	null_2496	L	H	1333	526	49	0	0	92	1908	null_2496_H	0.046	0.327044025157233	0.378406708595388	0.271448914204343
1	2498	null_2497	H	L	1529	347	29	0	0	95	1905	null_2497_L	0.0475	0.21259842519685	0.243044619422572	0.197846529026391
1	2499	null_2498	L	H	875	815	186	0	0	124	1876	null_2498_H	0.062	0.63272921108742	0.831023454157783	0.430677199594474
1	2500	null_2499	H	L	1418	433	38	0	0	111	1889	null_2499_L	0.0555	0.269454737956591	0.309687665431445	0.23708180962419
1	2501	null_2500	H	L	1662	230	7	0	0	101	1899	null_2500_L	0.0505	0.128488678251711	0.135860979462875	0.119351639024003
1	2502	null_2501	L	H	813	824	253	0	0	110	1890	null_2501_H	0.055	0.703703703703704	0.971428571428571	0.476229668822261
1	2503	null_2502	L	H	943	810	151	0	0	96	1904	null_2502_H	0.048	0.584033613445378	0.742647058823529	0.401551797189464
1	2504	null_2503	L	H	605	887	401	0	0	107	1893	null_2503_H	0.0535	0.892234548335975	1.31590068674062	0.519818197496323
1	2505	null_2504	H	L	1046	731	120	0	0	103	1897	null_2504_L	0.0515	0.511860832894043	0.638376383763838	0.376374871512854
1	2506	null_2505	L	H	742	869	292	0	0	97	1903	null_2505_H	0.0485	0.76353126642144	1.07041513399895	0.487435139195821
1	2507	null_2506	L	H	734	878	311	0	0	77	1923	null_2506_H	0.0385	0.78003120124805	1.10348413936557	0.495035464445099
1	2508	null_2507	H	L	1406	460	36	0	0	98	1902	null_2507_L	0.049	0.279705573080967	0.317560462670873	0.23932525505832
1	2509	null_2508	L	H	1328	528	52	0	0	92	1908	null_2508_H	0.046	0.331236897274633	0.385744234800839	0.276026352684713
1	2510	null_2509	L	H	1041	721	139	0	0	99	1901	null_2509_H	0.0495	0.525512887953709	0.671751709626512	0.395587914221065
1	2511	null_2510	L	H	1637	274	10	0	0	79	1921	null_2510_H	0.0395	0.153045288912025	0.1634565330557	0.140033672597535
1	2512	null_2511	L	H	521	955	423	0	0	101	1899	null_2511_H	0.0505	0.948393891521854	1.39389152185361	0.494440548377642
1	2513	null_2512	H	L	875	825	202	0	0	98	1902	null_2512_L	0.049	0.646161934805468	0.85856992639327	0.441044680401724
1	2514	null_2513	L	H	493	948	453	0	0	106	1894	null_2513_H	0.053	0.978880675818374	1.45723336853221	0.499025991041571
1	2515	null_2514	L	H	1386	478	34	0	0	102	1898	null_2514_H	0.051	0.287671232876712	0.32349841938883	0.240743681164023
1	2516	null_2515	L	H	1278	573	53	0	0	96	1904	null_2515_H	0.048	0.356617647058824	0.412289915966387	0.285113769772615
1	2517	null_2516	H	L	1532	344	21	0	0	103	1897	null_2516_L	0.0515	0.203479177648919	0.225619399051133	0.184215623314453
1	2518	null_2517	H	L	893	806	188	0	0	113	1887	null_2517_L	0.0565	0.626391096979332	0.825649178590355	0.433283372215384
1	2519	null_2518	L	H	840	824	219	0	0	117	1883	null_2518_H	0.0585	0.670207116303771	0.902814657461498	0.453637078717282
1	2520	null_2519	L	H	809	855	225	0	0	111	1889	null_2519_H	0.0555	0.690841715193224	0.929062996294336	0.45180072084322
1	2521	null_2520	H	L	854	832	206	0	0	108	1892	null_2520_L	0.054	0.657505285412262	0.875264270613108	0.442951070268048
1	2522	null_2521	L	H	990	750	155	0	0	105	1895	null_2521_H	0.0525	0.559366754617414	0.722955145118734	0.410063978947515
1	2523	null_2522	H	L	1018	739	132	0	0	111	1889	null_2522_L	0.0555	0.530968766543145	0.670725251455797	0.388797420411448
1	2524	null_2523	L	H	1448	413	31	0	0	108	1892	null_2523_H	0.054	0.251057082452431	0.283826638477801	0.220796979828274
1	2525	null_2524	H	L	845	833	215	0	0	107	1893	null_2524_L	0.0535	0.667194928684628	0.894347596407818	0.449198523545333
1	2526	null_2525	H	L	851	874	180	0	0	95	1905	null_2525_L	0.0475	0.647769028871391	0.836745406824147	0.417140692059162
1	2527	null_2526	L	H	801	868	239	0	0	92	1908	null_2526_H	0.046	0.705450733752621	0.955974842767296	0.458314105015185
1	2528	null_2527	H	L	500	923	473	0	0	104	1896	null_2527_L	0.052	0.985759493670886	1.48470464135021	0.512982861987929
1	2529	null_2528	H	L	667	930	292	0	0	111	1889	null_2528_L	0.0555	0.801482265749074	1.11064055055585	0.468266728245581
1	2530	null_2529	H	L	1733	166	9	0	0	92	1908	null_2529_L	0.046	0.0964360587002096	0.105870020964361	0.0965701075467303
1	2531	null_2530	H	L	765	863	272	0	0	100	1900	null_2530_L	0.05	0.740526315789474	1.02684210526316	0.478462880886427
1	2532	null_2531	L	H	921	786	181	0	0	112	1888	null_2531_H	0.056	0.608050847457627	0.79978813559322	0.430062302499282
1	2533	null_2532	H	L	1218	607	68	0	0	107	1893	null_2532_L	0.0535	0.392498679344955	0.464342313787639	0.310287100500105
1	2534	null_2533	L	H	837	828	236	0	0	99	1901	null_2533_H	0.0495	0.683850604944766	0.932140978432404	0.464489328549082
1	2535	null_2534	H	L	711	906	281	0	0	102	1898	null_2534_L	0.051	0.773445732349842	1.0695468914647	0.471328590574516
1	2536	null_2535	L	H	733	924	258	0	0	85	1915	null_2535_H	0.0425	0.751958224543081	1.02140992167102	0.455968750213036
1	2537	null_2536	H	L	1190	615	98	0	0	97	1903	null_2536_L	0.0485	0.426169206516027	0.529164477141356	0.347544284558855
1	2538	null_2537	H	L	640	939	319	0	0	102	1898	null_2537_L	0.051	0.830874604847208	1.16701791359326	0.476665304613253
1	2539	null_2538	L	H	686	924	294	0	0	96	1904	null_2538_H	0.048	0.794117647058824	1.10294117647059	0.472318339100346
1	2540	null_2539	H	L	860	809	231	0	0	100	1900	null_2539_L	0.05	0.668947368421053	0.912105263157895	0.464614681440443
1	2541	null_2540	L	H	1143	668	96	0	0	93	1907	null_2540_H	0.0465	0.450970110120608	0.551651809124279	0.348277768902086
1	2542	null_2541	H	L	1704	203	7	0	0	86	1914	null_2541_L	0.043	0.11337513061651	0.120689655172414	0.107835734930103
1	2543	null_2542	H	L	1440	427	43	0	0	90	1910	null_2542_L	0.045	0.268586387434555	0.313612565445026	0.241473917929881
1	2544	null_2543	H	L	710	905	290	0	0	95	1905	null_2543_L	0.0475	0.779527559055118	1.08398950131234	0.476326285985905
1	2545	null_2544	H	L	1122	705	82	0	0	91	1909	null_2544_L	0.0455	0.455212152959665	0.541121005762179	0.333902901560006
1	2546	null_2545	H	L	1686	204	5	0	0	105	1895	null_2545_L	0.0525	0.112928759894459	0.11820580474934	0.10545289993804
1	2547	null_2546	H	L	972	785	145	0	0	98	1902	null_2546_L	0.049	0.565194532071504	0.717665615141956	0.39822075605843
1	2548	null_2547	L	H	703	918	300	0	0	79	1921	null_2547_H	0.0395	0.790213430504945	1.1025507548152	0.478113489064806
1	2549	null_2548	H	L	847	849	180	0	0	124	1876	null_2548_L	0.062	0.644456289978678	0.8363539445629	0.421030034869818
1	2550	null_2549	L	H	550	934	428	0	0	88	1912	null_2549_H	0.044	0.936192468619247	1.38389121338912	0.507434875089722
1	2551	null_2550	L	H	883	842	176	0	0	99	1901	null_2550_H	0.0495	0.628090478695424	0.813256180957391	0.418758531529545
1	2552	null_2551	H	L	1484	390	23	0	0	103	1897	null_2551_L	0.0515	0.229836584080127	0.254085397996837	0.201260542615216
1	2553	null_2552	L	H	1219	593	85	0	0	103	1897	null_2552_H	0.0515	0.402214022140221	0.491829204006326	0.330053084400111
1	2554	null_2553	L	H	649	914	341	0	0	96	1904	null_2553_H	0.048	0.838235294117647	1.19642857142857	0.493790163124073
1	2555	null_2554	H	L	1068	716	134	0	0	82	1918	null_2554_L	0.041	0.51303441084463	0.652763295099062	0.389558988388365
1	2556	null_2555	L	H	582	948	376	0	0	94	1906	null_2555_H	0.047	0.891920251836307	1.28646379853095	0.490942062895215
1	2557	null_2556	L	H	1570	308	15	0	0	107	1893	null_2556_H	0.0535	0.178552562070787	0.194400422609614	0.162519405187572
1	2558	null_2557	H	L	880	807	200	0	0	113	1887	null_2557_L	0.0565	0.63963963963964	0.851616322204558	0.442477453606229
1	2559	null_2558	H	L	1226	605	62	0	0	107	1893	null_2558_L	0.0535	0.385103011093502	0.450607501320655	0.302303172167373
1	2560	null_2559	H	L	665	926	309	0	0	100	1900	null_2559_L	0.05	0.812631578947368	1.13789473684211	0.477524653739612
1	2561	null_2560	L	H	560	972	389	0	0	79	1921	null_2560_H	0.0395	0.910983862571577	1.31598125976054	0.486089661894711
1	2562	null_2561	L	H	550	919	442	0	0	89	1911	null_2561_H	0.0445	0.943485086342229	1.40607012035583	0.515906012205631
1	2563	null_2562	H	L	1612	268	18	0	0	102	1898	null_2562_L	0.051	0.160168598524763	0.17913593256059	0.153481952607203
1	2564	null_2563	L	H	1109	682	97	0	0	112	1888	null_2563_H	0.056	0.463983050847458	0.566737288135593	0.351457016661879
1	2565	null_2564	H	L	1662	232	11	0	0	95	1905	null_2564_L	0.0475	0.133333333333333	0.14488188976378	0.127104111986002
1	2566	null_2565	L	H	1669	225	12	0	0	94	1906	null_2565_H	0.047	0.130640083945435	0.143231899265477	0.126165067732207
1	2567	null_2566	L	H	1491	373	34	0	0	102	1898	null_2566_H	0.051	0.232349841938883	0.268177028451001	0.214190579401977
1	2568	null_2567	H	L	607	937	337	0	0	119	1881	null_2567_L	0.0595	0.856459330143541	1.21477937267411	0.481256788484187
1	2569	null_2568	L	H	1122	670	103	0	0	105	1895	null_2568_H	0.0525	0.462269129287599	0.570976253298153	0.357283505405838
1	2570	null_2569	H	L	1522	351	14	0	0	113	1887	null_2569_L	0.0565	0.20084790673026	0.215686274509804	0.175346392871877
1	2571	null_2570	H	L	609	911	371	0	0	109	1891	null_2570_L	0.0545	0.87414066631412	1.26652564780539	0.502403743301301
1	2572	null_2571	H	L	563	954	392	0	0	91	1909	null_2571_L	0.0455	0.91042430591933	1.32111052907281	0.49223811226412
1	2573	null_2572	H	L	1690	201	6	0	0	103	1897	null_2572_L	0.0515	0.112282551396943	0.118608328940432	0.106000957592225
1	2574	null_2573	L	H	1506	376	22	0	0	96	1904	null_2573_H	0.048	0.220588235294118	0.243697478991597	0.195038309441424
1	2575	null_2574	L	H	569	932	416	0	0	83	1917	null_2574_H	0.0415	0.92018779342723	1.35419926969223	0.507453694519753
1	2576	null_2575	H	L	1174	650	88	0	0	88	1912	null_2575_L	0.044	0.432008368200837	0.524058577405858	0.337427347210308
1	2577	null_2576	H	L	1156	649	88	0	0	107	1893	null_2576_L	0.0535	0.43581616481775	0.52879027997887	0.338854550462418
1	2578	null_2577	L	H	1381	481	47	0	0	91	1909	null_2577_H	0.0455	0.301204819277108	0.350445259298062	0.259720916142306
1	2579	null_2578	H	L	779	877	243	0	0	101	1899	null_2578_L	0.0505	0.717746182201159	0.973670352817272	0.458510770752934
1	2580	null_2579	H	L	1239	607	59	0	0	95	1905	null_2579_L	0.0475	0.380577427821522	0.44251968503937	0.297680506472124
1	2581	null_2580	H	L	1353	507	49	0	0	91	1909	null_2580_L	0.0455	0.316919853326349	0.368255631220534	0.26781743778814
1	2582	null_2581	L	H	1625	264	11	0	0	100	1900	null_2581_H	0.05	0.150526315789474	0.162105263157895	0.139447091412742
1	2583	null_2582	L	H	1645	228	10	0	0	117	1883	null_2582_H	0.0585	0.131704726500266	0.142326075411577	0.124979940429068
1	2584	null_2583	L	H	649	923	332	0	0	96	1904	null_2583_H	0.048	0.833508403361345	1.18224789915966	0.487511640685686
1	2585	null_2584	H	L	1710	189	3	0	0	98	1902	null_2584_L	0.049	0.102523659305994	0.105678233438486	0.0951671327209943
1	2586	null_2585	L	H	520	934	436	0	0	110	1890	null_2585_H	0.055	0.955555555555556	1.41693121693122	0.503844797178131
1	2587	null_2586	L	H	612	951	339	0	0	98	1902	null_2586_H	0.049	0.856466876971609	1.21293375394322	0.479398242593717
1	2588	null_2587	H	L	493	946	456	0	0	105	1895	null_2587_L	0.0525	0.980474934036939	1.46174142480211	0.50041032852737
1	2589	null_2588	L	H	1018	743	146	0	0	93	1907	null_2588_H	0.0465	0.542737283691662	0.695857367593078	0.401293608484074
1	2590	null_2589	L	H	1003	769	139	0	0	89	1911	null_2589_H	0.0445	0.547880690737834	0.693354264782836	0.393181013499471
1	2591	null_2590	H	L	1058	714	117	0	0	111	1889	null_2590_L	0.0555	0.501852832186342	0.62572789835892	0.373871633185467
1	2592	null_2591	H	L	949	774	174	0	0	103	1897	null_2591_L	0.0515	0.591460200316289	0.774907749077491	0.425082580519306
1	2593	null_2592	H	L	1673	222	6	0	0	99	1901	null_2592_L	0.0495	0.123093108890058	0.129405576012625	0.114253662556405
1	2594	null_2593	H	L	979	767	155	0	0	99	1901	null_2593_L	0.0495	0.566543924250395	0.729615991583377	0.40864397347834
1	2595	null_2594	L	H	644	917	344	0	0	95	1905	null_2594_H	0.0475	0.84251968503937	1.20367454068241	0.493835121003576
1	2596	null_2595	H	L	999	742	143	0	0	116	1884	null_2595_L	0.058	0.545647558386412	0.697452229299363	0.39972097132631
1	2597	null_2596	L	H	908	811	193	0	0	88	1912	null_2596_H	0.044	0.626046025104603	0.827928870292887	0.435995244743614
1	2598	null_2597	L	H	866	848	204	0	0	82	1918	null_2597_H	0.041	0.654848800834202	0.867570385818561	0.438743433864568
1	2599	null_2598	H	L	1495	372	29	0	0	104	1896	null_2598_L	0.052	0.226793248945148	0.257383966244726	0.20594878847763
1	2600	null_2599	H	L	1175	639	91	0	0	95	1905	null_2599_L	0.0475	0.430971128608924	0.526509186351706	0.340773072657256
1	2601	null_2600	H	L	1038	717	146	0	0	99	1901	null_2600_L	0.0495	0.530773277222514	0.684376643871647	0.402656372058118
1	2602	null_2601	L	H	772	872	273	0	0	83	1917	null_2601_H	0.0415	0.739697443922796	1.0245174752217	0.477365166675783
1	2603	null_2602	L	H	1569	301	11	0	0	119	1881	null_2602_H	0.0595	0.171717171717172	0.18341307814992	0.153926291087376
1	2604	null_2603	H	L	771	874	249	0	0	106	1894	null_2603_L	0.053	0.724392819429778	0.987328405491024	0.462583448649601
1	2605	null_2604	H	L	764	880	263	0	0	93	1907	null_2604_L	0.0465	0.737283691662297	1.01310959622444	0.469522354233252
1	2606	null_2605	L	H	765	862	266	0	0	107	1893	null_2605_H	0.0535	0.736397253037507	1.01743264659271	0.475151732311525
1	2607	null_2606	L	H	744	899	272	0	0	85	1915	null_2606_H	0.0425	0.753524804177546	1.03759791122715	0.469798280716346
1	2608	null_2607	H	L	1182	637	85	0	0	96	1904	null_2607_L	0.048	0.423844537815126	0.51313025210084	0.333486059865122
1	2609	null_2608	L	H	1036	718	150	0	0	96	1904	null_2608_H	0.048	0.534663865546219	0.692226890756303	0.406361441635478
1	2610	null_2609	H	L	566	944	367	0	0	123	1877	null_2609_L	0.0615	0.893979754928077	1.28502930207778	0.48582949985652
1	2611	null_2610	H	L	673	926	280	0	0	121	1879	null_2610_L	0.0605	0.79084619478446	1.08887706226716	0.463439358462104
1	2612	null_2611	H	L	1370	493	37	0	0	100	1900	null_2611_L	0.05	0.298421052631579	0.337368421052632	0.248313296398892
1	2613	null_2612	H	L	1126	685	96	0	0	93	1907	null_2612_L	0.0465	0.459884635553225	0.560566334556896	0.349072456538973
1	2614	null_2613	H	L	1102	700	109	0	0	89	1911	null_2613_L	0.0445	0.480376766091052	0.594453165881737	0.36369132848164
1	2615	null_2614	H	L	1392	456	47	0	0	105	1895	null_2614_L	0.0525	0.29023746701847	0.339841688654354	0.255603901393056
1	2616	null_2615	H	L	1325	536	44	0	0	95	1905	null_2615_L	0.0475	0.32755905511811	0.373753280839895	0.266458346250026
1	2617	null_2616	H	L	493	957	450	0	0	100	1900	null_2616_L	0.05	0.977368421052632	1.45105263157895	0.495803601108033
1	2618	null_2617	L	H	1603	282	12	0	0	103	1897	null_2617_H	0.0515	0.161307327358988	0.173958882445967	0.147938828586268
1	2619	null_2618	H	L	1329	537	55	0	0	79	1921	null_2618_L	0.0395	0.336803748047892	0.394065590838105	0.280628826138997
1	2620	null_2619	H	L	865	813	210	0	0	112	1888	null_2619_L	0.056	0.653072033898305	0.875529661016949	0.44902657955688
1	2621	null_2620	H	L	1650	251	9	0	0	90	1910	null_2620_L	0.045	0.140837696335079	0.150261780104712	0.13042652339574
1	2622	null_2621	H	L	603	934	363	0	0	100	1900	null_2621_L	0.05	0.873684210526316	1.25578947368421	0.492465373961219
1	2623	null_2622	H	L	883	833	187	0	0	97	1903	null_2622_L	0.0485	0.63426169206516	0.830793483972675	0.428505589951315
1	2624	null_2623	L	H	1666	215	8	0	0	111	1889	null_2623_H	0.0555	0.122286924298571	0.130757014293277	0.115802922438873
1	2625	null_2624	H	L	1561	313	17	0	0	109	1891	null_2624_L	0.0545	0.183500793231095	0.201480698043363	0.167808156926922
1	2626	null_2625	H	L	900	826	176	0	0	98	1902	null_2625_L	0.049	0.619348054679285	0.804416403785489	0.420824390950474
1	2627	null_2626	H	L	1108	652	122	0	0	118	1882	null_2626_L	0.059	0.476089266737513	0.605738575982997	0.379077586080334
1	2628	null_2627	L	H	1119	666	113	0	0	102	1898	null_2627_H	0.051	0.469968387776607	0.589041095890411	0.368170810381068
1	2629	null_2628	L	H	627	961	326	0	0	86	1914	null_2628_H	0.043	0.842737722048067	1.1833855799373	0.473178711774539
1	2630	null_2629	L	H	1285	583	48	0	0	84	1916	null_2629_H	0.042	0.354384133611691	0.404488517745303	0.278900403589594
1	2631	null_2630	L	H	698	884	310	0	0	108	1892	null_2630_H	0.054	0.79492600422833	1.12262156448203	0.490714212283611
1	2632	null_2631	L	H	1389	477	32	0	0	102	1898	null_2631_H	0.051	0.285036880927292	0.318756585879874	0.237510562391114
1	2633	null_2632	L	H	1018	742	130	0	0	110	1890	null_2632_H	0.055	0.53015873015873	0.667724867724868	0.38665658856135
1	2634	null_2633	L	H	1677	233	12	0	0	78	1922	null_2633_H	0.039	0.133714880332986	0.146201873048907	0.128322203826442
1	2635	null_2634	L	H	737	888	277	0	0	98	1902	null_2634_H	0.049	0.758149316508938	1.04942166140904	0.474631275286073
1	2636	null_2635	H	L	1008	719	159	0	0	114	1886	null_2635_L	0.057	0.549840933191941	0.718451749734889	0.416126697921505
1	2637	null_2636	L	H	1260	563	79	0	0	98	1902	null_2636_H	0.049	0.379074658254469	0.462145110410095	0.318447513879352
1	2638	null_2637	H	L	702	841	341	0	0	116	1884	null_2637_L	0.058	0.808386411889597	1.1703821656051	0.516893574677359
1	2639	null_2638	L	H	632	945	339	0	0	84	1916	null_2638_H	0.042	0.847077244258873	1.20093945720251	0.483399599461299
1	2640	null_2639	H	L	562	958	389	0	0	91	1909	null_2639_L	0.0455	0.909376636982713	1.31691985332635	0.489953985436359
1	2641	null_2640	H	L	581	915	395	0	0	109	1891	null_2640_L	0.0545	0.901639344262295	1.31940772078265	0.506454213660913
1	2642	null_2641	L	H	1660	236	4	0	0	100	1900	null_2641_H	0.05	0.128421052631579	0.132631578947368	0.116139612188366
1	2643	null_2642	L	H	1173	661	84	0	0	82	1918	null_2642_H	0.041	0.432221063607925	0.519812304483837	0.332997256657471
1	2644	null_2643	L	H	1142	671	104	0	0	83	1917	null_2643_H	0.0415	0.458528951486698	0.567031820552947	0.356783021201457
1	2645	null_2644	L	H	1392	472	37	0	0	99	1901	null_2644_H	0.0495	0.287217254076802	0.326144134665965	0.243650383626547
1	2646	null_2645	L	H	1450	424	28	0	0	98	1902	null_2645_H	0.049	0.252365930599369	0.281808622502629	0.218120059575343
1	2647	null_2646	L	H	499	935	461	0	0	105	1895	null_2646_H	0.0525	0.979947229551451	1.4664907651715	0.506194192465939
1	2648	null_2647	H	L	493	928	483	0	0	96	1904	null_2647_L	0.048	0.994747899159664	1.50210084033613	0.51257745745357
1	2649	null_2648	H	L	521	938	435	0	0	106	1894	null_2648_L	0.053	0.954593453009504	1.41393875395987	0.502690093431266
1	2650	null_2649	L	H	842	901	170	0	0	87	1913	null_2649_H	0.0435	0.648719289074752	0.826450601150026	0.405613885132375
1	2651	null_2650	L	H	1109	680	102	0	0	109	1891	null_2650_H	0.0545	0.467477525118985	0.575356953992597	0.356821717501226
1	2652	null_2651	L	H	595	941	365	0	0	99	1901	null_2651_H	0.0495	0.879011046817464	1.26301946344029	0.49035904301316
1	2653	null_2652	L	H	1227	600	80	0	0	93	1907	null_2652_H	0.0465	0.398531725222863	0.482433141059255	0.323605605050144
1	2654	null_2653	H	L	1592	293	14	0	0	101	1899	null_2653_L	0.0505	0.169036334913112	0.18378093733544	0.155207654814582
1	2655	null_2654	L	H	1216	624	71	0	0	89	1911	null_2654_H	0.0445	0.400837257980115	0.475143903715332	0.314473396330315
1	2656	null_2655	L	H	1233	604	67	0	0	96	1904	null_2655_H	0.048	0.387605042016807	0.457983193277311	0.30774552468046
1	2657	null_2656	H	L	1192	621	74	0	0	113	1887	null_2656_L	0.0565	0.407525172231055	0.485956544780074	0.319879778778124
1	2658	null_2657	H	L	733	899	261	0	0	107	1893	null_2657_L	0.0535	0.750660327522451	1.02641310089805	0.462922173581932
1	2659	null_2658	L	H	538	932	435	0	0	95	1905	null_2658_H	0.0475	0.945931758530184	1.40262467191601	0.507837780120005
1	2660	null_2659	H	L	521	931	447	0	0	101	1899	null_2659_L	0.0505	0.961032122169563	1.43180621379674	0.508223473955002
1	2661	null_2660	L	H	745	915	252	0	0	88	1912	null_2660_H	0.044	0.742154811715481	1.00575313807531	0.454959373522873
1	2662	null_2661	H	L	1359	481	53	0	0	107	1893	null_2661_L	0.0535	0.310089804543053	0.36608557844691	0.269929891565361
1	2663	null_2662	L	H	708	892	301	0	0	99	1901	null_2662_H	0.0495	0.7859021567596	1.10257759074171	0.484935390742324
1	2664	null_2663	H	L	1118	684	107	0	0	91	1909	null_2663_L	0.0455	0.470403352540597	0.582503928758512	0.361224614677079
1	2665	null_2664	L	H	1196	618	83	0	0	103	1897	null_2664_H	0.0515	0.413284132841328	0.500790722192936	0.329986947734527
1	2666	null_2665	H	L	1030	734	139	0	0	97	1903	null_2665_L	0.0485	0.531791907514451	0.677877036258539	0.395074403360681
1	2667	null_2666	L	H	757	877	264	0	0	102	1898	null_2666_H	0.051	0.740252897787144	1.01844046364594	0.470466110963679
1	2668	null_2667	L	H	506	963	424	0	0	107	1893	null_2667_H	0.0535	0.956682514527206	1.40464870575806	0.489407272155959
1	2669	null_2668	L	H	1269	567	55	0	0	109	1891	null_2668_H	0.0545	0.358011634056055	0.416181914331042	0.288009584211555
1	2670	null_2669	L	H	664	908	337	0	0	91	1909	null_2669_H	0.0455	0.828706128863279	1.18177056050288	0.495016712487319
1	2671	null_2670	L	H	1597	290	16	0	0	97	1903	null_2670_H	0.0485	0.169206516027325	0.186022070415134	0.157391225349029
1	2672	null_2671	L	H	1132	664	115	0	0	89	1911	null_2671_H	0.0445	0.467817896389325	0.588173731030874	0.369320146848741
1	2673	null_2672	H	L	1324	524	52	0	0	100	1900	null_2672_L	0.05	0.330526315789474	0.385263157894737	0.276015512465374
1	2674	null_2673	L	H	606	920	391	0	0	83	1917	null_2673_H	0.0415	0.887845592070944	1.29577464788732	0.507504852527519
1	2675	null_2674	L	H	630	932	326	0	0	112	1888	null_2674_H	0.056	0.838983050847458	1.18432203389831	0.480429474288998
1	2676	null_2675	L	H	1574	285	14	0	0	127	1873	null_2675_H	0.0635	0.167111585691404	0.182060864922584	0.154134582850289
1	2677	null_2676	L	H	691	910	284	0	0	115	1885	null_2676_H	0.0575	0.784084880636605	1.08541114058355	0.470622040540636
1	2678	null_2677	H	L	601	959	344	0	0	96	1904	null_2677_L	0.048	0.865021008403361	1.22636554621849	0.478104201239319
1	2679	null_2678	L	H	1025	732	145	0	0	98	1902	null_2678_H	0.049	0.53732912723449	0.689800210304942	0.401077619330363
1	2680	null_2679	L	H	794	861	229	0	0	116	1884	null_2679_H	0.058	0.700106157112527	0.943205944798301	0.453057313571432
1	2681	null_2680	L	H	930	830	141	0	0	99	1901	null_2680_H	0.0495	0.584955286691215	0.733298264071541	0.39112557664354
1	2682	null_2681	H	L	528	942	437	0	0	93	1907	null_2681_L	0.0465	0.952281069743052	1.41059255374934	0.503753317958373
1	2683	null_2682	L	H	1586	302	15	0	0	97	1903	null_2682_H	0.0485	0.174461376773516	0.190225959012086	0.159789187026376
1	2684	null_2683	H	L	1154	655	109	0	0	82	1918	null_2683_L	0.041	0.455161626694473	0.568821689259646	0.361649582844486
1	2685	null_2684	L	H	744	892	265	0	0	99	1901	null_2684_H	0.0495	0.748027354024198	1.02682798527091	0.467283062902467
1	2686	null_2685	H	L	1308	548	47	0	0	97	1903	null_2685_L	0.0485	0.337362059905413	0.386757750919601	0.272944591455977
1	2687	null_2686	L	H	1049	728	116	0	0	107	1893	null_2686_H	0.0535	0.507131537242472	0.629688325409403	0.37250592934349
1	2688	null_2687	H	L	1187	657	70	0	0	86	1914	null_2687_L	0.043	0.416405433646813	0.489550679205852	0.316157194035261
1	2689	null_2688	H	L	739	878	281	0	0	102	1898	null_2688_L	0.051	0.758693361433087	1.05479452054795	0.479178903865308
1	2690	null_2689	H	L	1489	390	30	0	0	91	1909	null_2689_L	0.0455	0.235725510738607	0.267155578837087	0.211589062424111
1	2691	null_2690	H	L	1432	416	42	0	0	110	1890	null_2690_L	0.055	0.264550264550265	0.308994708994709	0.239007866521094
1	2692	null_2691	L	H	1405	436	46	0	0	113	1887	null_2691_H	0.0565	0.279809220985692	0.328563857975623	0.250270657827003
1	2693	null_2692	L	H	1238	563	88	0	0	111	1889	null_2692_H	0.0555	0.391212281630492	0.484383271572261	0.331336222273725
1	2694	null_2693	L	H	532	939	445	0	0	84	1916	null_2693_H	0.042	0.954592901878914	1.41910229645094	0.507854688133333
1	2695	null_2694	H	L	1259	558	71	0	0	112	1888	null_2694_L	0.056	0.370762711864407	0.445974576271186	0.308509587762137
1	2696	null_2695	H	L	1024	767	122	0	0	87	1913	null_2695_L	0.0435	0.52848928384736	0.656037637219028	0.376736714077532
1	2697	null_2696	H	L	706	936	270	0	0	88	1912	null_2696_L	0.044	0.771966527196653	1.05439330543933	0.45846098632727
1	2698	null_2697	L	H	658	936	310	0	0	96	1904	null_2697_H	0.048	0.817226890756303	1.14285714285714	0.474997351881929
1	2699	null_2698	H	L	1586	292	10	0	0	112	1888	null_2698_L	0.056	0.165254237288136	0.175847457627119	0.148538494685435
1	2700	null_2699	H	L	1255	584	70	0	0	91	1909	null_2699_L	0.0455	0.379256155055003	0.452592980618125	0.308757749471021
1	2701	null_2700	L	H	656	927	330	0	0	87	1913	null_2700_H	0.0435	0.829587036069002	1.1745948771563	0.486380226742548
1	2702	null_2701	L	H	589	944	380	0	0	87	1913	null_2701_H	0.0435	0.890747516989022	1.28802927339258	0.494598134370468
1	2703	null_2702	H	L	1125	675	82	0	0	118	1882	null_2702_L	0.059	0.445802337938363	0.532943676939426	0.334203952428115
1	2704	null_2703	L	H	507	957	437	0	0	99	1901	null_2703_H	0.0495	0.963177275118359	1.42293529721199	0.495224833907567
1	2705	null_2704	L	H	515	937	443	0	0	105	1895	null_2704_H	0.0525	0.962005277044855	1.42955145118734	0.504097298125187
1	2706	null_2705	H	L	812	812	275	0	0	101	1899	null_2705_L	0.0505	0.717219589257504	1.00684570826751	0.492441769052807
1	2707	null_2706	L	H	1192	605	97	0	0	106	1894	null_2706_H	0.053	0.421858500527983	0.52428722280887	0.346322628341152
1	2708	null_2707	L	H	1450	426	29	0	0	95	1905	null_2707_H	0.0475	0.254068241469816	0.284514435695538	0.219963764371973
1	2709	null_2708	H	L	990	748	155	0	0	107	1893	null_2708_L	0.0535	0.558901215002641	0.722662440570523	0.410291872439094
1	2710	null_2709	L	H	864	812	210	0	0	114	1886	null_2709_H	0.057	0.653234358430541	0.87592788971368	0.44921276267952
1	2711	null_2710	H	L	499	935	460	0	0	106	1894	null_2710_L	0.053	0.979408658922915	1.46515311510032	0.505911793927135
1	2712	null_2711	H	L	1103	684	109	0	0	104	1896	null_2711_L	0.052	0.475738396624473	0.590717299578059	0.364390277555235
1	2713	null_2712	H	L	1687	191	11	0	0	111	1889	null_2712_L	0.0555	0.112758073054526	0.124404446797247	0.111690063758277
1	2714	null_2713	H	L	1633	265	5	0	0	97	1903	null_2713_L	0.0485	0.144508670520231	0.149763531266421	0.128880775410897
1	2715	null_2714	H	L	565	963	380	0	0	92	1908	null_2714_L	0.046	0.903039832285115	1.30136268343816	0.485881744744626
1	2716	null_2715	L	H	973	797	131	0	0	99	1901	null_2715_H	0.0495	0.557075223566544	0.694897422409258	0.384564617697543
1	2717	null_2716	L	H	611	947	326	0	0	116	1884	null_2716_H	0.058	0.848726114649682	1.1947983014862	0.474462283797855
1	2718	null_2717	H	L	516	950	421	0	0	113	1887	null_2717_L	0.0565	0.949655537890832	1.39586645468998	0.494020814043259
1	2719	null_2718	H	L	1418	430	34	0	0	118	1882	null_2718_L	0.059	0.26461211477152	0.300743889479277	0.230724318195422
1	2720	null_2719	L	H	507	927	479	0	0	87	1913	null_2719_H	0.0435	0.985363303711448	1.48614741244119	0.515206572140053
1	2721	null_2720	L	H	1458	405	29	0	0	108	1892	null_2720_H	0.054	0.244714587737844	0.275369978858351	0.215484749406648
1	2722	null_2721	L	H	1328	503	62	0	0	107	1893	null_2721_H	0.0535	0.33122028526149	0.396724775488642	0.28701789811994
1	2723	null_2722	L	H	827	877	214	0	0	82	1918	null_2722_H	0.041	0.680396246089677	0.903545359749739	0.440606308056815
1	2724	null_2723	H	L	1464	399	49	0	0	88	1912	null_2723_L	0.044	0.259937238493724	0.311192468619247	0.243625100663504
1	2725	null_2724	H	L	1437	421	33	0	0	109	1891	null_2724_L	0.0545	0.25753569539926	0.292437863564252	0.226113229159471
1	2726	null_2725	L	H	761	892	242	0	0	105	1895	null_2725_H	0.0525	0.726121372031662	0.981530343007915	0.454278096086772
1	2727	null_2726	L	H	730	878	279	0	0	113	1887	null_2726_H	0.0565	0.760996290408055	1.05670376258612	0.477588408571295
1	2728	null_2727	H	L	499	954	434	0	0	113	1887	null_2727_L	0.0565	0.965553789083201	1.42554319024907	0.493249070636146
1	2729	null_2728	H	L	1504	377	18	0	0	101	1899	null_2728_L	0.0505	0.217482885729331	0.236440231700895	0.189141426115738
1	2730	null_2729	L	H	1090	679	132	0	0	99	1901	null_2729_H	0.0495	0.496054708048396	0.634928984744871	0.388858711367892
1	2731	null_2730	H	L	1429	439	32	0	0	100	1900	null_2730_L	0.05	0.264736842105263	0.298421052631579	0.228335457063712
1	2732	null_2731	H	L	641	941	311	0	0	107	1893	null_2731_L	0.0535	0.8256735340729	1.15425250924459	0.472515724376153
1	2733	null_2732	L	H	1138	655	113	0	0	94	1906	null_2732_H	0.047	0.462224554039874	0.580797481636936	0.367145943279576
1	2734	null_2733	L	H	1042	717	139	0	0	102	1898	null_2733_H	0.051	0.524236037934668	0.670706006322445	0.395882582853006
1	2735	null_2734	L	H	972	783	155	0	0	90	1910	null_2734_H	0.045	0.572251308900524	0.73455497382199	0.407083413283627
1	2736	null_2735	H	L	1210	639	65	0	0	86	1914	null_2735_L	0.043	0.401776384535005	0.46969696969697	0.308272706526949
1	2737	null_2736	L	H	641	946	312	0	0	101	1899	null_2736_H	0.0505	0.826750921537651	1.15534491837809	0.471827832114738
1	2738	null_2737	H	L	675	902	304	0	0	119	1881	null_2737_L	0.0595	0.802764486975013	1.12599681020734	0.48156598865908
1	2739	null_2738	H	L	705	932	260	0	0	103	1897	null_2738_L	0.0515	0.765419082762256	1.03953610964681	0.453669737390197
1	2740	null_2739	H	L	676	919	309	0	0	96	1904	null_2739_L	0.048	0.807247899159664	1.13182773109244	0.480178560394746
1	2741	null_2740	L	H	889	828	183	0	0	100	1900	null_2740_H	0.05	0.628421052631579	0.821052631578947	0.426139612188366
1	2742	null_2741	L	H	912	828	156	0	0	104	1896	null_2741_H	0.052	0.60126582278481	0.765822784810127	0.404302195161032
1	2743	null_2742	H	L	1122	669	109	0	0	100	1900	null_2742_L	0.05	0.466842105263158	0.581578947368421	0.363637396121884
1	2744	null_2743	L	H	1508	365	28	0	0	99	1901	null_2743_H	0.0495	0.221462388216728	0.250920568122041	0.201874978727384
1	2745	null_2744	H	L	1162	641	92	0	0	105	1895	null_2744_L	0.0525	0.435356200527704	0.53245382585752	0.342918804519601
1	2746	null_2745	H	L	537	967	395	0	0	101	1899	null_2745_L	0.0505	0.925223802001053	1.34123222748815	0.485193143698868
1	2747	null_2746	H	L	854	829	228	0	0	89	1911	null_2746_L	0.0445	0.672422815279958	0.911041339612768	0.458888897103743
1	2748	null_2747	L	H	1506	380	22	0	0	92	1908	null_2747_H	0.046	0.222222222222222	0.245283018867925	0.195900302818542
1	2749	null_2748	L	H	1728	156	7	0	0	109	1891	null_2748_H	0.0545	0.0898995240613432	0.0973030142781597	0.0892210898517037
1	2750	null_2749	H	L	907	822	174	0	0	97	1903	null_2749_L	0.0485	0.614818707304257	0.797687861271676	0.419685818420399
1	2751	null_2750	L	H	1496	376	20	0	0	108	1892	null_2750_H	0.054	0.219873150105708	0.241014799154334	0.192670597016927
1	2752	null_2751	H	L	1179	624	86	0	0	111	1889	null_2751_L	0.0555	0.421386977236633	0.512440444679725	0.334873460095098
1	2753	null_2752	L	H	1250	567	64	0	0	119	1881	null_2752_H	0.0595	0.369484316852738	0.437533227006911	0.301014566606777
1	2754	null_2753	L	H	1584	305	12	0	0	99	1901	null_2753_H	0.0495	0.173066806943714	0.185691741188848	0.155739621523155
1	2755	null_2754	L	H	1017	732	145	0	0	106	1894	null_2754_H	0.053	0.539598732840549	0.692713833157339	0.401547040674213
1	2756	null_2755	H	L	1541	347	13	0	0	99	1901	null_2755_L	0.0495	0.19621251972646	0.209889531825355	0.171390178927949
1	2757	null_2756	H	L	772	866	254	0	0	108	1892	null_2756_L	0.054	0.726215644820296	0.994714587737844	0.467325424956085
1	2758	null_2757	H	L	685	943	270	0	0	102	1898	null_2757_L	0.051	0.781348788198103	1.06585879873551	0.455352869916867
1	2759	null_2758	L	H	1533	344	24	0	0	99	1901	null_2758_H	0.0495	0.206207259337191	0.231457127827459	0.188935694024104
1	2760	null_2759	L	H	1044	702	137	0	0	117	1883	null_2759_H	0.0585	0.518321826872013	0.663834306956984	0.395176790745043
1	2761	null_2760	H	L	631	929	344	0	0	96	1904	null_2760_L	0.048	0.849264705882353	1.21060924369748	0.48935870304004
1	2762	null_2761	L	H	1217	614	59	0	0	110	1890	null_2761_H	0.055	0.387301587301587	0.44973544973545	0.299732930209121
1	2763	null_2762	L	H	1153	656	77	0	0	114	1886	null_2762_H	0.057	0.429480381760339	0.511134676564157	0.32668127824715
1	2764	null_2763	H	L	634	938	323	0	0	105	1895	null_2763_L	0.0525	0.835883905013193	1.17678100263852	0.478079099978418
1	2765	null_2764	H	L	656	913	340	0	0	91	1909	null_2764_L	0.0455	0.834468308014667	1.19067574646412	0.494338389383256
1	2766	null_2765	L	H	1101	688	105	0	0	106	1894	null_2765_H	0.053	0.474128827877508	0.585005279831045	0.360207134406546
1	2767	null_2766	L	H	905	831	174	0	0	90	1910	null_2766_H	0.045	0.617277486910995	0.799476439790576	0.418444943943423
1	2768	null_2767	H	L	1391	475	32	0	0	102	1898	null_2767_L	0.051	0.283983140147524	0.317702845100105	0.237056421212057
1	2769	null_2768	H	L	1098	690	97	0	0	115	1885	null_2768_L	0.0575	0.468965517241379	0.571883289124668	0.351954632763194
1	2770	null_2769	L	H	620	907	369	0	0	104	1896	null_2769_H	0.052	0.867616033755274	1.25685654008439	0.504098958055155
1	2771	null_2770	L	H	558	936	399	0	0	107	1893	null_2770_H	0.0535	0.916006339144215	1.33755942947702	0.498491816124633
1	2772	null_2771	L	H	1098	712	116	0	0	74	1926	null_2771_H	0.037	0.490134994807892	0.610591900311527	0.370359587176194
1	2773	null_2772	H	L	506	933	468	0	0	93	1907	null_2772_L	0.0465	0.980073413738857	1.47089669638175	0.510352800064015
1	2774	null_2773	H	L	1407	442	41	0	0	110	1890	null_2773_L	0.055	0.277248677248677	0.320634920634921	0.24376809159878
1	2775	null_2774	H	L	1684	198	3	0	0	115	1885	null_2774_L	0.0575	0.108222811671088	0.111405835543767	0.0996936585777709
1	2776	null_2775	L	H	1527	359	13	0	0	101	1899	null_2775_H	0.0505	0.202738283307004	0.216429699842022	0.175326888323751
1	2777	null_2776	H	L	1678	215	8	0	0	99	1901	null_2776_L	0.0495	0.121514992109416	0.129931614939506	0.115165721632154
1	2778	null_2777	H	L	927	792	171	0	0	110	1890	null_2777_L	0.055	0.6	0.780952380952381	0.420952380952381
1	2779	null_2778	H	L	1303	547	65	0	0	85	1915	null_2778_L	0.0425	0.353524804177546	0.421409921671018	0.296430134502246
1	2780	null_2779	H	L	535	958	420	0	0	87	1913	null_2779_L	0.0435	0.939884997386304	1.37898588604286	0.495602077731011
1	2781	null_2780	H	L	896	812	186	0	0	106	1894	null_2780_L	0.053	0.625131995776135	0.821541710665259	0.430751698522205
1	2782	null_2781	L	H	1184	629	98	0	0	89	1911	null_2781_H	0.0445	0.43171114599686	0.534275248560963	0.34790073498304
1	2783	null_2782	H	L	977	777	146	0	0	100	1900	null_2782_L	0.05	0.562631578947368	0.716315789473684	0.399761495844875
1	2784	null_2783	L	H	1440	430	34	0	0	96	1904	null_2783_H	0.048	0.26155462184874	0.297268907563025	0.228858087352588
1	2785	null_2784	L	H	924	800	179	0	0	97	1903	null_2784_H	0.0485	0.608512874408828	0.796636889122438	0.426348970801144
1	2786	null_2785	L	H	650	914	346	0	0	90	1910	null_2785_H	0.045	0.840837696335079	1.20314136125654	0.496133329678463
1	2787	null_2786	L	H	1292	532	65	0	0	111	1889	null_2786_H	0.0555	0.350449973530969	0.419269454737957	0.2964542707901
1	2788	null_2787	H	L	1110	687	97	0	0	106	1894	null_2787_L	0.053	0.465153115100317	0.567581837381204	0.351214416893675
1	2789	null_2788	L	H	1347	503	47	0	0	103	1897	null_2788_H	0.0515	0.314707432788614	0.364259356879283	0.265218588626883
1	2790	null_2789	L	H	683	883	334	0	0	100	1900	null_2789_H	0.05	0.816315789473684	1.16789473684211	0.501523268698061
1	2791	null_2790	L	H	680	924	281	0	0	115	1885	null_2790_H	0.0575	0.788328912466844	1.08647214854111	0.465009674309958
1	2792	null_2791	L	H	1437	427	39	0	0	97	1903	null_2791_H	0.0485	0.265370467682606	0.30635838150289	0.235936896384805
1	2793	null_2792	L	H	1141	670	99	0	0	90	1910	null_2792_H	0.045	0.454450261780105	0.558115183246073	0.351590142814068
1	2794	null_2793	L	H	1097	697	101	0	0	105	1895	null_2793_H	0.0525	0.474406332453826	0.581002638522427	0.355941270250137
1	2795	null_2794	L	H	787	861	252	0	0	100	1900	null_2794_H	0.05	0.718421052631579	0.983684210526316	0.46755540166205
1	2796	null_2795	L	H	955	799	142	0	0	104	1896	null_2795_H	0.052	0.57120253164557	0.720991561181435	0.394719229023127
1	2797	null_2796	H	L	1701	193	6	0	0	100	1900	null_2796_L	0.05	0.107894736842105	0.114210526315789	0.102569252077562
1	2798	null_2797	L	H	510	951	431	0	0	108	1892	null_2797_H	0.054	0.958245243128964	1.41384778012685	0.495613834147562
1	2799	null_2798	H	L	1266	572	62	0	0	100	1900	null_2798_L	0.05	0.366315789473684	0.431578947368421	0.297391689750693
1	2800	null_2799	L	H	1142	692	87	0	0	79	1921	null_2799_H	0.0395	0.450806871421135	0.541384695471109	0.338157860150597
1	2801	null_2800	H	L	928	832	140	0	0	100	1900	null_2800_L	0.05	0.585263157894737	0.732631578947368	0.390098614958449
1	2802	null_2801	L	H	613	929	365	0	0	93	1907	null_2801_H	0.0465	0.869952805453592	1.25275301520713	0.495935131490556
1	2803	null_2802	L	H	1481	416	17	0	0	86	1914	null_2802_H	0.043	0.235109717868339	0.252873563218391	0.197596983782261
1	2804	null_2803	H	L	1371	476	43	0	0	110	1890	null_2803_L	0.055	0.297354497354497	0.342857142857143	0.254437445760197
1	2805	null_2804	L	H	1226	607	78	0	0	89	1911	null_2804_H	0.0445	0.399267399267399	0.480900052328624	0.321485596210871
1	2806	null_2805	H	L	757	900	247	0	0	96	1904	null_2805_L	0.048	0.732142857142857	0.991596638655462	0.455563475390156
1	2807	null_2806	H	L	636	951	320	0	0	93	1907	null_2806_L	0.0465	0.834294703723125	1.16990036706869	0.473852714408237
1	2808	null_2807	L	H	1192	611	81	0	0	116	1884	null_2807_H	0.058	0.410297239915074	0.496284501061571	0.327940675979643
1	2809	null_2808	H	L	1501	372	22	0	0	105	1895	null_2808_L	0.0525	0.219525065963061	0.242744063324538	0.194552808738452
1	2810	null_2809	H	L	1033	734	129	0	0	104	1896	null_2809_L	0.052	0.523206751054852	0.659282700421941	0.385537396072567
1	2811	null_2810	H	L	537	980	385	0	0	98	1902	null_2810_L	0.049	0.920084121976867	1.32492113564669	0.478366344132746
1	2812	null_2811	H	L	1048	746	106	0	0	100	1900	null_2811_L	0.05	0.50421052631579	0.615789473684211	0.361561218836565
1	2813	null_2812	L	H	1455	403	24	0	0	118	1882	null_2812_H	0.059	0.239638682252922	0.265143464399575	0.207716766367658
1	2814	null_2813	L	H	1341	511	43	0	0	105	1895	null_2813_H	0.0525	0.315039577836412	0.360422163588391	0.261172227985046
1	2815	null_2814	H	L	1118	662	121	0	0	99	1901	null_2814_L	0.0495	0.475539189900053	0.602840610205155	0.376703089074357
1	2816	null_2815	H	L	641	931	320	0	0	108	1892	null_2815_L	0.054	0.830338266384778	1.16860465116279	0.479143014539912
1	2817	null_2816	L	H	1107	704	108	0	0	81	1919	null_2816_H	0.0405	0.479416362688901	0.591974986972382	0.362134938158526
1	2818	null_2817	L	H	1599	290	12	0	0	99	1901	null_2817_H	0.0495	0.165176223040505	0.177801157285639	0.150517972627713
1	2819	null_2818	H	L	582	942	385	0	0	91	1909	null_2818_L	0.0455	0.896804609743321	1.30015715034049	0.495898642283622
1	2820	null_2819	H	L	1613	286	12	0	0	89	1911	null_2819_L	0.0445	0.162218733647305	0.174777603349032	0.148462685802897
1	2821	null_2820	H	L	1451	415	31	0	0	103	1897	null_2820_L	0.0515	0.251449657353716	0.284132841328413	0.220905911145112
1	2822	null_2821	H	L	1395	492	33	0	0	80	1920	null_2821_L	0.04	0.290625	0.325	0.240537109375
1	2823	null_2822	L	H	1443	441	35	0	0	81	1919	null_2822_H	0.0405	0.266284523189161	0.302761855132882	0.231854407842803
1	2824	null_2823	H	L	834	858	214	0	0	94	1906	null_2823_L	0.047	0.674711437565582	0.899265477439664	0.44402995345785
1	2825	null_2824	H	L	935	792	176	0	0	97	1903	null_2824_L	0.0485	0.601156069364162	0.786127167630058	0.424738547896689
1	2826	null_2825	L	H	945	798	149	0	0	108	1892	null_2825_H	0.054	0.579281183932347	0.736786469344609	0.401219779286548
1	2827	null_2826	H	L	1614	274	9	0	0	103	1897	null_2826_L	0.0515	0.15392725355825	0.163415919873484	0.139722320485499
1	2828	null_2827	L	H	805	874	229	0	0	92	1908	null_2827_H	0.046	0.69811320754717	0.938155136268344	0.450793085716546
1	2829	null_2828	L	H	909	820	172	0	0	99	1901	null_2828_H	0.0495	0.612309310889006	0.793266701735929	0.418344009534559
1	2830	null_2829	L	H	525	923	436	0	0	116	1884	null_2829_H	0.058	0.95276008492569	1.4156050955414	0.507853316113793
1	2831	null_2830	L	H	901	808	200	0	0	91	1909	null_2830_H	0.0455	0.632792037716082	0.842325825039288	0.441900062042417
1	2832	null_2831	L	H	1250	587	62	0	0	101	1899	null_2831_H	0.0505	0.374407582938389	0.439705107951553	0.299524069789787
1	2833	null_2832	H	L	842	832	222	0	0	104	1896	null_2832_L	0.052	0.672995780590717	0.907172995780591	0.454249675087682
1	2834	null_2833	H	L	499	909	480	0	0	112	1888	null_2833_L	0.056	0.989936440677966	1.49841101694915	0.518436860366992
1	2835	null_2834	H	L	829	833	242	0	0	96	1904	null_2834_L	0.048	0.691701680672269	0.945903361344538	0.467452146299696
1	2836	null_2835	H	L	802	863	235	0	0	100	1900	null_2835_L	0.05	0.701578947368421	0.948947368421053	0.456734349030471
1	2837	null_2836	L	H	617	941	353	0	0	89	1911	null_2836_H	0.0445	0.861852433281005	1.2312925170068	0.488502900254414
1	2838	null_2837	L	H	820	868	205	0	0	107	1893	null_2837_H	0.0535	0.675118858954041	0.891706286318014	0.435920812602607
1	2839	null_2838	H	L	1020	756	146	0	0	78	1922	null_2838_L	0.039	0.545265348595213	0.697190426638918	0.399876126260258
1	2840	null_2839	H	L	723	919	258	0	0	100	1900	null_2839_L	0.05	0.755263157894737	1.02684210526316	0.456419667590028
1	2841	null_2840	H	L	1317	525	52	0	0	106	1894	null_2840_L	0.053	0.332101372756072	0.3870116156283	0.276720293841833
1	2842	null_2841	L	H	1319	522	70	0	0	89	1911	null_2841_H	0.0445	0.346415489272632	0.419675562532705	0.299671871324708
1	2843	null_2842	L	H	1354	491	52	0	0	103	1897	null_2842_H	0.0515	0.313653136531365	0.368476541908276	0.270098251852313
1	2844	null_2843	L	H	825	877	217	0	0	81	1919	null_2843_H	0.0405	0.683168316831683	0.909327774882751	0.442608825760116
1	2845	null_2844	H	L	625	922	353	0	0	100	1900	null_2844_L	0.05	0.856842105263158	1.22842105263158	0.494242659279778
1	2846	null_2845	H	L	1165	634	92	0	0	109	1891	null_2845_L	0.0545	0.432575356953993	0.529878371232152	0.342756931788278
1	2847	null_2846	L	H	1113	699	106	0	0	82	1918	null_2846_H	0.041	0.474973931178311	0.585505735140772	0.359905499841793
1	2848	null_2847	L	H	869	856	185	0	0	90	1910	null_2847_H	0.045	0.641884816753927	0.835602094240838	0.423585976261616
1	2849	null_2848	H	L	1108	659	136	0	0	97	1903	null_2848_L	0.0485	0.48922753547031	0.632159747766684	0.392816166304331
1	2850	null_2849	H	L	577	948	374	0	0	101	1899	null_2849_L	0.0505	0.893101632438125	1.28699315429173	0.489362628428088
1	2851	null_2850	L	H	1647	252	5	0	0	96	1904	null_2850_H	0.048	0.137605042016807	0.142857142857143	0.123921995268696
1	2852	null_2851	L	H	1058	731	106	0	0	105	1895	null_2851_H	0.0525	0.497625329815304	0.609498680738786	0.361867711864997
1	2853	null_2852	H	L	636	917	351	0	0	96	1904	null_2852_L	0.048	0.85031512605042	1.21901260504202	0.495976791451875
1	2854	null_2853	H	L	1398	468	27	0	0	107	1893	null_2853_L	0.0535	0.275752773375594	0.304278922345483	0.228239330321152
1	2855	null_2854	H	L	922	826	163	0	0	89	1911	null_2854_L	0.0445	0.602825745682889	0.773417059131345	0.410018179473214
1	2856	null_2855	H	L	1308	517	56	0	0	119	1881	null_2855_L	0.0595	0.334396597554492	0.393939393939394	0.282118309483373
1	2857	null_2856	L	H	1011	745	135	0	0	109	1891	null_2856_H	0.0545	0.536753040719196	0.6795346377578	0.391430811036497
1	2858	null_2857	H	L	1487	378	34	0	0	101	1899	null_2857_L	0.0505	0.234860452869932	0.270668773038441	0.215509340716172
1	2859	null_2858	H	L	1677	204	6	0	0	113	1887	null_2858_L	0.0565	0.114467408585056	0.120826709062003	0.107723921433825
1	2860	null_2859	H	L	1210	620	78	0	0	92	1908	null_2859_L	0.046	0.406708595387841	0.488469601677149	0.323057720114799
1	2861	null_2860	H	L	686	933	271	0	0	110	1890	null_2860_L	0.055	0.780423280423281	1.06719576719577	0.458135270569133
1	2862	null_2861	L	H	1224	603	86	0	0	87	1913	null_2861_H	0.0435	0.405122843700993	0.495033978044956	0.330909459556576
1	2863	null_2862	H	L	1412	445	45	0	0	98	1902	null_2862_L	0.049	0.281282860147214	0.328601472134595	0.249481424721998
1	2864	null_2863	H	L	1141	650	105	0	0	104	1896	null_2863_L	0.052	0.453586497890295	0.564345991561182	0.358605280492799
1	2865	null_2864	H	L	716	910	285	0	0	89	1911	null_2864_L	0.0445	0.774463631606489	1.0727367870225	0.47294287034139
1	2866	null_2865	L	H	1054	726	123	0	0	97	1903	null_2865_H	0.0485	0.51077246452969	0.64004203888597	0.379153528364236
1	2867	null_2866	L	H	1148	667	75	0	0	110	1890	null_2866_H	0.055	0.432275132275132	0.511640211640212	0.324778421656729
1	2868	null_2867	L	H	981	770	153	0	0	96	1904	null_2867_H	0.048	0.565126050420168	0.725840336134454	0.406472883270955
1	2869	null_2868	H	L	1221	610	70	0	0	99	1901	null_2868_L	0.0495	0.394529195160442	0.468174644923724	0.312521359089778
1	2870	null_2869	H	L	1090	698	93	0	0	119	1881	null_2869_L	0.0595	0.469962785752259	0.568846358320043	0.347981338328018
1	2871	null_2870	H	L	724	894	284	0	0	98	1902	null_2870_L	0.049	0.768664563617245	1.06729758149317	0.476452370132276
1	2872	null_2871	H	L	507	949	465	0	0	79	1921	null_2871_L	0.0395	0.978136387298282	1.46225923997918	0.505508447822243
1	2873	null_2872	H	L	829	839	204	0	0	128	1872	null_2872_L	0.064	0.666132478632479	0.884081196581197	0.440348717492147
1	2874	null_2873	L	H	463	981	459	0	0	97	1903	null_2873_H	0.0485	0.997898055701524	1.48029427220179	0.484493742628905
1	2875	null_2874	H	L	1452	404	29	0	0	115	1885	null_2874_L	0.0575	0.245092838196286	0.275862068965517	0.215791569630406
1	2876	null_2875	H	L	969	760	176	0	0	95	1905	null_2875_L	0.0475	0.583727034120735	0.768503937007874	0.427766686644484
1	2877	null_2876	L	H	1060	728	116	0	0	96	1904	null_2876_H	0.048	0.504201680672269	0.626050420168067	0.371831085375327
1	2878	null_2877	L	H	1552	336	23	0	0	89	1911	null_2877_H	0.0445	0.199895342752486	0.223966509680795	0.184008361626662
1	2879	null_2878	H	L	542	985	376	0	0	97	1903	null_2878_L	0.0485	0.912769311613242	1.30793483972675	0.474787023503835
1	2880	null_2879	L	H	1277	568	57	0	0	98	1902	null_2879_H	0.049	0.35856992639327	0.41850683491062	0.289934442796945
1	2881	null_2880	L	H	667	909	320	0	0	104	1896	null_2880_H	0.052	0.816983122362869	1.1545358649789	0.48707444275312
1	2882	null_2881	L	H	1351	503	41	0	0	105	1895	null_2881_H	0.0525	0.308707124010554	0.35197889182058	0.256678803405713
1	2883	null_2882	L	H	1058	733	105	0	0	104	1896	null_2882_H	0.052	0.497362869198312	0.608122362869198	0.360752539212021
1	2884	null_2883	H	L	716	888	277	0	0	119	1881	null_2883_L	0.0595	0.766613503455609	1.06113769271664	0.473441429036157
1	2885	null_2884	L	H	1515	346	33	0	0	106	1894	null_2884_H	0.053	0.21752903907075	0.252375923970433	0.205057041131389
1	2886	null_2885	L	H	574	921	399	0	0	106	1894	null_2885_H	0.053	0.907602956705385	1.32893347412883	0.50519034710847
1	2887	null_2886	L	H	1583	316	16	0	0	85	1915	null_2886_H	0.0425	0.181723237597911	0.198433420365535	0.165410085282468
1	2888	null_2887	L	H	1323	519	48	0	0	110	1890	null_2887_H	0.055	0.325396825396825	0.376190476190476	0.270307382212144
1	2889	null_2888	L	H	1370	496	50	0	0	84	1916	null_2888_H	0.042	0.311064718162839	0.363256784968685	0.266495526082958
1	2890	null_2889	H	L	1454	434	18	0	0	94	1906	null_2889_L	0.047	0.246589716684155	0.265477439664218	0.204670951289846
1	2891	null_2890	L	H	1060	728	130	0	0	82	1918	null_2890_H	0.041	0.515119916579771	0.650677789363921	0.385329260906771
1	2892	null_2891	L	H	1499	378	29	0	0	94	1906	null_2891_H	0.047	0.228751311647429	0.259181532004197	0.206854369423778
1	2893	null_2892	H	L	1194	608	86	0	0	112	1888	null_2892_L	0.056	0.413135593220339	0.504237288135593	0.333556269750072
1	2894	null_2893	H	L	865	847	201	0	0	87	1913	null_2893_L	0.0435	0.652901202300052	0.863042341871406	0.436762361906552
1	2895	null_2894	L	H	727	903	262	0	0	108	1892	null_2894_H	0.054	0.754228329809725	1.03118393234672	0.462323558859156
1	2896	null_2895	H	L	1034	735	127	0	0	104	1896	null_2895_L	0.052	0.52162447257384	0.655590717299578	0.383498626911642
1	2897	null_2896	L	H	951	803	156	0	0	90	1910	null_2896_H	0.045	0.583769633507853	0.747120418848168	0.406333433842274
1	2898	null_2897	L	H	1347	485	53	0	0	115	1885	null_2897_H	0.0575	0.313527851458886	0.369761273209549	0.271461559569124
1	2899	null_2898	L	H	914	761	204	0	0	121	1879	null_2898_H	0.0605	0.622139435870144	0.839276210750399	0.452218733085579
1	2900	null_2899	H	L	582	930	392	0	0	96	1904	null_2899_L	0.048	0.900210084033614	1.31197478991597	0.501596594520161
1	2901	null_2900	L	H	754	903	259	0	0	84	1916	null_2900_H	0.042	0.741649269311065	1.01200417536534	0.461960536695708
1	2902	null_2901	H	L	615	904	386	0	0	95	1905	null_2901_L	0.0475	0.879790026246719	1.28503937007874	0.511008879795537
1	2903	null_2902	H	L	652	956	300	0	0	92	1908	null_2902_L	0.046	0.815513626834382	1.12997903563941	0.464916560086846
1	2904	null_2903	H	L	1549	325	23	0	0	103	1897	null_2903_L	0.0515	0.195571955719557	0.219820769636268	0.181572379772295
1	2905	null_2904	H	L	1134	677	89	0	0	100	1900	null_2904_L	0.05	0.45	0.543684210526316	0.341184210526316
1	2906	null_2905	L	H	727	897	269	0	0	107	1893	null_2905_H	0.0535	0.758055995773904	1.04226096143687	0.467612068708108
1	2907	null_2906	L	H	567	921	422	0	0	90	1910	null_2906_H	0.045	0.924083769633508	1.36596858638743	0.512037773087361
1	2908	null_2907	H	L	1606	285	12	0	0	97	1903	null_2907_L	0.0485	0.162375197057278	0.174986862848135	0.148621158228745
1	2909	null_2908	H	L	881	819	188	0	0	112	1888	null_2908_L	0.056	0.632944915254237	0.832097457627119	0.431478191880925
1	2910	null_2909	L	H	634	951	317	0	0	98	1902	null_2909_H	0.049	0.833333333333333	1.16666666666667	0.472222222222222
1	2911	null_2910	L	H	950	774	160	0	0	116	1884	null_2910_H	0.058	0.58067940552017	0.750530785562633	0.413342213567375
1	2912	null_2911	L	H	542	943	407	0	0	108	1892	null_2911_H	0.054	0.928646934460888	1.35887949260042	0.496494363716818
1	2913	null_2912	L	H	1346	509	38	0	0	107	1893	null_2912_H	0.0535	0.309033280507132	0.349181193872161	0.253679625411161
1	2914	null_2913	H	L	1301	538	54	0	0	107	1893	null_2913_L	0.0535	0.341257263602747	0.398309561542525	0.28185304158089
1	2915	null_2914	L	H	1611	285	12	0	0	92	1908	null_2914_H	0.046	0.161949685534591	0.174528301886792	0.148300601242039
1	2916	null_2915	L	H	1201	613	73	0	0	113	1887	null_2915_H	0.0565	0.402225755166932	0.479597244303127	0.317811686183518
1	2917	null_2916	L	H	1357	528	31	0	0	84	1916	null_2916_H	0.042	0.307933194154489	0.340292275574113	0.245469423511927
1	2918	null_2917	L	H	925	801	173	0	0	101	1899	null_2917_H	0.0505	0.604002106371775	0.786203264876251	0.42138472037471
1	2919	null_2918	L	H	1597	284	14	0	0	105	1895	null_2918_H	0.0525	0.164643799472296	0.179419525065963	0.15231194436129
1	2920	null_2919	H	L	1677	228	8	0	0	87	1913	null_2919_L	0.0435	0.127548353371668	0.135912179822269	0.119643597374445
1	2921	null_2920	H	L	771	896	224	0	0	109	1891	null_2920_L	0.0545	0.710735060814384	0.947646747752512	0.442502421081686
1	2922	null_2921	L	H	676	915	306	0	0	103	1897	null_2921_H	0.0515	0.804955192409067	1.12756984712704	0.479616985340725
1	2923	null_2922	L	H	1178	638	91	0	0	93	1907	null_2922_H	0.0465	0.42999475616151	0.525432616675406	0.34053712634901
1	2924	null_2923	L	H	972	771	171	0	0	86	1914	null_2923_H	0.043	0.581504702194357	0.760188087774295	0.422040369100147
1	2925	null_2924	H	L	1663	222	9	0	0	106	1894	null_2924_L	0.053	0.126715945089757	0.136219640971489	0.120162710231499
1	2926	null_2925	L	H	1293	544	77	0	0	86	1914	null_2925_H	0.043	0.364681295715779	0.445141065830721	0.312148618385782
1	2927	null_2926	H	L	762	879	256	0	0	103	1897	null_2926_L	0.0515	0.733263046916184	1.00316288877174	0.46548819279894
1	2928	null_2927	H	L	1596	289	10	0	0	105	1895	null_2927_L	0.0525	0.163060686015831	0.173614775725594	0.14702598840164
1	2929	null_2928	L	H	1095	686	125	0	0	94	1906	null_2928_H	0.047	0.491080797481637	0.622245540398741	0.38108519074354
1	2930	null_2929	H	L	1671	203	10	0	0	116	1884	null_2929_L	0.058	0.118365180467091	0.128980891719745	0.114970575772738
1	2931	null_2930	L	H	1113	680	118	0	0	89	1911	null_2930_H	0.0445	0.479330193615908	0.602825745682889	0.373068311171025
1	2932	null_2931	H	L	903	814	174	0	0	109	1891	null_2931_L	0.0545	0.614489687995769	0.798519301956637	0.420921725303499
1	2933	null_2932	H	L	712	910	277	0	0	101	1899	null_2932_L	0.0505	0.770932069510269	1.06266456029489	0.468328304495507
1	2934	null_2933	L	H	642	905	344	0	0	109	1891	null_2933_H	0.0545	0.842411422527763	1.20624008461132	0.496583079806067
1	2935	null_2934	H	L	646	928	334	0	0	92	1908	null_2934_L	0.046	0.836477987421384	1.18658280922432	0.48688738578379
1	2936	null_2935	H	L	1145	678	84	0	0	93	1907	null_2935_L	0.0465	0.443628736234924	0.531725222863136	0.33491876724974
1	2937	null_2936	H	L	1323	540	43	0	0	94	1906	null_2936_L	0.047	0.328436516264428	0.373557187827912	0.265686642611998
1	2938	null_2937	H	L	980	774	148	0	0	98	1902	null_2937_L	0.049	0.562565720294427	0.718191377497371	0.401711187846984
1	2939	null_2938	H	L	846	839	203	0	0	112	1888	null_2938_L	0.056	0.659427966101695	0.874470338983051	0.439625096506033
1	2940	null_2939	L	H	1543	338	18	0	0	101	1899	null_2939_H	0.0505	0.196945760926804	0.215903106898368	0.17711547415133
1	2941	null_2940	L	H	1515	369	10	0	0	106	1894	null_2940_H	0.053	0.205385427666315	0.215945089757128	0.173761915859453
1	2942	null_2941	L	H	1579	294	19	0	0	108	1892	null_2941_H	0.054	0.175475687103594	0.195560253699789	0.16476853693531
1	2943	null_2942	H	L	642	928	335	0	0	95	1905	null_2942_L	0.0475	0.838845144356955	1.19055118110236	0.486890004891121
1	2944	null_2943	L	H	1375	472	42	0	0	111	1889	null_2943_H	0.0555	0.29433562731604	0.338803599788248	0.252170138280721
1	2945	null_2944	L	H	470	985	431	0	0	114	1886	null_2944_H	0.057	0.97932131495228	1.43637327677625	0.477303038856383
1	2946	null_2945	H	L	686	899	328	0	0	87	1913	null_2945_L	0.0435	0.812859383167799	1.15577626764245	0.495035890838511
1	2947	null_2946	H	L	1281	567	66	0	0	86	1914	null_2946_L	0.043	0.365203761755486	0.434169278996865	0.300795491396508
1	2948	null_2947	H	L	843	835	212	0	0	110	1890	null_2947_L	0.055	0.666137566137566	0.890476190476191	0.44673693345651
1	2949	null_2948	H	L	766	845	279	0	0	110	1890	null_2948_L	0.055	0.742328042328042	1.03756613756614	0.486515215139554
1	2950	null_2949	H	L	1172	643	86	0	0	99	1901	null_2949_L	0.0495	0.42872172540768	0.519200420831142	0.335398102994603
1	2951	null_2950	L	H	1463	413	30	0	0	94	1906	null_2950_H	0.047	0.248163693599161	0.279643231899266	0.218058013078487
1	2952	null_2951	L	H	1642	258	4	0	0	96	1904	null_2951_H	0.048	0.139705882352941	0.14390756302521	0.124389829461196
1	2953	null_2952	L	H	1379	481	42	0	0	98	1902	null_2952_H	0.049	0.297055730809674	0.341219768664564	0.252977661457694
1	2954	null_2953	L	H	535	965	408	0	0	92	1908	null_2953_H	0.046	0.933438155136268	1.36111111111111	0.489804321646911
1	2955	null_2954	H	L	1467	410	25	0	0	98	1902	null_2954_L	0.049	0.241850683491062	0.26813880126183	0.209647048156736
1	2956	null_2955	H	L	795	884	221	0	0	100	1900	null_2955_L	0.05	0.697894736842105	0.930526315789474	0.443469252077562
1	2957	null_2956	H	L	1444	414	33	0	0	109	1891	null_2956_L	0.0545	0.253833950290851	0.288736118455843	0.224304444135585
1	2958	null_2957	L	H	630	927	333	0	0	110	1890	null_2957_H	0.055	0.842857142857143	1.1952380952381	0.484829931972789
1	2959	null_2958	H	L	1086	709	112	0	0	93	1907	null_2958_L	0.0465	0.489250131095962	0.606712113266911	0.367346422489495
1	2960	null_2959	L	H	1134	672	98	0	0	96	1904	null_2959_H	0.048	0.455882352941176	0.558823529411765	0.350994809688581
1	2961	null_2960	L	H	1335	516	42	0	0	107	1893	null_2960_H	0.0535	0.316957210776545	0.361331220285262	0.260869346822014
1	2962	null_2961	L	H	1286	557	49	0	0	108	1892	null_2961_H	0.054	0.346194503171247	0.397991543340381	0.278140909314394
1	2963	null_2962	H	L	1286	536	75	0	0	103	1897	null_2962_L	0.0515	0.361623616236162	0.440695835529784	0.309924195710065
1	2964	null_2963	L	H	1554	332	20	0	0	94	1906	null_2963_H	0.047	0.195173137460651	0.216159496327387	0.178066942741153
1	2965	null_2964	H	L	1549	339	11	0	0	101	1899	null_2964_L	0.0505	0.190100052659294	0.201685097419695	0.165547067398628
1	2966	null_2965	H	L	858	824	208	0	0	110	1890	null_2965_L	0.055	0.656084656084656	0.876190476190476	0.445743400240755
1	2967	null_2966	H	L	594	915	390	0	0	101	1899	null_2966_L	0.0505	0.892575039494471	1.30331753554502	0.506627334416468
1	2968	null_2967	L	H	1534	341	35	0	0	90	1910	null_2967_H	0.045	0.215183246073298	0.251832460732984	0.205528631342343
1	2969	null_2968	H	L	1374	478	49	0	0	99	1901	null_2968_L	0.0495	0.302998421883219	0.354550236717517	0.262742193053796
1	2970	null_2969	L	H	478	935	478	0	0	109	1891	null_2969_H	0.0545	1	1.50555261766261	0.505552617662612
1	2971	null_2970	H	L	552	943	412	0	0	93	1907	null_2970_L	0.0465	0.926586261143157	1.35867855270058	0.500116453361323
1	2972	null_2971	L	H	697	906	294	0	0	103	1897	null_2971_H	0.0515	0.78755930416447	1.09752240379547	0.477272746219442
1	2973	null_2972	H	L	524	939	408	0	0	129	1871	null_2972_L	0.0645	0.938001068947087	1.37413148049172	0.494285475145838
1	2974	null_2973	L	H	630	897	368	0	0	105	1895	null_2973_H	0.0525	0.861741424802111	1.25013192612137	0.5075336429014
1	2975	null_2974	L	H	1007	734	146	0	0	113	1887	null_2974_H	0.0565	0.543720190779014	0.698463169051404	0.402831523190637
1	2976	null_2975	H	L	1102	690	105	0	0	103	1897	null_2975_L	0.0515	0.474433315761729	0.585134422772799	0.360047451668131
1	2977	null_2976	L	H	724	877	312	0	0	87	1913	null_2976_H	0.0435	0.78463146889702	1.11082070047047	0.495174158486969
1	2978	null_2977	L	H	890	828	188	0	0	94	1906	null_2977_H	0.047	0.631689401888772	0.828961175236097	0.429929674777502
1	2979	null_2978	H	L	894	817	187	0	0	102	1898	null_2978_L	0.051	0.627502634351949	0.824552160168599	0.430792604049962
1	2980	null_2979	H	L	704	911	284	0	0	101	1899	null_2979_L	0.0505	0.778830963665087	1.07793575566087	0.471358085697386
1	2981	null_2980	H	L	595	908	376	0	0	121	1879	null_2980_L	0.0605	0.883448642895157	1.28366152208622	0.503180017452921
1	2982	null_2981	H	L	1535	345	16	0	0	104	1896	null_2981_L	0.052	0.198839662447257	0.215717299578059	0.17618008821592
1	2983	null_2982	L	H	584	947	379	0	0	90	1910	null_2982_H	0.045	0.892670157068063	1.28952879581152	0.492668786491598
1	2984	null_2983	H	L	1100	681	119	0	0	100	1900	null_2983_L	0.05	0.483684210526316	0.608947368421053	0.374996952908587
1	2985	null_2984	H	L	841	831	230	0	0	98	1902	null_2984_L	0.049	0.67875920084122	0.920609884332282	0.459895831605671
1	2986	null_2985	H	L	1368	477	35	0	0	120	1880	null_2985_L	0.06	0.290957446808511	0.328191489361702	0.243535253508375
1	2987	null_2986	H	L	555	986	372	0	0	87	1913	null_2986_L	0.0435	0.904338734971249	1.2932566649242	0.475428117354803
1	2988	null_2987	H	L	889	821	201	0	0	89	1911	null_2987_L	0.0445	0.639979068550497	0.850340136054422	0.44076692787166
1	2989	null_2988	H	L	464	977	462	0	0	97	1903	null_2988_L	0.0485	0.998949027850762	1.48449816079874	0.486599000554756
1	2990	null_2989	L	H	1701	199	4	0	0	96	1904	null_2989_H	0.048	0.108718487394958	0.112920168067227	0.101100458565779
1	2991	null_2990	H	L	1254	591	68	0	0	87	1913	null_2990_L	0.0435	0.38003136434919	0.4511238891793	0.306700051290193
1	2992	null_2991	H	L	985	762	155	0	0	98	1902	null_2991_L	0.049	0.563617245005258	0.726603575184017	0.4089391763167
1	2993	null_2992	H	L	767	895	233	0	0	105	1895	null_2992_L	0.0525	0.71820580474934	0.964116094986807	0.44829651701116
1	2994	null_2993	H	L	1094	706	95	0	0	105	1895	null_2993_L	0.0525	0.472823218997362	0.573087071240106	0.349525274817079
1	2995	null_2994	H	L	1183	636	79	0	0	102	1898	null_2994_L	0.051	0.418335089567966	0.501580611169652	0.326576364005814
1	2996	null_2995	H	L	844	863	202	0	0	91	1909	null_2995_L	0.0455	0.663698271346255	0.875327396542693	0.434832001154686
1	2997	null_2996	L	H	1158	677	84	0	0	81	1919	null_2996_H	0.0405	0.440333507034914	0.527879103699844	0.333985506282177
1	2998	null_2997	H	L	1190	620	75	0	0	115	1885	null_2997_L	0.0575	0.408488063660477	0.488063660477454	0.321201162324367
1	2999	null_2998	L	H	1561	325	17	0	0	97	1903	null_2998_H	0.0485	0.188649500788229	0.206516027325276	0.170927393177628
1	3000	null_2999	L	H	557	922	428	0	0	93	1907	null_2999_H	0.0465	0.932354483481909	1.38122705820661	0.51194217533779
1	3001	null_3000	H	L	961	792	154	0	0	93	1907	null_3000_L	0.0465	0.576822233875197	0.738332459360252	0.40560856986748
1	3002	null_3001	H	L	1578	312	19	0	0	91	1909	null_3001_L	0.0455	0.183342063907805	0.20324777370351	0.169633461305536
1	3003	null_3002	L	H	500	921	475	0	0	104	1896	null_3002_H	0.052	0.986814345991561	1.48786919831224	0.514066644857484
1	3004	null_3003	L	H	1328	515	52	0	0	105	1895	null_3003_H	0.0525	0.32664907651715	0.381530343007916	0.274830723818408
1	3005	null_3004	H	L	1322	508	66	0	0	104	1896	null_3004_L	0.052	0.337552742616034	0.407172995780591	0.293231141732984
1	3006	null_3005	H	L	1160	632	92	0	0	116	1884	null_3005_L	0.058	0.43312101910828	0.530785562632696	0.343191745439301
1	3007	null_3006	L	H	1199	622	73	0	0	106	1894	null_3006_H	0.053	0.405491024287223	0.482576557550158	0.318153586772657
1	3008	null_3007	L	H	487	968	447	0	0	98	1902	null_3007_H	0.049	0.978969505783386	1.44900105152471	0.490619758270944
1	3009	null_3008	L	H	1145	642	96	0	0	117	1883	null_3008_H	0.0585	0.442910249601699	0.544875199150292	0.348705709948052
1	3010	null_3009	H	L	1218	612	60	0	0	110	1890	null_3009_L	0.055	0.387301587301587	0.450793650793651	0.300791131267322
1	3011	null_3010	H	L	1310	538	46	0	0	106	1894	null_3010_L	0.053	0.332629355860612	0.381203801478353	0.270561513098107
1	3012	null_3011	H	L	1160	650	106	0	0	84	1916	null_3011_L	0.042	0.449895615866388	0.560542797494781	0.358136732318984
1	3013	null_3012	H	L	1240	559	97	0	0	104	1896	null_3012_L	0.052	0.397151898734177	0.499472573839663	0.3417429431715
1	3014	null_3013	H	L	866	857	180	0	0	97	1903	null_3013_L	0.0485	0.63951655281135	0.828691539674199	0.419710118354486
1	3015	null_3014	H	L	729	919	253	0	0	99	1901	null_3014_L	0.0495	0.74960547080484	1.01578116780642	0.453872805945873
1	3016	null_3015	L	H	842	827	225	0	0	106	1894	null_3015_H	0.053	0.674234424498416	0.911826821541711	0.457234762363
1	3017	null_3016	L	H	1572	309	17	0	0	102	1898	null_3016_H	0.051	0.180716543730242	0.198630136986301	0.165971667808497
1	3018	null_3017	H	L	1475	401	27	0	0	97	1903	null_3017_L	0.0485	0.239096163951655	0.267472411981083	0.210305436364686
1	3019	null_3018	H	L	835	840	209	0	0	116	1884	null_3018_L	0.058	0.667728237791932	0.889596602972399	0.44373560342768
1	3020	null_3019	H	L	567	941	395	0	0	97	1903	null_3019_L	0.0485	0.909616395165528	1.32475039411456	0.497348407760626
1	3021	null_3020	H	L	1248	599	51	0	0	102	1898	null_3020_L	0.051	0.369336143308746	0.423076923076923	0.286667736322744
1	3022	null_3021	H	L	868	828	210	0	0	94	1906	null_3021_L	0.047	0.654774396642183	0.875131164742917	0.446401654244783
1	3023	null_3022	L	H	1491	358	31	0	0	120	1880	null_3022_H	0.06	0.223404255319149	0.256382978723404	0.206473517428701
1	3024	null_3023	H	L	1361	496	43	0	0	100	1900	null_3023_L	0.05	0.306315789473684	0.351578947368421	0.257749584487535
1	3025	null_3024	L	H	1391	474	32	0	0	103	1897	null_3024_H	0.0515	0.283605693199789	0.317343173431734	0.236910984216401
1	3026	null_3025	L	H	1475	385	21	0	0	119	1881	null_3025_H	0.0595	0.227006911217438	0.249335459861776	0.197803322121294
1	3027	null_3026	H	L	1277	576	56	0	0	91	1909	null_3026_L	0.0455	0.360398114195914	0.419067574646412	0.289180773930441
1	3028	null_3027	L	H	546	923	444	0	0	87	1913	null_3027_H	0.0435	0.946680606377418	1.41087297438578	0.514668803894666
1	3029	null_3028	L	H	969	764	167	0	0	100	1900	null_3028_H	0.05	0.577894736842105	0.753684210526316	0.41972188365651
1	3030	null_3029	L	H	549	972	383	0	0	96	1904	null_3029_H	0.048	0.91281512605042	1.31512605042017	0.481894596073724
1	3031	null_3030	H	L	1449	412	33	0	0	106	1894	null_3030_L	0.053	0.252375923970433	0.287222808870116	0.223529201870186
1	3032	null_3031	H	L	1362	504	44	0	0	90	1910	null_3031_L	0.045	0.309947643979058	0.356020942408377	0.259953400400208
1	3033	null_3032	H	L	598	907	400	0	0	95	1905	null_3032_L	0.0475	0.896062992125984	1.31601049868766	0.513081612829892
1	3034	null_3033	L	H	1433	434	31	0	0	102	1898	null_3033_H	0.051	0.261327713382508	0.293993677555321	0.225701503773591
1	3035	null_3034	L	H	1001	769	138	0	0	92	1908	null_3034_H	0.046	0.54769392033543	0.692348008385744	0.392379378013352
1	3036	null_3035	H	L	1485	384	25	0	0	106	1894	null_3035_L	0.053	0.229144667370644	0.255543822597677	0.203036544013274
1	3037	null_3036	H	L	862	817	203	0	0	118	1882	null_3036_L	0.059	0.649840595111583	0.865568544102019	0.443275745047042
1	3038	null_3037	L	H	1223	599	91	0	0	87	1913	null_3037_H	0.0435	0.408259278619969	0.503397804495557	0.33672216591626
1	3039	null_3038	H	L	577	932	386	0	0	105	1895	null_3038_L	0.0525	0.899208443271768	1.3065963060686	0.498020481617366
1	3040	null_3039	H	L	519	963	416	0	0	102	1898	null_3039_L	0.051	0.945732349841939	1.3840885142255	0.489678836687945
1	3041	null_3040	H	L	1655	228	8	0	0	109	1891	null_3040_L	0.0545	0.129032258064516	0.137493389740878	0.12084406611965
1	3042	null_3041	H	L	759	904	244	0	0	93	1907	null_3041_L	0.0465	0.729942317776612	0.985841636077609	0.453025848796516
1	3043	null_3042	H	L	602	950	359	0	0	89	1911	null_3042_L	0.0445	0.872841444270016	1.24856096284668	0.48670877601131
1	3044	null_3043	L	H	1256	571	56	0	0	117	1883	null_3043_H	0.0585	0.362719065321296	0.422198619224642	0.290633498877087
1	3045	null_3044	L	H	1638	267	7	0	0	88	1912	null_3044_H	0.044	0.146966527196653	0.15428870292887	0.132689542812626
1	3046	null_3045	L	H	891	827	177	0	0	105	1895	null_3045_H	0.0525	0.623218997361478	0.810026385224274	0.421624466552029
1	3047	null_3046	H	L	1297	542	62	0	0	99	1901	null_3046_L	0.0495	0.350341925302472	0.415570752235665	0.292831287611022
1	3048	null_3047	L	H	1398	466	36	0	0	100	1900	null_3047_H	0.05	0.283157894736842	0.321052631578947	0.240874238227147
1	3049	null_3048	H	L	1072	710	109	0	0	109	1891	null_3048_L	0.0545	0.490745637228979	0.606028556319408	0.365197275860131
1	3050	null_3049	H	L	1242	585	74	0	0	99	1901	null_3049_L	0.0495	0.385586533403472	0.463440294581799	0.314763319839692
1	3051	null_3050	L	H	1235	592	70	0	0	103	1897	null_3050_H	0.0515	0.385872430152873	0.459673168160253	0.310775635808169
1	3052	null_3051	L	H	1518	366	20	0	0	96	1904	null_3051_H	0.048	0.213235294117647	0.234243697478992	0.188774406821552
1	3053	null_3052	H	L	1258	582	56	0	0	104	1896	null_3052_L	0.052	0.366033755274262	0.425105485232068	0.29112477523189
1	3054	null_3053	L	H	779	865	264	0	0	92	1908	null_3053_H	0.046	0.730083857442348	1.00681341719078	0.473790978292877
1	3055	null_3054	L	H	1072	701	127	0	0	100	1900	null_3054_H	0.05	0.502631578947368	0.636315789473684	0.38367728531856
1	3056	null_3055	H	L	1429	448	32	0	0	91	1909	null_3055_L	0.0455	0.268203247773704	0.301728653745416	0.229795671629054
1	3057	null_3056	L	H	1081	698	112	0	0	109	1891	null_3056_H	0.0545	0.487572712850344	0.606028556319408	0.368301406003164
1	3058	null_3057	H	L	548	947	419	0	0	86	1914	null_3057_L	0.043	0.932601880877743	1.37042842215256	0.500682153935856
1	3059	null_3058	L	H	1306	520	62	0	0	112	1888	null_3058_H	0.056	0.341101694915254	0.406779661016949	0.29042929474289
1	3060	null_3059	L	H	870	811	221	0	0	98	1902	null_3059_H	0.049	0.658780231335436	0.891167192429022	0.457175799230651
1	3061	null_3060	L	H	1224	592	79	0	0	105	1895	null_3060_H	0.0525	0.395778364116095	0.479155672823219	0.322515159320807
1	3062	null_3061	H	L	589	962	359	0	0	90	1910	null_3061_L	0.045	0.879581151832461	1.25549738219895	0.481834379540034
1	3063	null_3062	L	H	788	891	231	0	0	90	1910	null_3062_H	0.045	0.708376963350785	0.950261780104712	0.448463857898632
1	3064	null_3063	H	L	1551	336	22	0	0	91	1909	null_3063_L	0.0455	0.199057097957046	0.222105814562598	0.182482086315517
1	3065	null_3064	L	H	1167	628	99	0	0	106	1894	null_3064_H	0.053	0.436114044350581	0.54065469904963	0.35045923936981
1	3066	null_3065	L	H	779	880	241	0	0	100	1900	null_3065_H	0.05	0.716842105263158	0.970526315789474	0.456663711911357
1	3067	null_3066	L	H	1153	645	114	0	0	88	1912	null_3066_H	0.044	0.456589958158996	0.575836820083682	0.367362430192048
1	3068	null_3067	H	L	1381	478	40	0	0	101	1899	null_3067_L	0.0505	0.293838862559242	0.335966298051606	0.249625020901497
1	3069	null_3068	L	H	487	978	438	0	0	97	1903	null_3068_H	0.0485	0.974251182343668	1.43457698370993	0.485411617411897
1	3070	null_3069	H	L	1119	683	90	0	0	108	1892	null_3069_L	0.054	0.456131078224102	0.551268498942918	0.343212938421036
1	3071	null_3070	L	H	596	940	378	0	0	86	1914	null_3070_H	0.043	0.886102403343783	1.28108672936259	0.495909260150964
1	3072	null_3071	L	H	1592	302	11	0	0	95	1905	null_3071_H	0.0475	0.17007874015748	0.181627296587927	0.152700518734371
1	3073	null_3072	H	L	723	896	282	0	0	99	1901	null_3072_L	0.0495	0.76801683324566	1.06470278800631	0.47485293185762
1	3074	null_3073	L	H	773	876	254	0	0	97	1903	null_3073_H	0.0485	0.727272727272727	0.994219653179191	0.46529403334448
1	3075	null_3074	L	H	1556	329	17	0	0	98	1902	null_3074_H	0.049	0.190851735015773	0.208727655099895	0.172303270341364
1	3076	null_3075	H	L	600	949	339	0	0	112	1888	null_3075_L	0.056	0.861758474576271	1.2208686440678	0.478240975563775
1	3077	null_3076	L	H	718	886	283	0	0	113	1887	null_3076_H	0.0565	0.769475357710652	1.06942236354001	0.477330037416075
1	3078	null_3077	H	L	832	847	229	0	0	92	1908	null_3077_L	0.046	0.683962264150943	0.924004192872117	0.456199814089633
1	3079	null_3078	L	H	1566	315	18	0	0	101	1899	null_3078_H	0.0505	0.184834123222749	0.203791469194313	0.169627816086791
1	3080	null_3079	L	H	692	902	300	0	0	106	1894	null_3079_H	0.053	0.793030623020063	1.10982048574446	0.480922916696867
1	3081	null_3080	H	L	1035	734	149	0	0	82	1918	null_3080_L	0.041	0.538060479666319	0.693430656934307	0.403921577155557
1	3082	null_3081	L	H	888	829	179	0	0	104	1896	null_3081_H	0.052	0.626054852320675	0.814873417721519	0.422928739607257
1	3083	null_3082	L	H	899	826	168	0	0	107	1893	null_3082_H	0.0535	0.613840464870576	0.791336502905441	0.414536386592917
1	3084	null_3083	L	H	885	833	189	0	0	93	1907	null_3083_H	0.0465	0.635028841111694	0.83324593602517	0.42998430698151
1	3085	null_3084	L	H	1062	754	109	0	0	75	1925	null_3084_H	0.0375	0.504935064935065	0.618181818181818	0.36322239838084
1	3086	null_3085	H	L	1241	600	67	0	0	92	1908	null_3085_L	0.046	0.384696016771489	0.454926624737946	0.306935599418096
1	3087	null_3086	L	H	539	952	417	0	0	92	1908	null_3086_H	0.046	0.936058700209644	1.37316561844864	0.49695972821047
1	3088	null_3087	L	H	1057	715	118	0	0	110	1890	null_3087_H	0.055	0.503174603174603	0.628042328042328	0.374857646762409
1	3089	null_3088	H	L	700	971	241	0	0	88	1912	null_3088_L	0.044	0.759937238493724	1.01202928870293	0.434524682253462
1	3090	null_3089	H	L	1691	196	9	0	0	104	1896	null_3089_L	0.052	0.112869198312236	0.122362869198312	0.109623413270665
1	3091	null_3090	L	H	615	949	322	0	0	114	1886	null_3090_H	0.057	0.844644750795334	1.18610816542948	0.472683410383368
1	3092	null_3091	L	H	1419	447	35	0	0	99	1901	null_3091_H	0.0495	0.271962125197265	0.308784850078906	0.234821452537093
1	3093	null_3092	H	L	591	925	396	0	0	88	1912	null_3092_L	0.044	0.898012552301255	1.31223849372385	0.505811949633235
1	3094	null_3093	L	H	1425	434	44	0	0	97	1903	null_3093_H	0.0485	0.27430373095113	0.320546505517604	0.245303968703894
1	3095	null_3094	L	H	776	902	209	0	0	113	1887	null_3094_H	0.0565	0.699523052464229	0.921038685744568	0.431706184815696
1	3096	null_3095	L	H	711	901	282	0	0	106	1894	null_3095_H	0.053	0.773495248152059	1.07127771911299	0.472982820199173
1	3097	null_3096	L	H	983	781	159	0	0	77	1923	null_3096_H	0.0385	0.571502860114405	0.736869474778991	0.410253955660046
1	3098	null_3097	L	H	954	805	142	0	0	99	1901	null_3097_H	0.0495	0.572856391372962	0.722251446607049	0.394087001470197
1	3099	null_3098	L	H	1284	547	65	0	0	104	1896	null_3098_H	0.052	0.357067510548523	0.425632911392405	0.298135704303085
1	3100	null_3099	L	H	1036	735	139	0	0	90	1910	null_3099_H	0.045	0.530366492146597	0.675916230366492	0.394627614374606
1	3101	null_3100	L	H	767	902	224	0	0	107	1893	null_3100_H	0.0535	0.713153724247227	0.949815108293714	0.441226873886024
1	3102	null_3101	H	L	1211	614	92	0	0	83	1917	null_3101_L	0.0415	0.416275430359937	0.51225873761085	0.338973503689499
1	3103	null_3102	L	H	547	986	388	0	0	79	1921	null_3102_H	0.0395	0.917230609057782	1.32118688183238	0.479874891639868
1	3104	null_3103	L	H	1024	740	132	0	0	104	1896	null_3103_H	0.052	0.529535864978903	0.668776371308017	0.388368139009062
1	3105	null_3104	L	H	865	819	214	0	0	102	1898	null_3104_H	0.051	0.657007376185458	0.882507903055848	0.450849210693748
1	3106	null_3105	L	H	754	894	254	0	0	98	1902	null_3105_H	0.049	0.737118822292324	1.00420609884332	0.4608619406657
1	3107	null_3106	L	H	614	964	318	0	0	104	1896	null_3106_H	0.052	0.843881856540084	1.17932489451477	0.467188306717228
1	3108	null_3107	H	L	730	928	254	0	0	88	1912	null_3107_L	0.044	0.751046025104603	1.01673640167364	0.452666269848217
1	3109	null_3108	H	L	1372	481	36	0	0	111	1889	null_3108_L	0.0555	0.292747485442033	0.330862890418211	0.245161800185578
1	3110	null_3109	L	H	1255	590	53	0	0	102	1898	null_3109_H	0.051	0.366701791359326	0.422550052687039	0.288079848900901
1	3111	null_3110	H	L	1155	656	92	0	0	97	1903	null_3110_L	0.0485	0.441408302679979	0.538097740409879	0.343256450735059
1	3112	null_3111	L	H	954	776	176	0	0	94	1906	null_3111_H	0.047	0.591815320041973	0.776495278069255	0.426249905032872
1	3113	null_3112	H	L	964	781	155	0	0	100	1900	null_3112_L	0.05	0.57421052631579	0.737368421052632	0.407650692520776
1	3114	null_3113	L	H	733	922	255	0	0	90	1910	null_3113_H	0.045	0.749738219895288	1.01675392670157	0.454646528329815
1	3115	null_3114	H	L	1691	187	6	0	0	116	1884	null_3114_L	0.058	0.105626326963907	0.111995753715499	0.100838832767613
1	3116	null_3115	L	H	831	851	217	0	0	101	1899	null_3115_H	0.0505	0.676671932596103	0.90521327014218	0.447328365778835
1	3117	null_3116	H	L	640	921	350	0	0	89	1911	null_3116_L	0.0445	0.848246991104134	1.2145473574045	0.495024399487284
1	3118	null_3117	L	H	663	952	301	0	0	84	1916	null_3117_H	0.042	0.811064718162839	1.12526096033403	0.467434983285464
1	3119	null_3118	H	L	783	863	253	0	0	101	1899	null_3118_L	0.0505	0.720905739863086	0.987361769352291	0.467656683584748
1	3120	null_3119	L	H	1578	298	14	0	0	110	1890	null_3119_H	0.055	0.172486772486773	0.187301587301587	0.157549900618684
1	3121	null_3120	H	L	1296	558	51	0	0	95	1905	null_3120_L	0.0475	0.346456692913386	0.4	0.27996775993552
1	3122	null_3121	H	L	545	990	370	0	0	95	1905	null_3121_L	0.0475	0.908136482939632	1.29658792650919	0.471876054863221
1	3123	null_3122	H	L	1377	481	46	0	0	96	1904	null_3122_L	0.048	0.300945378151261	0.349264705882353	0.258696585251748
1	3124	null_3123	L	H	1502	386	17	0	0	95	1905	null_3123_H	0.0475	0.220472440944882	0.238320209973753	0.189712112757559
1	3125	null_3124	H	L	1103	703	99	0	0	95	1905	null_3124_L	0.0475	0.472965879265092	0.576902887139108	0.353206164190106
1	3126	null_3125	L	H	833	860	203	0	0	104	1896	null_3125_H	0.052	0.667721518987342	0.881856540084388	0.436004513165625
1	3127	null_3126	L	H	563	942	373	0	0	122	1878	null_3126_H	0.061	0.898828541001065	1.29605963791267	0.48816689179457
1	3128	null_3127	L	H	983	746	173	0	0	98	1902	null_3127_H	0.049	0.574132492113565	0.756046267087277	0.426418148586744
1	3129	null_3128	H	L	1129	676	100	0	0	95	1905	null_3128_L	0.0475	0.459842519685039	0.564829396325459	0.353374253415174
1	3130	null_3129	L	H	697	882	330	0	0	91	1909	null_3129_H	0.0455	0.807752750130959	1.15348349921425	0.501018993870121
1	3131	null_3130	H	L	1276	571	60	0	0	93	1907	null_3130_L	0.0465	0.362349239643419	0.425275301520713	0.293978330050549
1	3132	null_3131	H	L	464	997	445	0	0	94	1906	null_3131_L	0.047	0.9900314795383	1.45697796432319	0.476815633846394
1	3133	null_3132	L	H	1116	678	104	0	0	102	1898	null_3132_H	0.051	0.466807165437303	0.576396206533193	0.358487276829584
1	3134	null_3133	L	H	804	849	247	0	0	100	1900	null_3133_H	0.05	0.706842105263158	0.966842105263158	0.467216343490305
1	3135	null_3134	L	H	807	856	236	0	0	101	1899	null_3134_H	0.0505	0.699315429173249	0.947867298578199	0.458825229098434
1	3136	null_3135	H	L	673	953	283	0	0	91	1909	null_3135_L	0.0455	0.795704557359874	1.09219486642221	0.459049123818937
1	3137	null_3136	H	L	1038	733	122	0	0	107	1893	null_3136_L	0.0535	0.516111991547808	0.645007923930269	0.378636336110825
1	3138	null_3137	L	H	1491	388	32	0	0	89	1911	null_3137_H	0.0445	0.236525379382522	0.270015698587127	0.214071443495081
1	3139	null_3138	H	L	603	944	349	0	0	104	1896	null_3138_L	0.052	0.866033755274262	1.23417721518987	0.484162749915434
1	3140	null_3139	H	L	1553	333	16	0	0	98	1902	null_3139_L	0.049	0.191903259726604	0.208727655099895	0.171900794006199
1	3141	null_3140	L	H	874	817	217	0	0	92	1908	null_3140_H	0.046	0.655660377358491	0.883123689727463	0.453233159289585
1	3142	null_3141	H	L	595	900	397	0	0	108	1892	null_3141_L	0.054	0.895348837209302	1.31501057082452	0.513361030532475
1	3143	null_3142	L	H	754	888	271	0	0	87	1913	null_3142_H	0.0435	0.747516989022478	1.03084161003659	0.472059961159361
1	3144	null_3143	L	H	1133	674	96	0	0	97	1903	null_3143_H	0.0485	0.455070940620074	0.555964266946926	0.348874705950087
1	3145	null_3144	H	L	1543	335	16	0	0	106	1894	null_3144_L	0.053	0.19376979936642	0.210665258711721	0.173118523565218
1	3146	null_3145	L	H	1627	269	15	0	0	89	1911	null_3145_H	0.0445	0.156462585034014	0.172161172161172	0.147680631645646
1	3147	null_3146	L	H	1164	641	102	0	0	93	1907	null_3146_H	0.0465	0.443104352385947	0.550078657577347	0.353737190473978
1	3148	null_3147	H	L	1147	671	86	0	0	96	1904	null_3147_L	0.048	0.442752100840336	0.533088235294118	0.337058812495586
1	3149	null_3148	H	L	1141	665	90	0	0	104	1896	null_3148_L	0.052	0.445675105485232	0.540611814345992	0.341985514696719
1	3150	null_3149	H	L	1023	726	141	0	0	110	1890	null_3149_L	0.055	0.533333333333333	0.682539682539683	0.398095238095238
1	3151	null_3150	L	H	1588	296	14	0	0	102	1898	null_3150_H	0.051	0.170706006322445	0.185458377239199	0.156317836644641
1	3152	null_3151	H	L	882	844	175	0	0	99	1901	null_3151_L	0.0495	0.628090478695424	0.81220410310363	0.417706453675784
1	3153	null_3152	L	H	1205	634	79	0	0	82	1918	null_3152_H	0.041	0.412930135557873	0.495307612095933	0.32479631524409
1	3154	null_3153	L	H	1416	436	34	0	0	114	1886	null_3153_H	0.057	0.267232237539767	0.303287380699894	0.231874311919384
1	3155	null_3154	H	L	1361	488	47	0	0	104	1896	null_3154_L	0.052	0.306962025316456	0.356540084388186	0.262314399401805
1	3156	null_3155	L	H	877	841	180	0	0	102	1898	null_3155_H	0.051	0.63277133825079	0.822444678609062	0.422045112097366
1	3157	null_3156	H	L	1486	377	21	0	0	116	1884	null_3156_L	0.058	0.2223991507431	0.244692144373673	0.195230762122421
1	3158	null_3157	H	L	1393	443	40	0	0	124	1876	null_3157_L	0.062	0.278784648187633	0.321428571428571	0.243707691363469
1	3159	null_3158	H	L	491	951	456	0	0	102	1898	null_3158_L	0.051	0.981559536354057	1.46206533192835	0.498606208520755
1	3160	null_3159	H	L	1670	228	4	0	0	98	1902	null_3159_L	0.049	0.124079915878023	0.128286014721346	0.112890189197049
1	3161	null_3160	H	L	1291	532	65	0	0	112	1888	null_3160_L	0.056	0.350635593220339	0.419491525423729	0.29654620619075
1	3162	null_3161	H	L	1549	318	19	0	0	114	1886	null_3161_L	0.057	0.188759278897137	0.208907741251326	0.173277675881559
1	3163	null_3162	L	H	1144	649	114	0	0	93	1907	null_3162_H	0.0465	0.459884635553225	0.579444153120084	0.367950275102161
1	3164	null_3163	L	H	1515	369	20	0	0	96	1904	null_3163_H	0.048	0.214810924369748	0.235819327731092	0.189675594502507
1	3165	null_3164	H	L	1416	437	47	0	0	100	1900	null_3164_L	0.05	0.279473684210526	0.328947368421053	0.250841828254848
1	3166	null_3165	H	L	1473	398	31	0	0	98	1902	null_3165_L	0.049	0.241850683491062	0.274447949526814	0.21595619642172
1	3167	null_3166	L	H	1083	716	127	0	0	74	1926	null_3166_H	0.037	0.503634475597092	0.635514018691589	0.38186633368163
1	3168	null_3167	L	H	780	883	254	0	0	83	1917	null_3167_H	0.0415	0.725612936880543	0.990610328638498	0.464096194470091
1	3169	null_3168	H	L	1384	462	44	0	0	110	1890	null_3168_L	0.055	0.291005291005291	0.337566137566138	0.252882058173064
1	3170	null_3169	H	L	1282	554	52	0	0	112	1888	null_3169_L	0.056	0.348516949152542	0.403601694915254	0.282137631068658
1	3171	null_3170	L	H	993	797	129	0	0	81	1919	null_3170_H	0.0405	0.549765502866076	0.68421052631579	0.3819684181742
1	3172	null_3171	H	L	786	862	251	0	0	101	1899	null_3171_L	0.0505	0.718272775144813	0.9826224328594	0.466706653345169
1	3173	null_3172	L	H	1486	388	20	0	0	106	1894	null_3172_H	0.053	0.2259767687434	0.247096092925026	0.196030592913318
1	3174	null_3173	H	L	529	958	413	0	0	100	1900	null_3173_L	0.05	0.938947368421053	1.37368421052632	0.492062049861496
1	3175	null_3174	H	L	1029	723	142	0	0	106	1894	null_3174_L	0.053	0.531678986272439	0.681626187961985	0.398943643518297
1	3176	null_3175	L	H	1160	641	93	0	0	106	1894	null_3175_H	0.053	0.436642027455121	0.534846884899683	0.344190624759564
1	3177	null_3176	H	L	1200	622	82	0	0	96	1904	null_3176_L	0.048	0.41281512605042	0.498949579831933	0.328533251535909
1	3178	null_3177	L	H	763	872	249	0	0	116	1884	null_3177_H	0.058	0.727176220806794	0.991507430997877	0.462722174891026
1	3179	null_3178	H	L	1337	517	35	0	0	111	1889	null_3178_L	0.0555	0.310746426680784	0.347803070407623	0.251239728712748
1	3180	null_3179	H	L	655	934	312	0	0	99	1901	null_3179_L	0.0495	0.819568648079958	1.14781693845345	0.476124169537836
1	3181	null_3180	H	L	758	883	259	0	0	100	1900	null_3180_L	0.05	0.737368421052632	1.01	0.466287811634349
1	3182	null_3181	H	L	1461	414	33	0	0	92	1908	null_3181_L	0.046	0.251572327044025	0.286163522012579	0.222874886278233
1	3183	null_3182	L	H	1082	701	126	0	0	91	1909	null_3182_H	0.0455	0.499214248297538	0.631220534311158	0.382005668607882
1	3184	null_3183	H	L	786	887	224	0	0	103	1897	null_3183_L	0.0515	0.703742751713231	0.939905113336848	0.444651252747937
1	3185	null_3184	H	L	603	939	344	0	0	114	1886	null_3184_L	0.057	0.862672322375398	1.22746553552492	0.483261999732358
1	3186	null_3185	L	H	864	821	200	0	0	115	1885	null_3185_H	0.0575	0.647745358090186	0.859946949602122	0.440372900674739
1	3187	null_3186	H	L	747	918	238	0	0	97	1903	null_3186_L	0.0485	0.732527588018917	0.982658959537572	0.446062292328759
1	3188	null_3187	H	L	703	885	316	0	0	96	1904	null_3187_L	0.048	0.796743697478992	1.12867647058824	0.493875951115741
1	3189	null_3188	H	L	513	948	440	0	0	99	1901	null_3188_L	0.0495	0.961599158337717	1.42451341399264	0.49984047267683
1	3190	null_3189	L	H	504	980	408	0	0	108	1892	null_3189_H	0.054	0.949260042283298	1.38054968287526	0.479455054999576
1	3191	null_3190	H	L	820	878	217	0	0	85	1915	null_3190_L	0.0425	0.685117493472585	0.911749347258486	0.442363367396328
1	3192	null_3191	L	H	1401	442	34	0	0	123	1877	null_3191_H	0.0615	0.271710175812467	0.307938199254129	0.234111779614087
1	3193	null_3192	L	H	1327	510	59	0	0	104	1896	null_3192_H	0.052	0.331223628691983	0.393459915611814	0.28375082340793
1	3194	null_3193	L	H	1273	567	78	0	0	82	1918	null_3193_H	0.041	0.376955161626694	0.458289885297185	0.316194691420177
1	3195	null_3194	H	L	1669	230	8	0	0	93	1907	null_3194_L	0.0465	0.128998426848453	0.137388568432092	0.120747974302717
1	3196	null_3195	L	H	712	921	277	0	0	90	1910	null_3195_H	0.045	0.772251308900524	1.06230366492147	0.465931580822894
1	3197	null_3196	H	L	1533	354	17	0	0	96	1904	null_3196_L	0.048	0.203781512605042	0.221638655462185	0.180111750582586
1	3198	null_3197	H	L	857	829	219	0	0	95	1905	null_3197_L	0.0475	0.66509186351706	0.89501312335958	0.452665936442984
1	3199	null_3198	L	H	1034	729	136	0	0	101	1899	null_3198_H	0.0505	0.52711953659821	0.670352817272249	0.392497811408737
1	3200	null_3199	L	H	1014	750	149	0	0	87	1913	null_3199_H	0.0435	0.547830632514375	0.703606900156822	0.403488498235721
1	3201	null_3200	H	L	934	820	157	0	0	89	1911	null_3200_L	0.0445	0.593406593406593	0.757718472004186	0.405587086905768
1	3202	null_3201	L	H	616	911	355	0	0	118	1882	null_3201_H	0.059	0.861317747077577	1.23857598299681	0.496707721566019
1	3203	null_3202	H	L	1414	450	31	0	0	105	1895	null_3202_L	0.0525	0.270184696569921	0.302902374670185	0.229902604409605
1	3204	null_3203	H	L	1719	176	11	0	0	94	1906	null_3203_L	0.047	0.103882476390346	0.115424973767051	0.104633404866061
1	3205	null_3204	L	H	1250	585	68	0	0	97	1903	null_3204_H	0.0485	0.378875459800315	0.450341565948502	0.306794951909602
1	3206	null_3205	H	L	1177	633	90	0	0	100	1900	null_3205_L	0.05	0.427894736842105	0.522631578947368	0.339537673130194
1	3207	null_3206	H	L	639	900	340	0	0	121	1879	null_3206_L	0.0605	0.840872804683342	1.20276742948377	0.495700355827738
1	3208	null_3207	L	H	576	917	396	0	0	111	1889	null_3207_H	0.0555	0.904711487559555	1.32398094229751	0.505478066575289
1	3209	null_3208	H	L	565	947	382	0	0	106	1894	null_3208_L	0.053	0.90337909186906	1.30675818373812	0.490664400111952
1	3210	null_3209	H	L	491	980	415	0	0	114	1886	null_3209_L	0.057	0.959703075291623	1.39978791092259	0.47875791819839
1	3211	null_3210	L	H	1153	648	97	0	0	102	1898	null_3210_H	0.051	0.443624868282403	0.545837723919916	0.349034700161337
1	3212	null_3211	L	H	1204	632	75	0	0	89	1911	null_3211_H	0.0445	0.409209837781266	0.487702773417059	0.320250082080089
1	3213	null_3212	L	H	939	799	174	0	0	88	1912	null_3212_H	0.044	0.59989539748954	0.781903765690377	0.422029277761244
1	3214	null_3213	L	H	1466	417	25	0	0	92	1908	null_3213_H	0.046	0.24475890985325	0.270964360587002	0.211057436634451
1	3215	null_3214	L	H	1665	231	14	0	0	90	1910	null_3214_H	0.045	0.135602094240838	0.150261780104712	0.131873852142211
1	3216	null_3215	L	H	1412	453	41	0	0	94	1906	null_3215_H	0.047	0.280692549842602	0.323714585519412	0.244926277982271
1	3217	null_3216	H	L	845	871	200	0	0	84	1916	null_3216_L	0.042	0.663361169102297	0.872129436325679	0.432081395652913
1	3218	null_3217	H	L	1529	349	19	0	0	103	1897	null_3217_L	0.0515	0.204006325777543	0.224037954665261	0.182419373708008
1	3219	null_3218	H	L	832	854	216	0	0	98	1902	null_3218_L	0.049	0.676130389064143	0.903259726603575	0.446107423587546
1	3220	null_3219	L	H	1447	410	36	0	0	107	1893	null_3219_H	0.0535	0.254622292657158	0.292657157950343	0.227824646032356
1	3221	null_3220	L	H	529	968	397	0	0	106	1894	null_3220_H	0.053	0.930306230200634	1.34952481520591	0.484055133255799
1	3222	null_3221	H	L	1236	597	62	0	0	105	1895	null_3221_L	0.0525	0.380474934036939	0.445910290237467	0.301149114807054
1	3223	null_3222	H	L	854	823	201	0	0	122	1878	null_3222_L	0.061	0.652289669861555	0.866347177848775	0.440865364440679
1	3224	null_3223	L	H	597	898	401	0	0	104	1896	null_3223_H	0.052	0.89662447257384	1.31962025316456	0.515684808346241
1	3225	null_3224	L	H	1513	363	23	0	0	101	1899	null_3224_H	0.0505	0.215376513954713	0.239599789362823	0.193212746599538
1	3226	null_3225	H	L	1131	669	98	0	0	102	1898	null_3225_L	0.051	0.455742887249737	0.559009483667018	0.351307904388292
1	3227	null_3226	L	H	1195	628	74	0	0	103	1897	null_3226_H	0.0515	0.409066947812335	0.487084870848709	0.319749103056209
1	3228	null_3227	L	H	555	900	446	0	0	99	1901	null_3227_H	0.0495	0.942661756970016	1.4118884797475	0.523277291693704
1	3229	null_3228	H	L	1461	424	29	0	0	86	1914	null_3228_L	0.043	0.251828631138976	0.282131661442006	0.218714001980676
1	3230	null_3229	L	H	1392	461	42	0	0	105	1895	null_3229_H	0.0525	0.287598944591029	0.331926121372032	0.249212968442158
1	3231	null_3230	H	L	1332	513	54	0	0	101	1899	null_3230_L	0.0505	0.327014218009479	0.383886255924171	0.27694795714382
1	3232	null_3231	L	H	942	768	178	0	0	112	1888	null_3231_H	0.056	0.595338983050847	0.783898305084746	0.429469800344729
1	3233	null_3232	L	H	514	951	416	0	0	119	1881	null_3232_H	0.0595	0.947900053163211	1.39021796916534	0.491703458378519
1	3234	null_3233	L	H	726	918	264	0	0	92	1908	null_3233_H	0.046	0.757861635220126	1.03459119496855	0.460236936830031
1	3235	null_3234	H	L	1446	425	33	0	0	96	1904	null_3234_L	0.048	0.257878151260504	0.292542016806723	0.226040875909187
1	3236	null_3235	L	H	1058	708	134	0	0	100	1900	null_3235_H	0.05	0.513684210526316	0.654736842105263	0.390865373961219
1	3237	null_3236	L	H	1441	437	33	0	0	89	1911	null_3236_H	0.0445	0.263212977498692	0.297749869178441	0.228468797654714
1	3238	null_3237	L	H	974	741	165	0	0	120	1880	null_3237_H	0.06	0.56968085106383	0.745212765957447	0.420676493888637
1	3239	null_3238	L	H	1650	232	10	0	0	108	1892	null_3238_H	0.054	0.133192389006343	0.143763213530655	0.126023001041439
1	3240	null_3239	L	H	703	917	270	0	0	110	1890	null_3239_H	0.055	0.770899470899471	1.05661375661376	0.462327762380672
1	3241	null_3240	L	H	571	970	344	0	0	115	1885	null_3240_H	0.0575	0.879575596816976	1.24456233421751	0.470909103701567
1	3242	null_3241	H	L	950	779	175	0	0	96	1904	null_3241_L	0.048	0.59296218487395	0.776785714285714	0.425181561595226
1	3243	null_3242	H	L	537	907	441	0	0	115	1885	null_3242_L	0.0575	0.949071618037135	1.41697612732096	0.516239191157329
1	3244	null_3243	L	H	1063	724	117	0	0	96	1904	null_3243_H	0.048	0.503151260504202	0.626050420168067	0.3728892292211
1	3245	null_3244	L	H	1554	325	19	0	0	102	1898	null_3244_H	0.051	0.191253951527924	0.21127502634352	0.174696952368474
1	3246	null_3245	L	H	1586	307	9	0	0	98	1902	null_3245_H	0.049	0.17087276550999	0.180336487907466	0.151138985914434
1	3247	null_3246	L	H	1157	646	93	0	0	104	1896	null_3246_H	0.052	0.438818565400844	0.536919831223629	0.344358097883174
1	3248	null_3247	L	H	1086	698	107	0	0	109	1891	null_3247_H	0.0545	0.482284505552618	0.595452141723956	0.362853797427823
1	3249	null_3248	L	H	1033	739	128	0	0	100	1900	null_3248_H	0.05	0.523684210526316	0.658421052631579	0.384175900277008
1	3250	null_3249	H	L	1577	292	19	0	0	112	1888	null_3249_L	0.056	0.17478813559322	0.194915254237288	0.164364361893134
1	3251	null_3250	H	L	1021	737	152	0	0	90	1910	null_3250_L	0.045	0.545026178010471	0.704188481675393	0.407134946958691
1	3252	null_3251	H	L	999	743	142	0	0	116	1884	null_3251_L	0.058	0.545116772823779	0.695859872611465	0.398707576597653
1	3253	null_3252	L	H	1418	443	45	0	0	94	1906	null_3252_H	0.047	0.279643231899266	0.326862539349423	0.248662202202357
1	3254	null_3253	H	L	879	815	203	0	0	103	1897	null_3253_L	0.0515	0.643647865050079	0.857670005271481	0.443387431087957
1	3255	null_3254	L	H	735	889	255	0	0	121	1879	null_3254_H	0.0605	0.744544970729111	1.01596593932943	0.461618725891417
1	3256	null_3255	H	L	1469	416	25	0	0	90	1910	null_3255_L	0.045	0.243979057591623	0.270157068062827	0.210631287519531
1	3257	null_3256	L	H	1380	478	33	0	0	109	1891	null_3256_H	0.0545	0.287678476996298	0.32258064516129	0.239821739034381
1	3258	null_3257	L	H	876	832	186	0	0	106	1894	null_3257_H	0.053	0.635691657866948	0.832101372756072	0.427997488874443
1	3259	null_3258	L	H	765	900	249	0	0	86	1914	null_3258_H	0.043	0.730407523510972	0.990595611285266	0.457100460883836
1	3260	null_3259	L	H	1330	532	48	0	0	90	1910	null_3259_H	0.045	0.328795811518325	0.379057591623037	0.270950905951043
1	3261	null_3260	L	H	999	744	159	0	0	98	1902	null_3260_H	0.049	0.558359621451104	0.725552050473186	0.413786583606166
1	3262	null_3261	H	L	617	922	367	0	0	94	1906	null_3261_L	0.047	0.868835257082896	1.25393494228751	0.499060238337211
1	3263	null_3262	H	L	1653	237	9	0	0	101	1899	null_3262_L	0.0505	0.134281200631912	0.143759873617694	0.125728432774546
1	3264	null_3263	L	H	1326	513	49	0	0	112	1888	null_3263_H	0.056	0.323622881355932	0.375529661016949	0.270797891679833
1	3265	null_3264	H	L	749	882	272	0	0	97	1903	null_3264_L	0.0485	0.749343142406726	1.03520756699947	0.473692421927487
1	3266	null_3265	H	L	1202	622	71	0	0	105	1895	null_3265_L	0.0525	0.403166226912929	0.478100263852243	0.315557257329036
1	3267	null_3266	L	H	1695	187	10	0	0	108	1892	null_3266_H	0.054	0.109408033826638	0.119978858350951	0.108008740485141
1	3268	null_3267	H	L	551	983	373	0	0	93	1907	null_3267_L	0.0465	0.906659674882014	1.29785002621919	0.475818260162034
1	3269	null_3268	L	H	639	934	317	0	0	110	1890	null_3268_H	0.055	0.82962962962963	1.16507936507937	0.476794042719969
1	3270	null_3269	H	L	1402	459	32	0	0	107	1893	null_3269_L	0.0535	0.276281035393555	0.310089804543053	0.233758594024918
1	3271	null_3270	H	L	1175	654	77	0	0	94	1906	null_3270_L	0.047	0.42392444910808	0.504721930745016	0.325009992193427
1	3272	null_3271	H	L	503	966	435	0	0	96	1904	null_3271_L	0.048	0.964285714285714	1.42121848739496	0.491371548619448
1	3273	null_3272	L	H	1236	590	77	0	0	97	1903	null_3272_H	0.0485	0.390961639516553	0.471886495007882	0.319035491434411
1	3274	null_3273	H	L	827	873	218	0	0	82	1918	null_3273_L	0.041	0.682481751824818	0.909801876955162	0.44402053538129
1	3275	null_3274	H	L	1033	722	144	0	0	101	1899	null_3274_L	0.0505	0.531858873091101	0.683517640863613	0.400643779977877
1	3276	null_3275	L	H	1309	532	51	0	0	108	1892	null_3275_H	0.054	0.335095137420719	0.389006342494715	0.276717591371704
1	3277	null_3276	L	H	1505	371	26	0	0	98	1902	null_3276_H	0.049	0.222397476340694	0.249737118822292	0.200276481339583
1	3278	null_3277	L	H	772	898	231	0	0	99	1901	null_3277_H	0.0495	0.715412940557601	0.958442924776433	0.44662724925916
1	3279	null_3278	H	L	675	887	317	0	0	121	1879	null_3278_L	0.0605	0.809473124002129	1.14688664183076	0.491639903348995
1	3280	null_3279	H	L	537	934	428	0	0	101	1899	null_3279_L	0.0505	0.942601369141654	1.39336492890995	0.504867587802233
1	3281	null_3280	H	L	1592	295	12	0	0	101	1899	null_3280_L	0.0505	0.167983149025803	0.180621379673512	0.152403041316887
1	3282	null_3281	L	H	993	752	170	0	0	85	1915	null_3281_H	0.0425	0.57023498694517	0.747780678851175	0.422612738514817
1	3283	null_3282	H	L	741	887	280	0	0	92	1908	null_3282_L	0.046	0.758385744234801	1.05188679245283	0.476737855394257
1	3284	null_3283	H	L	872	841	183	0	0	104	1896	null_3283_L	0.052	0.636603375527426	0.82964135021097	0.424377492478057
1	3285	null_3284	H	L	590	940	383	0	0	87	1913	null_3284_L	0.0435	0.891792995295348	1.29221118661788	0.49691644016003
1	3286	null_3285	L	H	991	756	158	0	0	95	1905	null_3285_H	0.0475	0.562729658792651	0.728608923884515	0.411944254999621
1	3287	null_3286	H	L	1685	207	5	0	0	103	1897	null_3286_L	0.0515	0.114391143911439	0.119662625197681	0.106577291392313
1	3288	null_3287	L	H	1644	249	10	0	0	97	1903	null_3287_H	0.0485	0.141355754072517	0.151865475564898	0.131884026355488
1	3289	null_3288	H	L	1279	557	57	0	0	107	1893	null_3288_L	0.0535	0.35446381405177	0.414685684099313	0.289041088627186
1	3290	null_3289	H	L	1452	410	28	0	0	110	1890	null_3289_L	0.055	0.246560846560847	0.276190476190476	0.215398225133675
1	3291	null_3290	L	H	505	961	440	0	0	94	1906	null_3290_H	0.047	0.965897166841553	1.42759706190976	0.49463972499722
1	3292	null_3291	H	L	997	772	121	0	0	110	1890	null_3291_L	0.055	0.536507936507937	0.664550264550265	0.376709498614261
1	3293	null_3292	H	L	921	796	174	0	0	109	1891	null_3292_L	0.0545	0.604970914859863	0.78900052882073	0.423010720994351
1	3294	null_3293	H	L	591	921	407	0	0	81	1919	null_3293_L	0.0405	0.90411672746222	1.32829598749349	0.510868930616492
1	3295	null_3294	H	L	1544	352	15	0	0	89	1911	null_3294_L	0.0445	0.199895342752486	0.215593929879644	0.17563578182551
1	3296	null_3295	L	H	1639	247	14	0	0	100	1900	null_3295_H	0.05	0.144736842105263	0.159473684210526	0.138524930747922
1	3297	null_3296	H	L	885	846	172	0	0	97	1903	null_3296_L	0.0485	0.625328428796637	0.806095638465581	0.41505999460431
1	3298	null_3297	L	H	1302	538	53	0	0	107	1893	null_3297_H	0.0535	0.340200739566825	0.396196513470682	0.280459970268867
1	3299	null_3298	H	L	1004	743	147	0	0	106	1894	null_3298_L	0.053	0.547518479408659	0.702745512143611	0.402969026849641
1	3300	null_3299	L	H	1123	651	104	0	0	122	1878	null_3299_H	0.061	0.457401490947817	0.568157614483493	0.358941490562207
1	3301	null_3300	L	H	722	900	286	0	0	92	1908	null_3300_H	0.046	0.771488469601677	1.07127882599581	0.476084367267469
1	3302	null_3301	L	H	1593	286	14	0	0	107	1893	null_3301_H	0.0535	0.165874273639725	0.180665610142631	0.153151335487124
1	3303	null_3302	L	H	900	844	168	0	0	88	1912	null_3302_H	0.044	0.617154811715481	0.792887029288703	0.412006967665132
1	3304	null_3303	H	L	512	926	450	0	0	112	1888	null_3303_L	0.056	0.967161016949153	1.44385593220339	0.508455499497271
1	3305	null_3304	H	L	1641	234	13	0	0	112	1888	null_3304_L	0.056	0.13771186440678	0.151483050847458	0.132518493249066
1	3306	null_3305	H	L	894	805	196	0	0	105	1895	null_3305_L	0.0525	0.631662269129288	0.838522427440633	0.439525205199073
1	3307	null_3306	L	H	1549	316	15	0	0	120	1880	null_3306_H	0.06	0.184042553191489	0.2	0.166128338614758
1	3308	null_3307	L	H	1651	242	10	0	0	97	1903	null_3307_H	0.0485	0.137677351550184	0.148187073042564	0.129232019912691
1	3309	null_3308	L	H	926	802	177	0	0	95	1905	null_3308_H	0.0475	0.606824146981627	0.792650918635171	0.424415373275191
1	3310	null_3309	L	H	662	908	316	0	0	114	1886	null_3309_H	0.057	0.816542948038176	1.15164369034995	0.484901304359071
1	3311	null_3310	L	H	741	885	271	0	0	103	1897	null_3310_H	0.0515	0.752240379546653	1.03795466526094	0.472089076640446
1	3312	null_3311	L	H	925	830	152	0	0	93	1907	null_3311_H	0.0465	0.59465128474043	0.754063974829575	0.400453824386131
1	3313	null_3312	L	H	887	806	228	0	0	79	1921	null_3312_H	0.0395	0.656949505465903	0.894325871941697	0.462743219209802
1	3314	null_3313	L	H	552	961	408	0	0	79	1921	null_3313_H	0.0395	0.925039042165539	1.34981780322749	0.494120573696948
1	3315	null_3314	L	H	869	852	171	0	0	108	1892	null_3314_H	0.054	0.63107822410148	0.81183932346723	0.413579598532153
1	3316	null_3315	L	H	768	858	277	0	0	97	1903	null_3315_H	0.0485	0.74198633736206	1.033105622701	0.482561897869034
1	3317	null_3316	H	L	562	938	403	0	0	97	1903	null_3316_L	0.0485	0.916447714135575	1.33998949027851	0.500113077534186
1	3318	null_3317	L	H	512	958	439	0	0	91	1909	null_3317_H	0.0455	0.961760083813515	1.42168674698795	0.496704288170972
1	3319	null_3318	L	H	913	809	181	0	0	97	1903	null_3318_H	0.0485	0.615344193378876	0.805570152390962	0.426921676065863
1	3320	null_3319	H	L	1161	639	93	0	0	107	1893	null_3319_L	0.0535	0.43581616481775	0.534072900158479	0.344137170642027
1	3321	null_3320	L	H	622	930	336	0	0	112	1888	null_3320_H	0.056	0.848516949152542	1.20444915254237	0.484468139543235
1	3322	null_3321	H	L	888	810	198	0	0	104	1896	null_3321_L	0.052	0.636075949367089	0.84493670886076	0.440344095497516
1	3323	null_3322	L	H	1668	244	4	0	0	84	1916	null_3322_H	0.042	0.131524008350731	0.135699373695198	0.118400808922555
1	3324	null_3323	L	H	1630	251	8	0	0	111	1889	null_3323_H	0.0555	0.14134462678666	0.149814716781366	0.129836413259906
1	3325	null_3324	L	H	649	898	348	0	0	105	1895	null_3324_H	0.0525	0.841160949868074	1.20844327176781	0.50089152818485
1	3326	null_3325	L	H	754	907	247	0	0	92	1908	null_3325_H	0.046	0.734276729559749	0.993186582809224	0.454024267236265
1	3327	null_3326	L	H	1009	751	150	0	0	90	1910	null_3326_H	0.045	0.550261780104712	0.707329842931937	0.404541816287931
1	3328	null_3327	L	H	484	938	469	0	0	109	1891	null_3327_H	0.0545	0.992067689053411	1.48810153358012	0.503903233916341
1	3329	null_3328	L	H	684	955	271	0	0	90	1910	null_3328_H	0.045	0.783769633507854	1.06753926701571	0.453244428606672
1	3330	null_3329	L	H	1012	744	143	0	0	101	1899	null_3329_H	0.0505	0.542390731964192	0.692996313849394	0.398808607728743
1	3331	null_3330	L	H	712	920	269	0	0	99	1901	null_3330_H	0.0495	0.766964755391899	1.04997369805366	0.461738762040301
1	3332	null_3331	L	H	1494	399	14	0	0	93	1907	null_3331_H	0.0465	0.223911903513372	0.23859465128474	0.188458110749759
1	3333	null_3332	H	L	1707	184	4	0	0	105	1895	null_3332_L	0.0525	0.10131926121372	0.105540897097625	0.0952753044047312
1	3334	null_3333	H	L	873	873	172	0	0	82	1918	null_3333_L	0.041	0.63451511991658	0.813868613138686	0.411259175735935
1	3335	null_3334	H	L	521	920	464	0	0	95	1905	null_3334_L	0.0475	0.97007874015748	1.45721784776903	0.516165085663505
1	3336	null_3335	L	H	1348	493	43	0	0	116	1884	null_3335_H	0.058	0.307324840764331	0.352972399150743	0.258523841399922
1	3337	null_3336	L	H	553	975	384	0	0	88	1912	null_3336_H	0.044	0.911610878661088	1.31328451882845	0.482250124735211
1	3338	null_3337	H	L	579	870	449	0	0	102	1898	null_3337_L	0.051	0.931506849315068	1.40463645943098	0.536931449110094
1	3339	null_3338	H	L	524	949	426	0	0	101	1899	null_3338_L	0.0505	0.948393891521854	1.39705107951553	0.497600106039569
1	3340	null_3339	H	L	724	912	240	0	0	124	1876	null_3339_L	0.062	0.742004264392324	0.997867803837953	0.447297475461559
1	3341	null_3340	H	L	1353	505	46	0	0	96	1904	null_3340_L	0.048	0.313550420168067	0.36186974789916	0.263555881911588
1	3342	null_3341	L	H	693	951	273	0	0	83	1917	null_3341_H	0.0415	0.780907668231612	1.06572769953052	0.455910913227583
1	3343	null_3342	L	H	663	937	312	0	0	88	1912	null_3342_H	0.044	0.816422594142259	1.14278242677824	0.476236574552266
1	3344	null_3343	H	L	1688	202	4	0	0	106	1894	null_3343_L	0.053	0.110876451953538	0.115100316789863	0.102806729192058
1	3345	null_3344	H	L	827	862	213	0	0	98	1902	null_3344_L	0.049	0.677181913774974	0.901156677181914	0.442581332837978
1	3346	null_3345	L	H	834	814	242	0	0	110	1890	null_3345_H	0.055	0.686772486772487	0.942857142857143	0.471200694269477
1	3347	null_3346	L	H	671	917	318	0	0	94	1906	null_3346_H	0.047	0.814795383001049	1.14847848898216	0.484586972822335
1	3348	null_3347	H	L	1453	431	36	0	0	80	1920	null_3347_L	0.04	0.261979166666667	0.299479166666667	0.230846082899306
1	3349	null_3348	L	H	1207	594	88	0	0	111	1889	null_3348_H	0.0555	0.407623080995236	0.500794070937004	0.334637494776955
1	3350	null_3349	H	L	1083	683	123	0	0	111	1889	null_3349_L	0.0555	0.491794600317628	0.622022233986236	0.38016030508466
1	3351	null_3350	L	H	891	840	164	0	0	105	1895	null_3350_H	0.0525	0.616358839050132	0.789445910290238	0.409547691815011
1	3352	null_3351	H	L	1347	496	50	0	0	107	1893	null_3351_L	0.0535	0.314844162704702	0.367670364500792	0.268543517711568
1	3353	null_3352	L	H	728	916	266	0	0	90	1910	null_3352_H	0.045	0.758115183246073	1.03664921465969	0.461910583591459
1	3354	null_3353	H	L	954	813	140	0	0	93	1907	null_3353_L	0.0465	0.573151546932355	0.719979024646041	0.39147632889509
1	3355	null_3354	H	L	1096	710	94	0	0	100	1900	null_3354_L	0.05	0.472631578947368	0.571578947368421	0.348198337950139
1	3356	null_3355	H	L	1263	570	60	0	0	107	1893	null_3355_L	0.0535	0.364500792393027	0.427892234548336	0.295031406893191
1	3357	null_3356	L	H	1512	372	15	0	0	101	1899	null_3356_H	0.0505	0.211690363349131	0.227488151658768	0.182675341723881
1	3358	null_3357	H	L	1698	199	9	0	0	94	1906	null_3357_L	0.047	0.113850996852046	0.123294858342078	0.110332808857873
1	3359	null_3358	L	H	724	921	260	0	0	95	1905	null_3358_H	0.0475	0.756430446194226	1.02939632545932	0.457209305529722
1	3360	null_3359	H	L	1476	405	29	0	0	90	1910	null_3359_L	0.045	0.242408376963351	0.272774869109948	0.214013047887942
1	3361	null_3360	L	H	672	914	325	0	0	89	1911	null_3360_H	0.0445	0.818419675562533	1.1585557299843	0.48874496463642
1	3362	null_3361	L	H	1625	257	9	0	0	109	1891	null_3361_H	0.0545	0.145425700687467	0.154944473823374	0.133795839402933
1	3363	null_3362	H	L	956	775	171	0	0	98	1902	null_3362_L	0.049	0.587276550998949	0.767087276550999	0.422193529197778
1	3364	null_3363	H	L	1500	366	28	0	0	106	1894	null_3363_L	0.053	0.222808870116156	0.252375923970433	0.202732131367995
1	3365	null_3364	L	H	1003	763	133	0	0	101	1899	null_3364_H	0.0505	0.541864139020537	0.681937862032649	0.388321116876181
1	3366	null_3365	H	L	1628	262	5	0	0	105	1895	null_3365_L	0.0525	0.14353562005277	0.148812664907652	0.128210190683718
1	3367	null_3366	L	H	779	875	244	0	0	102	1898	null_3366_H	0.051	0.718124341412013	0.975237091675448	0.459534521947011
1	3368	null_3367	H	L	1531	345	26	0	0	98	1902	null_3367_L	0.049	0.208727655099895	0.236067297581493	0.192500063577993
1	3369	null_3368	H	L	516	951	433	0	0	100	1900	null_3368_L	0.05	0.956315789473684	1.41210526315789	0.497565373961219
1	3370	null_3369	H	L	894	799	193	0	0	114	1886	null_3369_L	0.057	0.628313891834571	0.832979851537646	0.438201504865341
1	3371	null_3370	H	L	1288	558	51	0	0	103	1897	null_3370_L	0.0515	0.347917764891935	0.401686874011597	0.280640102884198
1	3372	null_3371	H	L	1244	574	64	0	0	118	1882	null_3371_L	0.059	0.373007438894793	0.441020191285866	0.301885641815014
1	3373	null_3372	H	L	930	788	182	0	0	100	1900	null_3372_L	0.05	0.606315789473684	0.797894736842105	0.430275900277008
1	3374	null_3373	H	L	1364	508	51	0	0	77	1923	null_3373_L	0.0385	0.31721268850754	0.370254810192408	0.269630920442226
1	3375	null_3374	H	L	1629	256	6	0	0	109	1891	null_3374_L	0.0545	0.141723955579059	0.14806980433633	0.127984124751355
1	3376	null_3375	L	H	579	924	401	0	0	96	1904	null_3375_H	0.048	0.906512605042017	1.32773109243697	0.505965989336911
1	3377	null_3376	L	H	607	903	389	0	0	101	1899	null_3376_H	0.0505	0.885202738283307	1.29489204844655	0.511308160582286
1	3378	null_3377	L	H	1243	603	77	0	0	77	1923	null_3377_H	0.0385	0.393655746229849	0.473738949557982	0.318774103018203
1	3379	null_3378	H	L	702	938	249	0	0	111	1889	null_3378_L	0.0555	0.760190577024881	1.02382212811011	0.44593241471269
1	3380	null_3379	L	H	590	961	358	0	0	91	1909	null_3379_H	0.0455	0.878470403352541	1.25353588266108	0.481825633094704
1	3381	null_3380	H	L	775	867	261	0	0	97	1903	null_3380_L	0.0485	0.729900157645822	1.00420388859695	0.471449648465556
1	3382	null_3381	H	L	1323	515	67	0	0	95	1905	null_3381_L	0.0475	0.340682414698163	0.411023622047244	0.294959114362673
1	3383	null_3382	H	L	708	871	322	0	0	99	1901	null_3382_L	0.0495	0.796948974224093	1.13571804313519	0.500590375618359
1	3384	null_3383	L	H	1320	512	66	0	0	102	1898	null_3383_H	0.051	0.339304531085353	0.408851422550053	0.293723857735001
1	3385	null_3384	L	H	716	871	303	0	0	110	1890	null_3384_H	0.055	0.781481481481482	1.1021164021164	0.491403096217911
1	3386	null_3385	H	L	1637	247	7	0	0	109	1891	null_3385_L	0.0545	0.13802221047065	0.145425700687467	0.126375570104262
1	3387	null_3386	H	L	1649	256	11	0	0	84	1916	null_3386_L	0.042	0.145093945720251	0.156576200417537	0.135523947332866
1	3388	null_3387	H	L	950	800	160	0	0	90	1910	null_3387_L	0.045	0.586387434554974	0.753926701570681	0.410076478166717
1	3389	null_3388	L	H	1376	476	50	0	0	98	1902	null_3388_H	0.049	0.302839116719243	0.355415352260778	0.263703821645487
1	3390	null_3389	L	H	1245	585	67	0	0	103	1897	null_3389_H	0.0515	0.379019504480759	0.449657353716394	0.306001568939554
1	3391	null_3390	L	H	685	903	312	0	0	100	1900	null_3390_H	0.05	0.803684210526316	1.13210526315789	0.486196952908587
1	3392	null_3391	H	L	1337	493	61	0	0	109	1891	null_3391_L	0.0545	0.325224748810153	0.389740877842411	0.283969740603784
1	3393	null_3392	L	H	835	846	203	0	0	116	1884	null_3392_H	0.058	0.664543524416136	0.880042462845011	0.438424367001591
1	3394	null_3393	H	L	531	984	390	0	0	95	1905	null_3393_L	0.0475	0.925984251968504	1.33543307086614	0.477986235972472
1	3395	null_3394	L	H	1581	322	12	0	0	85	1915	null_3394_H	0.0425	0.180678851174935	0.193211488250653	0.160566640988759
1	3396	null_3395	L	H	839	853	217	0	0	91	1909	null_3395_H	0.0455	0.674174960712415	0.901519119958093	0.447007242306507
1	3397	null_3396	L	H	1430	440	39	0	0	91	1909	null_3396_H	0.0455	0.271346254583552	0.312205343111577	0.238576553235055
1	3398	null_3397	H	L	1134	676	96	0	0	94	1906	null_3397_L	0.047	0.455403987408185	0.556138509968521	0.348745718221246
1	3399	null_3398	H	L	896	823	182	0	0	99	1901	null_3398_L	0.0495	0.624408206207259	0.815886375591794	0.426000767612826
1	3400	null_3399	L	H	706	886	313	0	0	95	1905	null_3399_H	0.0475	0.793700787401575	1.12230971128609	0.492348771364209
1	3401	null_3400	H	L	569	956	384	0	0	91	1909	null_3400_L	0.0455	0.903090623363017	1.30539549502357	0.48982282101737
1	3402	null_3401	L	H	1637	262	11	0	0	90	1910	null_3401_H	0.045	0.14869109947644	0.16020942408377	0.138100381020257
1	3403	null_3402	H	L	734	896	253	0	0	117	1883	null_3402_L	0.0585	0.744556558682953	1.01327668613914	0.458912217061338
1	3404	null_3403	H	L	1163	639	87	0	0	111	1889	null_3403_L	0.0555	0.430386447856009	0.522498676548438	0.337266182050326
1	3405	null_3404	L	H	620	927	339	0	0	114	1886	null_3404_H	0.057	0.851007423117709	1.21049840933192	0.486284775130475
1	3406	null_3405	H	L	1304	536	55	0	0	105	1895	null_3405_L	0.0525	0.34089709762533	0.398944591029024	0.28273375985965
1	3407	null_3406	H	L	803	865	222	0	0	110	1890	null_3406_L	0.055	0.692592592592593	0.927513227513228	0.447828728199099
1	3408	null_3407	H	L	1029	771	105	0	0	95	1905	null_3407_L	0.0475	0.51496062992126	0.625196850393701	0.3600124000248
1	3409	null_3408	L	H	1177	642	96	0	0	85	1915	null_3408_H	0.0425	0.435509138381201	0.535770234986945	0.346102025373409
1	3410	null_3409	H	L	1191	637	76	0	0	96	1904	null_3409_L	0.048	0.414390756302521	0.49422268907563	0.322502990166655
1	3411	null_3410	H	L	1436	424	45	0	0	95	1905	null_3410_L	0.0475	0.269816272965879	0.317060367454068	0.24425954629687
1	3412	null_3411	H	L	1284	573	59	0	0	84	1916	null_3411_L	0.042	0.360647181628393	0.42223382045929	0.292167430842788
1	3413	null_3412	L	H	1272	547	66	0	0	115	1885	null_3412_H	0.0575	0.360212201591512	0.430238726790451	0.300485896615047
1	3414	null_3413	H	L	1119	676	113	0	0	92	1908	null_3413_L	0.046	0.472746331236897	0.591194968553459	0.367705874855513
1	3415	null_3414	H	L	1502	392	18	0	0	88	1912	null_3414_L	0.044	0.223849372384937	0.242677824267782	0.192569282750652
1	3416	null_3415	L	H	856	795	255	0	0	94	1906	null_3415_H	0.047	0.684679958027282	0.952256033578174	0.483469388653933
1	3417	null_3416	L	H	673	938	295	0	0	94	1906	null_3416_H	0.047	0.801678908709339	1.1112277019937	0.468538629324308
1	3418	null_3417	L	H	1215	605	67	0	0	113	1887	null_3417_H	0.0565	0.391626921038686	0.462639109697933	0.309267464415692
1	3419	null_3418	H	L	557	942	407	0	0	94	1906	null_3418_L	0.047	0.921301154249738	1.34837355718783	0.499577740365929
1	3420	null_3419	L	H	863	810	225	0	0	102	1898	null_3419_H	0.051	0.663856691253952	0.900948366701791	0.460242660179147
1	3421	null_3420	H	L	620	927	360	0	0	93	1907	null_3420_L	0.0465	0.863660199265863	1.24121657052963	0.495307630733678
1	3422	null_3421	H	L	545	923	457	0	0	75	1925	null_3421_L	0.0375	0.954285714285714	1.42909090909091	0.518429684601113
1	3423	null_3422	H	L	1199	638	79	0	0	84	1916	null_3422_L	0.042	0.41544885177453	0.497912317327766	0.325314568886991
1	3424	null_3423	H	L	606	913	383	0	0	98	1902	null_3423_L	0.049	0.882754994742376	1.28548895899054	0.506232578247923
1	3425	null_3424	L	H	572	942	393	0	0	93	1907	null_3424_H	0.0465	0.906135291033036	1.31830099632931	0.497219830673788
1	3426	null_3425	H	L	1040	717	118	0	0	125	1875	null_3425_L	0.0625	0.508266666666667	0.634133333333333	0.375798328888889
1	3427	null_3426	H	L	1200	643	77	0	0	80	1920	null_3426_L	0.04	0.415104166666667	0.4953125	0.323001030815972
1	3428	null_3427	L	H	736	889	270	0	0	105	1895	null_3427_H	0.0525	0.754089709762533	1.03905013192612	0.47039884155638
1	3429	null_3428	L	H	1549	338	17	0	0	96	1904	null_3428_H	0.048	0.195378151260504	0.213235294117647	0.175062672127675
1	3430	null_3429	L	H	502	964	431	0	0	103	1897	null_3429_H	0.0515	0.962572482867686	1.4169741697417	0.490428384967636
1	3431	null_3430	H	L	1012	753	136	0	0	99	1901	null_3430_L	0.0495	0.539189900052604	0.682272488164124	0.391546739845387
1	3432	null_3431	L	H	1152	648	93	0	0	107	1893	null_3431_H	0.0535	0.440570522979398	0.538827258320127	0.344724872601787
1	3433	null_3432	H	L	1108	696	96	0	0	100	1900	null_3432_L	0.05	0.467368421052632	0.568421052631579	0.349987811634349
1	3434	null_3433	L	H	940	783	158	0	0	119	1881	null_3433_H	0.0595	0.584263689526847	0.752259436469963	0.410895377570438
1	3435	null_3434	H	L	1217	610	81	0	0	92	1908	null_3434_L	0.046	0.40461215932914	0.489517819706499	0.325806820229509
1	3436	null_3435	L	H	1615	282	13	0	0	90	1910	null_3435_H	0.045	0.161256544502618	0.174869109947644	0.148865436802719
1	3437	null_3436	H	L	815	848	227	0	0	110	1890	null_3436_L	0.055	0.688888888888889	0.929100529100529	0.454532627865961
1	3438	null_3437	L	H	719	878	298	0	0	105	1895	null_3437_H	0.0525	0.777836411609499	1.09234828496042	0.487318801734881
1	3439	null_3438	H	L	1654	240	5	0	0	101	1899	null_3438_L	0.0505	0.131648235913639	0.136914165350184	0.119582907331011
1	3440	null_3439	L	H	492	971	440	0	0	97	1903	null_3439_H	0.0485	0.972674724119811	1.43510246978455	0.489006350843001
1	3441	null_3440	H	L	1677	224	11	0	0	88	1912	null_3440_L	0.044	0.128661087866109	0.140167364016736	0.123613688485846
1	3442	null_3441	L	H	1506	358	27	0	0	109	1891	null_3441_H	0.0545	0.217874140666314	0.246430460074035	0.19896131890295
1	3443	null_3442	L	H	1653	243	12	0	0	92	1908	null_3442_H	0.046	0.139937106918239	0.15251572327044	0.132933329377794
1	3444	null_3443	L	H	627	964	324	0	0	85	1915	null_3443_H	0.0425	0.84177545691906	1.18015665796345	0.471570738092154
1	3445	null_3444	H	L	892	851	178	0	0	79	1921	null_3444_L	0.0395	0.628318584070796	0.813638729828215	0.418854486739484
1	3446	null_3445	H	L	1192	613	80	0	0	115	1885	null_3445_L	0.0575	0.410079575596817	0.494960212201592	0.326794953879926
1	3447	null_3446	H	L	1300	531	67	0	0	102	1898	null_3446_L	0.051	0.350368809272919	0.420969441517387	0.298211139006064
1	3448	null_3447	L	H	1463	420	29	0	0	88	1912	null_3447_H	0.044	0.25	0.280334728033473	0.217834728033473
1	3449	null_3448	L	H	521	950	417	0	0	112	1888	null_3448_H	0.056	0.944915254237288	1.38665254237288	0.493787704682562
1	3450	null_3449	H	L	824	829	255	0	0	92	1908	null_3449_L	0.046	0.701781970649895	0.969077568134172	0.476579633804921
1	3451	null_3450	H	L	1242	584	76	0	0	98	1902	null_3450_L	0.049	0.386961093585699	0.466876971608833	0.317138083659793
1	3452	null_3451	H	L	516	962	429	0	0	93	1907	null_3451_L	0.0465	0.954378605138962	1.40429994756162	0.493461425614625
1	3453	null_3452	L	H	502	963	441	0	0	94	1906	null_3452_H	0.047	0.967995802728227	1.43074501573977	0.493729141640305
1	3454	null_3453	H	L	686	883	328	0	0	103	1897	null_3453_L	0.0515	0.811280969952557	1.15709014232999	0.498913330122833
1	3455	null_3454	L	H	647	926	326	0	0	101	1899	null_3454_H	0.0505	0.830963665086888	1.17430226434966	0.483801651655024
1	3456	null_3455	L	H	1007	746	143	0	0	104	1896	null_3455_H	0.052	0.544303797468355	0.695147679324895	0.398881055386423
1	3457	null_3456	H	L	1264	574	51	0	0	111	1889	null_3456_L	0.0555	0.357861302276337	0.411858125992589	0.283793414325673
1	3458	null_3457	H	L	1556	335	21	0	0	88	1912	null_3457_L	0.044	0.197175732217573	0.219142259414226	0.18026399003869
1	3459	null_3458	L	H	902	805	198	0	0	95	1905	null_3458_H	0.0475	0.630446194225722	0.838320209973753	0.440857806160057
1	3460	null_3459	H	L	1025	729	142	0	0	104	1896	null_3459_L	0.052	0.534282700421941	0.684071729957806	0.398613725987644
1	3461	null_3460	L	H	1537	343	14	0	0	106	1894	null_3460_H	0.053	0.195881731784583	0.210665258711721	0.172295605864794
1	3462	null_3461	L	H	1486	382	22	0	0	110	1890	null_3461_H	0.055	0.225396825396825	0.248677248677249	0.197873519778282
1	3463	null_3462	H	L	1467	392	30	0	0	111	1889	null_3462_L	0.0555	0.23928004235045	0.271042879830598	0.213787941163365
1	3464	null_3463	L	H	1180	627	79	0	0	114	1886	null_3463_H	0.057	0.416224814422057	0.5	0.326756903859324
1	3465	null_3464	L	H	1234	586	74	0	0	106	1894	null_3464_H	0.053	0.387539598732841	0.465681098204857	0.315494157618846
1	3466	null_3465	L	H	1449	443	30	0	0	78	1922	null_3465_H	0.039	0.261706555671176	0.292924037460978	0.224433716179708
1	3467	null_3466	L	H	530	970	408	0	0	92	1908	null_3466_H	0.046	0.936058700209644	1.36373165618449	0.487525765946319
1	3468	null_3467	L	H	1500	363	28	0	0	109	1891	null_3467_H	0.0545	0.221575885774722	0.251189846641988	0.202093973485136
1	3469	null_3468	L	H	1368	489	53	0	0	90	1910	null_3468_H	0.045	0.31151832460733	0.367015706806283	0.269972040240125
1	3470	null_3469	H	L	973	761	152	0	0	114	1886	null_3469_L	0.057	0.564687168610817	0.725874867444327	0.407003269050626
1	3471	null_3470	L	H	1538	338	24	0	0	100	1900	null_3470_H	0.05	0.203157894736842	0.228421052631579	0.187147922437673
1	3472	null_3471	L	H	687	871	343	0	0	99	1901	null_3471_H	0.0495	0.819042609153077	1.17990531299316	0.509074517384881
1	3473	null_3472	H	L	602	905	389	0	0	104	1896	null_3472_L	0.052	0.887658227848101	1.29799578059072	0.510058651124286
1	3474	null_3473	H	L	654	923	321	0	0	102	1898	null_3473_L	0.051	0.824552160168599	1.16280295047418	0.482916685635481
1	3475	null_3474	L	H	1549	349	14	0	0	88	1912	null_3474_H	0.044	0.197175732217573	0.211820083682008	0.172941814306472
1	3476	null_3475	H	L	909	825	187	0	0	79	1921	null_3475_L	0.0395	0.624154086413326	0.818844351900052	0.429276028313598
1	3477	null_3476	H	L	1006	749	147	0	0	98	1902	null_3476_L	0.049	0.548370136698213	0.702944269190326	0.40223446236791
1	3478	null_3477	L	H	1036	750	117	0	0	97	1903	null_3477_H	0.0485	0.517078297425118	0.64004203888597	0.372672073217911
1	3479	null_3478	H	L	548	954	401	0	0	97	1903	null_3478_L	0.0485	0.922753547031004	1.34419337887546	0.492719270317161
1	3480	null_3479	L	H	779	870	247	0	0	104	1896	null_3479_H	0.052	0.719409282700422	0.979957805907173	0.462408089871637
1	3481	null_3480	H	L	1217	603	83	0	0	97	1903	null_3480_L	0.0485	0.404098791382028	0.491329479768786	0.32803364657237
1	3482	null_3481	H	L	708	890	297	0	0	105	1895	null_3481_L	0.0525	0.78311345646438	1.09656992084433	0.483303235148739
1	3483	null_3482	H	L	1438	417	43	0	0	102	1898	null_3482_L	0.051	0.265015806111697	0.310326659641728	0.240093282152696
1	3484	null_3483	H	L	969	778	136	0	0	117	1883	null_3483_L	0.0585	0.557620817843866	0.702071163037706	0.391130186544844
1	3485	null_3484	H	L	1366	487	36	0	0	111	1889	null_3484_L	0.0555	0.295923769190048	0.334039174166226	0.246468296994581
1	3486	null_3485	H	L	1437	429	31	0	0	103	1897	null_3485_L	0.0515	0.258829731154454	0.291512915129151	0.224520085399664
1	3487	null_3486	L	H	1477	408	22	0	0	93	1907	null_3486_H	0.0465	0.237021499737808	0.260094389092816	0.203915197754856
1	3488	null_3487	L	H	553	973	378	0	0	96	1904	null_3487_H	0.048	0.908088235294118	1.30514705882353	0.480522815743945
1	3489	null_3488	L	H	1030	710	143	0	0	117	1883	null_3488_H	0.0585	0.528943175783325	0.680828465215082	0.401047582007333
1	3490	null_3489	H	L	1277	551	63	0	0	109	1891	null_3489_L	0.0545	0.358011634056055	0.424643046007404	0.296470715887917
1	3491	null_3490	H	L	590	943	377	0	0	90	1910	null_3490_L	0.045	0.88848167539267	1.28324607329843	0.493846385789863
1	3492	null_3491	L	H	1244	597	64	0	0	95	1905	null_3491_H	0.0475	0.380577427821522	0.447769028871391	0.302929850304145
1	3493	null_3492	L	H	761	851	260	0	0	128	1872	null_3492_H	0.064	0.732371794871795	1.01014957264957	0.473781126725838
1	3494	null_3493	H	L	703	890	311	0	0	96	1904	null_3493_L	0.048	0.794117647058824	1.12079831932773	0.490175481957489
1	3495	null_3494	L	H	1480	384	27	0	0	109	1891	null_3494_H	0.0545	0.231623479640402	0.260179799048123	0.206530362727395
1	3496	null_3495	L	H	633	904	374	0	0	89	1911	null_3495_H	0.0445	0.864468864468865	1.25588697017268	0.508580552536596
1	3497	null_3496	H	L	778	893	242	0	0	87	1913	null_3496_L	0.0435	0.719811813904862	0.972817564035546	0.454688516598539
1	3498	null_3497	H	L	1505	376	24	0	0	95	1905	null_3497_L	0.0475	0.22257217847769	0.247769028871391	0.198230654239086
1	3499	null_3498	L	H	1326	535	48	0	0	91	1909	null_3498_H	0.0455	0.330539549502357	0.380827658459927	0.271571264674705
1	3500	null_3499	L	H	1344	489	39	0	0	128	1872	null_3499_H	0.064	0.302884615384615	0.344551282051282	0.252812191814596
1	3501	null_3500	H	L	774	881	247	0	0	98	1902	null_3500_L	0.049	0.722923238696109	0.982649842271293	0.460031833224422
1	3502	null_3501	H	L	825	860	217	0	0	98	1902	null_3501_L	0.049	0.680336487907466	0.908517350157729	0.445659613379463
1	3503	null_3502	H	L	1256	599	61	0	0	84	1916	null_3502_L	0.042	0.376304801670146	0.439979123173278	0.29837381941327
1	3504	null_3503	L	H	923	802	171	0	0	104	1896	null_3503_H	0.052	0.60337552742616	0.783755274261603	0.419693247164806
1	3505	null_3504	L	H	963	752	187	0	0	98	1902	null_3504_H	0.049	0.592008412197687	0.788643533123028	0.438169573010202
1	3506	null_3505	L	H	1112	686	94	0	0	108	1892	null_3505_H	0.054	0.461945031712474	0.561310782241015	0.347917569917177
1	3507	null_3506	H	L	981	754	161	0	0	104	1896	null_3506_L	0.052	0.567510548523207	0.737341772151899	0.415273549466788
1	3508	null_3507	H	L	757	875	269	0	0	99	1901	null_3507_L	0.0495	0.743293003682273	1.02630194634403	0.473817457021015
1	3509	null_3508	H	L	832	862	203	0	0	103	1897	null_3508_L	0.0515	0.668423827095414	0.882445967316816	0.435655554687936
1	3510	null_3509	L	H	517	933	441	0	0	109	1891	null_3509_H	0.0545	0.959809624537282	1.42622950819672	0.504994992842323
1	3511	null_3510	L	H	516	914	467	0	0	103	1897	null_3510_H	0.0515	0.974169741697417	1.46652609383237	0.517519408193555
1	3512	null_3511	H	L	1435	449	42	0	0	74	1926	null_3511_L	0.037	0.276739356178609	0.320353063343718	0.243768392085567
1	3513	null_3512	H	L	715	895	305	0	0	85	1915	null_3512_L	0.0425	0.785900783289817	1.10443864229765	0.486798601122102
1	3514	null_3513	H	L	875	838	192	0	0	95	1905	null_3513_L	0.0475	0.641469816272966	0.843044619422572	0.4315610942333
1	3515	null_3514	H	L	511	942	442	0	0	105	1895	null_3514_L	0.0525	0.963588390501319	1.43007915567282	0.5015765693639
1	3516	null_3515	H	L	841	827	227	0	0	105	1895	null_3515_L	0.0525	0.67598944591029	0.9155672823219	0.458605551339799
1	3517	null_3516	L	H	1380	482	41	0	0	97	1903	null_3516_H	0.0485	0.296374146085129	0.339464004203889	0.251626369736199
1	3518	null_3517	L	H	639	939	326	0	0	96	1904	null_3517_H	0.048	0.835609243697479	1.1780462184874	0.479803410334722
1	3519	null_3518	L	H	1143	661	107	0	0	89	1911	null_3518_H	0.0445	0.457875457875458	0.569858712715856	0.360208777791195
1	3520	null_3519	L	H	795	862	239	0	0	104	1896	null_3519_H	0.052	0.706751054852321	0.958860759493671	0.459363705958803
1	3521	null_3520	L	H	762	891	259	0	0	88	1912	null_3520_H	0.044	0.736924686192469	1.00784518828452	0.46478719516465
1	3522	null_3521	L	H	1530	355	18	0	0	97	1903	null_3521_H	0.0485	0.205465055176038	0.224382553862323	0.18216666496383
1	3523	null_3522	H	L	491	928	479	0	0	102	1898	null_3522_L	0.051	0.993677555321391	1.49841938883035	0.511024304880852
1	3524	null_3523	H	L	1380	496	28	0	0	96	1904	null_3523_L	0.048	0.289915966386555	0.319327731092437	0.235276463526587
1	3525	null_3524	L	H	1570	322	11	0	0	97	1903	null_3524_H	0.0485	0.180767209668944	0.192327903310562	0.159651119219066
1	3526	null_3525	L	H	596	926	381	0	0	97	1903	null_3525_H	0.0485	0.88702049395691	1.28744088281661	0.500635526117044
1	3527	null_3526	H	L	1661	247	6	0	0	86	1914	null_3526_L	0.043	0.135318704284222	0.141588296760711	0.12327714503155
1	3528	null_3527	L	H	590	937	372	0	0	101	1899	null_3527_H	0.0505	0.885202738283307	1.2769878883623	0.493404000498031
1	3529	null_3528	H	L	937	790	175	0	0	98	1902	null_3528_L	0.049	0.599369085173502	0.783385909568875	0.424142609307155
1	3530	null_3529	H	L	1457	417	33	0	0	93	1907	null_3529_L	0.0465	0.253277399056109	0.287886733088621	0.223737292215993
1	3531	null_3530	H	L	1194	614	73	0	0	119	1881	null_3530_L	0.0595	0.404040404040404	0.481658692185008	0.318410044087875
1	3532	null_3531	L	H	1268	586	72	0	0	74	1926	null_3531_H	0.037	0.379023883696781	0.453790238836968	0.310131134424377
1	3533	null_3532	L	H	1240	579	69	0	0	112	1888	null_3532_H	0.056	0.379766949152542	0.452860169491525	0.308637233822896
1	3534	null_3533	H	L	1072	707	110	0	0	111	1889	null_3533_L	0.0555	0.49073583906829	0.6071995764955	0.366377912749442
1	3535	null_3534	L	H	1186	629	83	0	0	102	1898	null_3534_H	0.051	0.41886195995785	0.506322444678609	0.330877103178877
1	3536	null_3535	H	L	1404	466	34	0	0	96	1904	null_3535_L	0.048	0.28046218487395	0.316176470588235	0.237517433443966
1	3537	null_3536	L	H	1517	339	22	0	0	122	1878	null_3536_H	0.061	0.203940362087327	0.227369542066028	0.185777870777718
1	3538	null_3537	H	L	1379	489	43	0	0	89	1911	null_3537_L	0.0445	0.300889586603872	0.34589220303506	0.255357659708411
1	3539	null_3538	H	L	1211	606	70	0	0	113	1887	null_3538_L	0.0565	0.395336512983572	0.469528351881293	0.313237393383283
1	3540	null_3539	H	L	884	835	177	0	0	104	1896	null_3539_L	0.052	0.62710970464135	0.813818565400844	0.420551983745482
1	3541	null_3540	H	L	1474	397	33	0	0	96	1904	null_3540_L	0.048	0.243172268907563	0.277836134453782	0.218703382088129
1	3542	null_3541	L	H	1380	487	35	0	0	98	1902	null_3541_H	0.049	0.292849631966351	0.329652996845426	0.243892089902599
1	3543	null_3542	L	H	1010	755	128	0	0	107	1893	null_3542_H	0.0535	0.534072900158479	0.669307976756471	0.384074114072783
1	3544	null_3543	H	L	1075	731	92	0	0	102	1898	null_3543_L	0.051	0.482086406743941	0.579030558482613	0.346623254915329
1	3545	null_3544	H	L	546	981	371	0	0	102	1898	null_3544_L	0.051	0.907797681770285	1.29873551106428	0.474638880036776
1	3546	null_3545	L	H	895	840	183	0	0	82	1918	null_3545_H	0.041	0.628779979144943	0.819603753910323	0.424239491736809
1	3547	null_3546	H	L	826	870	200	0	0	104	1896	null_3546_L	0.052	0.669831223628692	0.880801687763713	0.432127819615802
1	3548	null_3547	H	L	644	921	321	0	0	114	1886	null_3547_L	0.057	0.828738069989396	1.16914103923648	0.482334250586731
1	3549	null_3548	L	H	1055	722	116	0	0	107	1893	null_3548_H	0.0535	0.503961965134707	0.626518753301638	0.372541090999202
1	3550	null_3549	L	H	1189	628	72	0	0	111	1889	null_3549_H	0.0555	0.408681842244574	0.48491265219693	0.317891804016511
1	3551	null_3550	L	H	613	985	301	0	0	101	1899	null_3550_H	0.0505	0.835703001579779	1.15271195365982	0.454312446810369
1	3552	null_3551	H	L	959	770	155	0	0	116	1884	null_3551_L	0.058	0.573248407643312	0.737791932059448	0.409178195193855
1	3553	null_3552	H	L	1635	247	12	0	0	106	1894	null_3552_L	0.053	0.143083421330517	0.155755015839493	0.135282150379847
1	3554	null_3553	L	H	516	945	428	0	0	111	1889	null_3553_H	0.0555	0.953414505029116	1.4065643197459	0.497565101345983
1	3555	null_3554	L	H	1636	262	10	0	0	92	1908	null_3554_H	0.046	0.147798742138365	0.158280922431866	0.136436454254183
1	3556	null_3555	H	L	886	813	202	0	0	99	1901	null_3555_L	0.0495	0.640189374013677	0.852709100473435	0.442866665873411
1	3557	null_3556	H	L	514	918	459	0	0	109	1891	null_3556_L	0.0545	0.970914859862507	1.45637228979376	0.513696624691929
1	3558	null_3557	L	H	529	966	420	0	0	85	1915	null_3557_H	0.0425	0.943080939947781	1.38172323759791	0.492321578305122
1	3559	null_3558	H	L	988	738	152	0	0	122	1878	null_3558_L	0.061	0.554845580404686	0.716719914802982	0.408866296708369
1	3560	null_3559	L	H	668	900	316	0	0	116	1884	null_3559_H	0.058	0.813163481953291	1.14861995753716	0.487385109154755
1	3561	null_3560	H	L	1115	678	98	0	0	109	1891	null_3560_L	0.0545	0.462189317821259	0.56583818085669	0.352219215348609
1	3562	null_3561	L	H	487	973	453	0	0	87	1913	null_3561_H	0.0435	0.982226868792473	1.45582854155776	0.491058919779898
1	3563	null_3562	H	L	999	754	133	0	0	114	1886	null_3562_L	0.057	0.540827147401909	0.68186638388123	0.389372380514344
1	3564	null_3563	L	H	662	918	320	0	0	100	1900	null_3563_H	0.05	0.82	1.15684210526316	0.484442105263158
1	3565	null_3564	H	L	544	891	453	0	0	112	1888	null_3564_L	0.056	0.951800847457627	1.43167372881356	0.525748875592502
1	3566	null_3565	H	L	1250	562	86	0	0	102	1898	null_3565_L	0.051	0.386722866174921	0.477344573234984	0.327789998012438
1	3567	null_3566	L	H	622	928	347	0	0	103	1897	null_3566_H	0.0515	0.855034264628361	1.22087506589352	0.489791472204955
1	3568	null_3567	H	L	626	936	327	0	0	111	1889	null_3567_L	0.0555	0.841715193223928	1.18793012175754	0.479445655253549
1	3569	null_3568	L	H	1435	416	28	0	0	121	1879	null_3568_H	0.0605	0.251197445449707	0.281000532197978	0.217900375597519
1	3570	null_3569	L	H	1628	253	12	0	0	107	1893	null_3569_H	0.0535	0.146328578975172	0.159006867406233	0.13759481438134
1	3571	null_3570	L	H	768	872	262	0	0	98	1902	null_3570_H	0.049	0.733964248159832	1.00946372239748	0.470760204820649
1	3572	null_3571	H	L	1567	310	18	0	0	105	1895	null_3571_L	0.0525	0.182585751978892	0.201583113456464	0.168245556630767
1	3573	null_3572	H	L	670	916	325	0	0	89	1911	null_3572_L	0.0445	0.819466248037677	1.15960230245945	0.488077370786498
1	3574	null_3573	L	H	1471	412	27	0	0	90	1910	null_3573_H	0.045	0.243979057591623	0.272251308900524	0.212725528357227
1	3575	null_3574	L	H	1130	683	93	0	0	94	1906	null_3574_H	0.047	0.455928646379853	0.553515215110178	0.345644284520413
1	3576	null_3575	H	L	878	813	205	0	0	104	1896	null_3575_L	0.052	0.645042194092827	0.861286919831224	0.445207487671135
1	3577	null_3576	L	H	1274	579	55	0	0	92	1908	null_3576_H	0.046	0.361111111111111	0.418763102725367	0.288361868157466
1	3578	null_3577	L	H	920	820	174	0	0	86	1914	null_3577_H	0.043	0.610240334378266	0.792058516196447	0.41966525049435
1	3579	null_3578	L	H	1579	316	17	0	0	88	1912	null_3578_H	0.044	0.183054393305439	0.200836820083682	0.16732790917526
1	3580	null_3579	L	H	1117	697	91	0	0	95	1905	null_3579_H	0.0475	0.461417322834646	0.556955380577428	0.344049434765536
1	3581	null_3580	L	H	912	801	176	0	0	111	1889	null_3580_H	0.0555	0.610375860243515	0.796717840127051	0.42415914935904
1	3582	null_3581	L	H	1256	583	57	0	0	104	1896	null_3581_H	0.052	0.367616033755274	0.427742616033755	0.292601067759796
1	3583	null_3582	H	L	1007	745	153	0	0	95	1905	null_3582_L	0.0475	0.551706036745407	0.712335958005249	0.407956407023925
1	3584	null_3583	H	L	1645	247	6	0	0	102	1898	null_3583_L	0.051	0.136459430979979	0.142781875658588	0.124160699355208
1	3585	null_3584	H	L	1564	325	13	0	0	98	1902	null_3584_L	0.049	0.184542586750789	0.198212407991588	0.164156441666915
1	3586	null_3585	H	L	531	929	449	0	0	91	1909	null_3585_L	0.0455	0.957045573598743	1.42744892613934	0.511512696194393
1	3587	null_3586	H	L	1640	261	3	0	0	96	1904	null_3586_L	0.048	0.140231092436975	0.143382352941176	0.123717593655109
1	3588	null_3587	L	H	1498	375	23	0	0	104	1896	null_3587_H	0.052	0.22204641350211	0.246308016877637	0.197003407128487
1	3589	null_3588	L	H	1420	473	23	0	0	84	1916	null_3588_H	0.042	0.270876826722338	0.294885177453027	0.221510922197863
1	3590	null_3589	L	H	924	818	166	0	0	92	1908	null_3589_H	0.046	0.60272536687631	0.776729559748428	0.413451691872245
1	3591	null_3590	L	H	1400	459	53	0	0	88	1912	null_3590_H	0.044	0.295502092050209	0.350941422594142	0.263619936188092
1	3592	null_3591	L	H	784	856	255	0	0	105	1895	null_3591_H	0.0525	0.720844327176781	0.989973614775726	0.47035707075278
1	3593	null_3592	H	L	905	817	160	0	0	118	1882	null_3592_L	0.059	0.604144527098831	0.774176408076514	0.409185798453044
1	3594	null_3593	L	H	1329	520	51	0	0	100	1900	null_3593_H	0.05	0.327368421052632	0.381052631578947	0.273882548476454
1	3595	null_3594	L	H	1106	683	111	0	0	100	1900	null_3594_H	0.05	0.476315789473684	0.593157894736842	0.366281163434903
1	3596	null_3595	H	L	1502	387	18	0	0	93	1907	null_3595_L	0.0465	0.221814368117462	0.24069218668065	0.191490572777301
1	3597	null_3596	H	L	1210	616	79	0	0	95	1905	null_3596_L	0.0475	0.406299212598425	0.489238845144357	0.324159794986257
1	3598	null_3597	H	L	721	923	259	0	0	97	1903	null_3597_L	0.0485	0.757225433526012	1.02942722017867	0.456036863000009
1	3599	null_3598	L	H	785	879	241	0	0	95	1905	null_3598_H	0.0475	0.714435695538058	0.96745406824147	0.457035705182522
1	3600	null_3599	L	H	909	806	177	0	0	108	1892	null_3599_H	0.054	0.613107822410148	0.800211416490486	0.424310214589973
1	3601	null_3600	H	L	729	898	259	0	0	114	1886	null_3600_L	0.057	0.750795334040297	1.0254506892895	0.461757055672821
1	3602	null_3601	L	H	1669	233	5	0	0	93	1907	null_3601_H	0.0465	0.127425275301521	0.132669113791295	0.116431913005627
1	3603	null_3602	L	H	1492	382	28	0	0	98	1902	null_3602_H	0.049	0.230283911671924	0.259726603575184	0.206695923600261
1	3604	null_3603	L	H	1480	397	32	0	0	91	1909	null_3603_H	0.0455	0.241487689889995	0.275013095861708	0.216696791493301
1	3605	null_3604	L	H	756	884	267	0	0	93	1907	null_3604_H	0.0465	0.743576297850026	1.02359727320399	0.470691562479634
1	3606	null_3605	L	H	1142	678	88	0	0	92	1908	null_3605_H	0.046	0.447589098532495	0.539832285115304	0.339496283990173
1	3607	null_3606	L	H	1143	656	91	0	0	110	1890	null_3606_H	0.055	0.443386243386243	0.53968253968254	0.343091178858375
1	3608	null_3607	L	H	1274	566	58	0	0	102	1898	null_3607_H	0.051	0.359325605900948	0.420442571127503	0.291327680071419
1	3609	null_3608	H	L	632	902	368	0	0	98	1902	null_3608_L	0.049	0.861198738170347	1.24815983175605	0.506496565129848
1	3610	null_3609	L	H	1668	222	10	0	0	100	1900	null_3609_H	0.05	0.127368421052632	0.137894736842105	0.121672022160665
1	3611	null_3610	L	H	849	850	199	0	0	102	1898	null_3610_H	0.051	0.657534246575342	0.86722866174921	0.434877376329806
1	3612	null_3611	H	L	884	856	158	0	0	102	1898	null_3611_L	0.051	0.617492096944152	0.783983140147524	0.402686650359038
1	3613	null_3612	H	L	800	848	256	0	0	96	1904	null_3612_L	0.048	0.714285714285714	0.983193277310924	0.472989195678271
1	3614	null_3613	H	L	763	918	239	0	0	80	1920	null_3613_L	0.04	0.727083333333333	0.976041666666667	0.447391493055556
1	3615	null_3614	L	H	702	914	269	0	0	115	1885	null_3614_H	0.0575	0.770291777188329	1.05570291777188	0.462353495767929
1	3616	null_3615	H	L	1275	562	61	0	0	102	1898	null_3615_L	0.051	0.360379346680717	0.424657534246575	0.294784260732555
1	3617	null_3616	L	H	1458	417	22	0	0	103	1897	null_3616_H	0.0515	0.24301528729573	0.266209804955192	0.207153375095766
1	3618	null_3617	H	L	1128	682	93	0	0	97	1903	null_3617_L	0.0485	0.456121912769312	0.55386232264845	0.345815123340114
1	3619	null_3618	H	L	1279	585	58	0	0	78	1922	null_3618_L	0.039	0.364724245577523	0.425078043704475	0.292054268392381
1	3620	null_3619	L	H	1234	609	60	0	0	97	1903	null_3619_H	0.0485	0.383079348397267	0.44613767735155	0.299387890183075
1	3621	null_3620	H	L	546	945	425	0	0	84	1916	null_3620_L	0.042	0.936847599164927	1.38048016701461	0.502796742953526
1	3622	null_3621	H	L	1517	363	27	0	0	93	1907	null_3621_L	0.0465	0.218668065023597	0.24698479286838	0.199169070207215
1	3623	null_3622	H	L	1083	716	99	0	0	102	1898	null_3622_L	0.051	0.481559536354057	0.585879873551106	0.353980286497572
1	3624	null_3623	H	L	576	940	395	0	0	89	1911	null_3623_L	0.0445	0.905285190999477	1.31868131868132	0.49914004163836
1	3625	null_3624	H	L	1392	459	49	0	0	100	1900	null_3624_L	0.05	0.293157894736842	0.344736842105263	0.258795290858726
1	3626	null_3625	H	L	1389	473	36	0	0	102	1898	null_3625_L	0.051	0.287144362486828	0.325079030558483	0.242627145650516
1	3627	null_3626	L	H	594	909	409	0	0	88	1912	null_3626_H	0.044	0.903242677824268	1.33106694560669	0.51521961056354
1	3628	null_3627	L	H	932	828	140	0	0	100	1900	null_3627_H	0.05	0.583157894736842	0.730526315789474	0.390453185595568
1	3629	null_3628	L	H	1263	584	60	0	0	93	1907	null_3628_H	0.0465	0.369166229680126	0.43209229155742	0.295808586421181
1	3630	null_3629	L	H	1504	362	25	0	0	109	1891	null_3629_H	0.0545	0.217874140666314	0.244315177154944	0.19684603598386
1	3631	null_3630	H	L	503	955	435	0	0	107	1893	null_3630_L	0.0535	0.964078182778658	1.42366613840465	0.494219395894849
1	3632	null_3631	H	L	625	952	346	0	0	77	1923	null_3631_L	0.0385	0.854914196567863	1.21476859074363	0.483890307250355
1	3633	null_3632	L	H	1144	653	102	0	0	101	1899	null_3632_H	0.0505	0.451290152711954	0.558715113217483	0.355052311282704
1	3634	null_3633	H	L	1332	536	41	0	0	91	1909	null_3633_L	0.0455	0.323729701414353	0.36668412781561	0.261883208237784
1	3635	null_3634	H	L	1248	585	75	0	0	92	1908	null_3634_L	0.046	0.385220125786164	0.463836477987421	0.315441932676714
1	3636	null_3635	H	L	1382	494	42	0	0	82	1918	null_3635_L	0.041	0.301355578727842	0.345151199165798	0.254336014335405
1	3637	null_3636	H	L	1452	420	26	0	0	102	1898	null_3636_L	0.051	0.24868282402529	0.276080084299262	0.214236937334069
1	3638	null_3637	H	L	1033	724	139	0	0	104	1896	null_3637_L	0.052	0.528481012658228	0.675105485232067	0.395813304491802
1	3639	null_3638	L	H	781	878	240	0	0	101	1899	null_3638_H	0.0505	0.715113217482886	0.967877830437072	0.456490916618347
1	3640	null_3639	L	H	962	790	150	0	0	98	1902	null_3639_H	0.049	0.573080967402734	0.73080967402734	0.402387878828086
1	3641	null_3640	H	L	1546	329	24	0	0	101	1899	null_3640_L	0.0505	0.198525539757767	0.223802001053186	0.184389611117073
1	3642	null_3641	L	H	1345	520	49	0	0	86	1914	null_3641_H	0.043	0.322884012539185	0.374085684430512	0.269831598877108
1	3643	null_3642	L	H	1693	195	11	0	0	101	1899	null_3642_H	0.0505	0.114270668773038	0.125855713533439	0.112797927791601
1	3644	null_3643	L	H	627	903	362	0	0	108	1892	null_3643_H	0.054	0.859936575052854	1.24260042283298	0.503109509719348
1	3645	null_3644	H	L	706	893	285	0	0	116	1884	null_3644_L	0.058	0.776539278131635	1.07908704883227	0.476073798351071
1	3646	null_3645	H	L	1157	666	85	0	0	92	1908	null_3645_L	0.046	0.438155136268344	0.527253668763103	0.335273745324772
1	3647	null_3646	L	H	617	943	345	0	0	95	1905	null_3646_H	0.0475	0.857217847769029	1.21942257217848	0.484600133644712
1	3648	null_3647	H	L	609	997	310	0	0	84	1916	null_3647_L	0.042	0.843945720250522	1.16753653444676	0.455292155717592
1	3649	null_3648	L	H	1288	548	59	0	0	105	1895	null_3648_H	0.0525	0.351451187335092	0.413720316622691	0.290202379543445
1	3650	null_3649	H	L	1552	322	13	0	0	113	1887	null_3649_L	0.0565	0.184419713831479	0.198198198198198	0.164187567348514
1	3651	null_3650	H	L	610	924	373	0	0	93	1907	null_3650_L	0.0465	0.875721027792344	1.26691137912952	0.500024060611844
1	3652	null_3651	H	L	852	815	213	0	0	120	1880	null_3651_L	0.06	0.660106382978723	0.886702127659575	0.450961690810321
1	3653	null_3652	L	H	557	952	402	0	0	89	1911	null_3652_H	0.0445	0.918890633176347	1.3396127681842	0.495252772444968
1	3654	null_3653	H	L	1427	430	36	0	0	107	1893	null_3653_L	0.0535	0.265187533016376	0.303222398309562	0.23289797064225
1	3655	null_3654	L	H	1136	656	119	0	0	89	1911	null_3654_H	0.0445	0.467817896389325	0.59236002093145	0.373506436749316
1	3656	null_3655	H	L	1134	661	110	0	0	95	1905	null_3655_L	0.0475	0.46246719160105	0.577952755905512	0.36407685259815
1	3657	null_3656	L	H	974	779	147	0	0	100	1900	null_3656_H	0.05	0.564736842105263	0.719473684210526	0.400545983379501
1	3658	null_3657	H	L	1172	639	86	0	0	103	1897	null_3657_L	0.0515	0.42751713231418	0.518186610437533	0.335415712015393
1	3659	null_3658	H	L	1618	271	11	0	0	100	1900	null_3658_L	0.05	0.154210526315789	0.165789473684211	0.142008587257618
1	3660	null_3659	H	L	721	880	296	0	0	103	1897	null_3659_L	0.0515	0.775962045334739	1.08803373748023	0.48591664168016
1	3661	null_3660	H	L	634	934	334	0	0	98	1902	null_3660_L	0.049	0.842271293375394	1.19348054679285	0.48405961514859
1	3662	null_3661	L	H	754	894	254	0	0	98	1902	null_3661_H	0.049	0.737118822292324	1.00420609884332	0.4608619406657
1	3663	null_3662	H	L	809	869	225	0	0	97	1903	null_3662_L	0.0485	0.693116132422491	0.929584866001051	0.449174892976739
1	3664	null_3663	L	H	1362	498	50	0	0	90	1910	null_3663_H	0.045	0.313089005235602	0.36544502617801	0.267420300978592
1	3665	null_3664	H	L	928	816	150	0	0	106	1894	null_3664_L	0.053	0.589229144667371	0.747624076029567	0.400433091104126
1	3666	null_3665	H	L	908	812	171	0	0	109	1891	null_3665_L	0.0545	0.610259122157589	0.79111581173982	0.41869961556327
1	3667	null_3666	L	H	1218	594	85	0	0	103	1897	null_3666_H	0.0515	0.402741170268846	0.49235635213495	0.330155901905431
1	3668	null_3667	L	H	1634	260	5	0	0	101	1899	null_3667_H	0.0505	0.14218009478673	0.147446024223275	0.127230844869712
1	3669	null_3668	H	L	677	893	317	0	0	113	1887	null_3668_L	0.0565	0.809220985691574	1.14520402755697	0.490365423873326
1	3670	null_3669	L	H	977	764	162	0	0	97	1903	null_3669_H	0.0485	0.571728849185497	0.74198633736206	0.415112460371088
1	3671	null_3670	H	L	489	950	447	0	0	114	1886	null_3670_L	0.057	0.977730646871686	1.45174973488865	0.495792517056528
1	3672	null_3671	H	L	1605	272	9	0	0	114	1886	null_3671_L	0.057	0.153764581124072	0.163308589607635	0.139665043199374
1	3673	null_3672	H	L	1554	328	16	0	0	102	1898	null_3672_L	0.051	0.189673340358272	0.206533192834563	0.170557216791898
1	3674	null_3673	H	L	684	920	299	0	0	97	1903	null_3673_L	0.0485	0.797687861271676	1.11192853389385	0.475622609873671
1	3675	null_3674	L	H	1170	654	88	0	0	88	1912	null_3674_H	0.044	0.434100418410042	0.526150627615063	0.337707454351289
1	3676	null_3675	L	H	1630	285	12	0	0	73	1927	null_3675_H	0.0365	0.160352880124546	0.172807472755579	0.147094426591342
1	3677	null_3676	H	L	1376	473	34	0	0	117	1883	null_3676_L	0.0585	0.287307488050983	0.323420074349442	0.240874481659277
1	3678	null_3677	L	H	984	789	133	0	0	94	1906	null_3677_H	0.047	0.553515215110178	0.693074501573977	0.38669540821551
1	3679	null_3678	H	L	884	833	189	0	0	94	1906	null_3678_L	0.047	0.635362014690451	0.833683105981112	0.429998216269603
1	3680	null_3679	L	H	1064	719	118	0	0	99	1901	null_3679_H	0.0495	0.502367175170963	0.626512361914782	0.374139583225529
1	3681	null_3680	L	H	580	940	375	0	0	105	1895	null_3680_H	0.0525	0.891820580474934	1.28759894459103	0.492254996832381
1	3682	null_3681	L	H	758	905	231	0	0	106	1894	null_3681_H	0.053	0.721752903907075	0.965681098204857	0.444753843906562
1	3683	null_3682	L	H	1008	770	125	0	0	97	1903	null_3682_H	0.0485	0.535995796111403	0.667367314766159	0.380075821317062
1	3684	null_3683	L	H	1642	248	7	0	0	103	1897	null_3683_H	0.0515	0.138112809699526	0.145492883500264	0.126417735297166
1	3685	null_3684	L	H	735	899	285	0	0	81	1919	null_3684_H	0.0405	0.765502866076081	1.06253256904638	0.476537931075684
1	3686	null_3685	L	H	1645	253	10	0	0	92	1908	null_3685_H	0.046	0.143081761006289	0.15356394129979	0.13309155096713
1	3687	null_3686	L	H	636	899	361	0	0	104	1896	null_3686_H	0.052	0.854957805907173	1.23575949367089	0.504806643789279
1	3688	null_3687	L	H	1443	425	25	0	0	107	1893	null_3687_H	0.0535	0.250924458531432	0.277337559429477	0.214374475540185
1	3689	null_3688	L	H	571	942	386	0	0	101	1899	null_3688_H	0.0505	0.902580305423907	1.30911005792522	0.49445885018611
1	3690	null_3689	H	L	958	809	140	0	0	93	1907	null_3689_L	0.0465	0.571054011536445	0.717881489250131	0.391778805158265
1	3691	null_3690	H	L	1033	713	139	0	0	115	1885	null_3690_L	0.0575	0.525729442970822	0.673209549071618	0.396818101865207
1	3692	null_3691	H	L	1603	293	8	0	0	96	1904	null_3691_L	0.048	0.162289915966387	0.170693277310924	0.144355260486548
1	3693	null_3692	L	H	996	763	138	0	0	103	1897	null_3692_H	0.0515	0.547706905640485	0.693199789140749	0.393216934654473
1	3694	null_3693	L	H	1126	668	106	0	0	100	1900	null_3693_H	0.05	0.463157894736842	0.574736842105263	0.360221606648199
1	3695	null_3694	H	L	1482	399	21	0	0	98	1902	null_3694_L	0.049	0.23186119873817	0.253943217665615	0.200183602185314
1	3696	null_3695	L	H	1334	519	59	0	0	88	1912	null_3695_H	0.044	0.3331589958159	0.394874476987448	0.283879560494389
1	3697	null_3696	H	L	1334	527	55	0	0	84	1916	null_3696_L	0.042	0.332463465553236	0.389874739039666	0.279342783111998
1	3698	null_3697	H	L	901	807	194	0	0	98	1902	null_3697_L	0.049	0.628286014721346	0.832281808622503	0.437538492328071
1	3699	null_3698	H	L	1639	272	19	0	0	70	1930	null_3698_L	0.035	0.160621761658031	0.180310880829016	0.154511530510886
1	3700	null_3699	L	H	507	976	409	0	0	108	1892	null_3699_H	0.054	0.948202959830867	1.38054968287526	0.481460829843248
1	3701	null_3700	L	H	1161	645	89	0	0	105	1895	null_3700_H	0.0525	0.434300791556728	0.528232189973615	0.339615012426814
1	3702	null_3701	L	H	1599	291	18	0	0	92	1908	null_3701_H	0.046	0.171383647798742	0.190251572327044	0.160879217594241
1	3703	null_3702	H	L	730	935	242	0	0	93	1907	null_3702_L	0.0465	0.744100681699004	0.99790246460409	0.444216640099168
1	3704	null_3703	L	H	530	916	439	0	0	115	1885	null_3703_H	0.0575	0.951724137931035	1.41750663129973	0.511727796579164
1	3705	null_3704	L	H	1159	653	94	0	0	94	1906	null_3704_H	0.047	0.441238195173137	0.5398740818468	0.345182936967152
1	3706	null_3705	L	H	1037	746	115	0	0	102	1898	null_3705_H	0.051	0.51422550052687	0.635405690200211	0.3709778248081
1	3707	null_3706	H	L	1062	701	126	0	0	111	1889	null_3706_L	0.0555	0.504499735309688	0.63790365272631	0.383383669798765
1	3708	null_3707	L	H	480	978	426	0	0	116	1884	null_3707_H	0.058	0.971337579617834	1.42356687898089	0.480070185403059
1	3709	null_3708	L	H	669	946	299	0	0	86	1914	null_3708_H	0.043	0.806687565308255	1.11912225705329	0.468377429030331
1	3710	null_3709	L	H	1038	735	119	0	0	108	1892	null_3709_H	0.054	0.514270613107822	0.640063424947146	0.37558916144085
1	3711	null_3710	H	L	1555	327	15	0	0	103	1897	null_3710_L	0.0515	0.188191881918819	0.204006325777543	0.168590141357397
1	3712	null_3711	L	H	1123	654	123	0	0	100	1900	null_3711_H	0.05	0.473684210526316	0.603157894736842	0.378781163434903
1	3713	null_3712	L	H	945	771	176	0	0	108	1892	null_3712_H	0.054	0.593551797040169	0.779598308668076	0.427294572898462
1	3714	null_3713	L	H	783	858	252	0	0	107	1893	null_3713_H	0.0535	0.719492868462758	0.985736925515056	0.468066937746289
1	3715	null_3714	L	H	1406	456	36	0	0	102	1898	null_3714_H	0.051	0.278187565858799	0.316122233930453	0.23873391213201
1	3716	null_3715	L	H	559	952	406	0	0	83	1917	null_3715_H	0.0415	0.92018779342723	1.34376630151278	0.497020726340306
1	3717	null_3716	H	L	1221	595	83	0	0	101	1899	null_3716_L	0.0505	0.400737230121116	0.488151658767773	0.327561331162628
1	3718	null_3717	H	L	1113	690	109	0	0	88	1912	null_3717_L	0.044	0.47489539748954	0.588912133891213	0.363386495334466
1	3719	null_3718	L	H	753	883	263	0	0	101	1899	null_3718_H	0.0505	0.741969457609268	1.01895734597156	0.468438669946573
1	3720	null_3719	L	H	669	923	309	0	0	99	1901	null_3719_H	0.0495	0.810625986322988	1.13571804313519	0.478603553433075
1	3721	null_3720	L	H	585	937	383	0	0	95	1905	null_3720_H	0.0475	0.893963254593176	1.29606299212598	0.496892691563161
1	3722	null_3721	L	H	586	972	344	0	0	98	1902	null_3721_H	0.049	0.872765509989485	1.23449001051525	0.472770375088042
1	3723	null_3722	H	L	1382	481	42	0	0	95	1905	null_3722_L	0.0475	0.296587926509186	0.340682414698163	0.252718016547144
1	3724	null_3723	L	H	1281	573	60	0	0	86	1914	null_3723_H	0.043	0.362068965517241	0.424764890282132	0.293670954491406
1	3725	null_3724	H	L	1136	655	102	0	0	107	1893	null_3724_L	0.0535	0.453777073428421	0.561542525092446	0.355628892723184
1	3726	null_3725	H	L	793	841	264	0	0	102	1898	null_3725_L	0.051	0.721285563751317	0.999473129610116	0.479220265134061
1	3727	null_3726	L	H	1630	280	6	0	0	84	1916	null_3726_H	0.042	0.152400835073069	0.15866388308977	0.135437868558802
1	3728	null_3727	H	L	702	930	275	0	0	93	1907	null_3727_L	0.0465	0.776088096486628	1.06449921342423	0.462186479915989
1	3729	null_3728	H	L	603	932	346	0	0	119	1881	null_3728_L	0.0595	0.863370547581074	1.23125996810207	0.48585126567163
1	3730	null_3729	H	L	582	934	394	0	0	90	1910	null_3729_L	0.045	0.901570680628272	1.31413612565445	0.501306433485924
1	3731	null_3730	L	H	623	935	346	0	0	96	1904	null_3730_H	0.048	0.854516806722689	1.21796218487395	0.487763211902408
1	3732	null_3731	L	H	704	894	303	0	0	99	1901	null_3731_H	0.0495	0.789058390320884	1.10783798001052	0.485224836674737
1	3733	null_3732	L	H	1443	420	34	0	0	103	1897	null_3732_H	0.0515	0.257248286768582	0.293094359515024	0.226917678469653
1	3734	null_3733	H	L	1581	306	15	0	0	98	1902	null_3733_L	0.049	0.176656151419558	0.192429022082019	0.161221626247649
1	3735	null_3734	L	H	665	904	324	0	0	107	1893	null_3734_H	0.0535	0.81986265187533	1.162176439514	0.49000167157395
1	3736	null_3735	H	L	1159	662	93	0	0	86	1914	null_3735_L	0.043	0.443051201671891	0.540229885057471	0.343935517754564
1	3737	null_3736	H	L	584	953	372	0	0	91	1909	null_3736_L	0.0455	0.888947092718701	1.27867993713986	0.488453003486833
1	3738	null_3737	L	H	1580	309	9	0	0	102	1898	null_3737_H	0.051	0.172286617492097	0.181770284510011	0.152087605943142
1	3739	null_3738	L	H	549	956	381	0	0	114	1886	null_3738_H	0.057	0.910922587486744	1.31495227995758	0.485172319564037
1	3740	null_3739	L	H	1108	659	121	0	0	112	1888	null_3739_H	0.056	0.477224576271186	0.605402542372881	0.377659246175668
1	3741	null_3740	H	L	1393	467	37	0	0	103	1897	null_3740_L	0.0515	0.285187137585662	0.324196099103848	0.242864395659545
1	3742	null_3741	L	H	883	835	176	0	0	106	1894	null_3741_H	0.053	0.626715945089757	0.812565997888068	0.41979312205832
1	3743	null_3742	H	L	1630	255	7	0	0	108	1892	null_3742_L	0.054	0.142177589852008	0.149577167019027	0.129362699962902
1	3744	null_3743	L	H	1612	271	12	0	0	105	1895	null_3743_H	0.0525	0.155672823218997	0.168337730870712	0.144103702981739
1	3745	null_3744	L	H	1604	273	16	0	0	107	1893	null_3744_H	0.0535	0.161119915478077	0.178024300052826	0.152064672889163
1	3746	null_3745	H	L	1657	247	5	0	0	91	1909	null_3745_L	0.0455	0.13462545835516	0.13986380303824	0.121739789000903
1	3747	null_3746	L	H	554	949	405	0	0	92	1908	null_3746_H	0.046	0.921907756813417	1.34643605870021	0.496522146627463
1	3748	null_3747	L	H	1194	641	76	0	0	89	1911	null_3747_H	0.0445	0.414965986394558	0.494505494505495	0.322308724641086
1	3749	null_3748	H	L	465	991	443	0	0	101	1899	null_3748_L	0.0505	0.9884149552396	1.45497630331754	0.478012179576236
1	3750	null_3749	L	H	523	950	408	0	0	119	1881	null_3749_H	0.0595	0.93886230728336	1.37267410951621	0.491211677478781
1	3751	null_3750	H	L	1131	672	92	0	0	105	1895	null_3750_L	0.0525	0.451715039577836	0.548812664907652	0.344766187926845
1	3752	null_3751	H	L	1011	745	140	0	0	104	1896	null_3751_L	0.052	0.540611814345992	0.688291139240506	0.396030005430041
1	3753	null_3752	H	L	1687	205	4	0	0	104	1896	null_3752_L	0.052	0.112341772151899	0.116561181434599	0.10394050766437
1	3754	null_3753	H	L	1545	337	23	0	0	95	1905	null_3753_L	0.0475	0.201049868766404	0.225196850393701	0.184775800662712
1	3755	null_3754	H	L	1517	358	24	0	0	101	1899	null_3754_L	0.0505	0.213796735123749	0.239073196419168	0.193364152469593
1	3756	null_3755	L	H	506	918	469	0	0	107	1893	null_3755_H	0.0535	0.980454305335446	1.47596407818278	0.514673433331966
1	3757	null_3756	H	L	1329	506	57	0	0	108	1892	null_3756_L	0.054	0.3276955602537	0.387949260042283	0.280564879832297
1	3758	null_3757	L	H	778	881	247	0	0	94	1906	null_3757_H	0.047	0.721406086044071	0.980587618048269	0.460160877066843
1	3759	null_3758	L	H	888	812	195	0	0	105	1895	null_3758_H	0.0525	0.634300791556728	0.840105540897098	0.437768046727606
1	3760	null_3759	H	L	992	758	151	0	0	99	1901	null_3759_L	0.0495	0.557601262493425	0.716465018411363	0.405545850477102
1	3761	null_3760	H	L	653	932	293	0	0	122	1878	null_3760_L	0.061	0.808306709265176	1.12034078807242	0.46698105182932
1	3762	null_3761	L	H	1542	341	22	0	0	95	1905	null_3761_H	0.0475	0.202099737532808	0.225196850393701	0.184352546482871
1	3763	null_3762	H	L	563	949	385	0	0	103	1897	null_3762_L	0.0515	0.906167633104902	1.31207169214549	0.490931912858552
1	3764	null_3763	L	H	1455	392	33	0	0	120	1880	null_3763_H	0.06	0.243617021276596	0.278723404255319	0.219374151199638
1	3765	null_3764	H	L	1626	266	12	0	0	96	1904	null_3764_L	0.048	0.152310924369748	0.164915966386555	0.141717348704188
1	3766	null_3765	L	H	1569	322	14	0	0	95	1905	null_3765_H	0.0475	0.183727034120735	0.198425196850394	0.164669573783592
1	3767	null_3766	H	L	777	881	238	0	0	104	1896	null_3766_L	0.052	0.715717299578059	0.966772151898734	0.454520898983425
1	3768	null_3767	L	H	943	793	179	0	0	85	1915	null_3767_H	0.0425	0.601044386422977	0.78798955613577	0.426735201685198
1	3769	null_3768	H	L	1319	505	64	0	0	112	1888	null_3768_L	0.056	0.335275423728814	0.403072033898305	0.29066242414177
1	3770	null_3769	H	L	1465	399	26	0	0	110	1890	null_3769_L	0.055	0.238624338624339	0.266137566137566	0.209195991153663
1	3771	null_3770	H	L	1753	156	4	0	0	87	1913	null_3770_L	0.0435	0.0857292211186618	0.0899111343439624	0.08256163499035
1	3772	null_3771	L	H	750	885	256	0	0	109	1891	null_3771_H	0.0545	0.738762559492332	1.00951877313591	0.463748653828246
1	3773	null_3772	L	H	1692	197	7	0	0	104	1896	null_3772_H	0.052	0.111286919831224	0.118670886075949	0.106286107550428
1	3774	null_3773	L	H	947	765	175	0	0	113	1887	null_3773_H	0.0565	0.590885002649709	0.776364599894012	0.427219513537666
1	3775	null_3774	H	L	627	953	333	0	0	87	1913	null_3774_L	0.0435	0.846314688970204	1.19445896497648	0.478210412209744
1	3776	null_3775	L	H	802	864	241	0	0	93	1907	null_3775_H	0.0465	0.70582066072365	0.958573675930781	0.460390870826412
1	3777	null_3776	H	L	1524	360	15	0	0	101	1899	null_3776_L	0.0505	0.205371248025276	0.221169036334913	0.178991686819453
1	3778	null_3777	L	H	1566	310	13	0	0	111	1889	null_3777_H	0.0555	0.17787188988883	0.191635786130228	0.159997376917604
1	3779	null_3778	L	H	663	930	304	0	0	103	1897	null_3778_H	0.0515	0.810753821823933	1.13125988402741	0.473938124425299
1	3780	null_3779	L	H	1434	424	39	0	0	103	1897	null_3779_H	0.0515	0.26462836056932	0.305745914602003	0.235717745384397
1	3781	null_3780	H	L	772	886	236	0	0	106	1894	null_3780_L	0.053	0.717001055966209	0.966209081309398	0.452118567052739
1	3782	null_3781	H	L	837	827	257	0	0	79	1921	null_3781_L	0.0395	0.69807391983342	0.965642894325872	0.478335696774276
1	3783	null_3782	L	H	1008	730	150	0	0	112	1888	null_3782_H	0.056	0.545550847457627	0.704449152542373	0.406823425380638
1	3784	null_3783	H	L	623	936	346	0	0	95	1905	null_3783_L	0.0475	0.854593175853018	1.21784776902887	0.487518272814323
1	3785	null_3784	L	H	1601	280	16	0	0	103	1897	null_3784_H	0.0515	0.164470216130733	0.181338956246705	0.154288504252615
1	3786	null_3785	H	L	941	792	183	0	0	84	1916	null_3785_L	0.042	0.604384133611691	0.795407098121086	0.430126917159531
1	3787	null_3786	L	H	1362	486	52	0	0	100	1900	null_3786_H	0.05	0.310526315789474	0.365263157894737	0.268836565096953
1	3788	null_3787	L	H	1148	655	87	0	0	110	1890	null_3787_H	0.055	0.438624338624339	0.530687830687831	0.338296520254192
1	3789	null_3788	L	H	568	968	378	0	0	86	1914	null_3788_H	0.043	0.90073145245559	1.2957157784744	0.484398629031642
1	3790	null_3789	H	L	819	835	249	0	0	97	1903	null_3789_L	0.0485	0.700472937467157	0.96216500262743	0.471502666503563
1	3791	null_3790	L	H	831	862	216	0	0	91	1909	null_3790_H	0.0455	0.677841801990571	0.904138292299633	0.444668783773809
1	3792	null_3791	H	L	1362	478	47	0	0	113	1887	null_3791_L	0.0565	0.303126656067833	0.352941176470588	0.261055406851722
1	3793	null_3792	L	H	1371	496	44	0	0	89	1911	null_3792_H	0.0445	0.30559916274202	0.351648351648352	0.258257503379728
1	3794	null_3793	H	L	826	846	232	0	0	96	1904	null_3793_L	0.048	0.688025210084034	0.93172268907563	0.458343999364452
1	3795	null_3794	H	L	1317	529	58	0	0	96	1904	null_3794_L	0.048	0.338760504201681	0.39968487394958	0.284926194742603
1	3796	null_3795	L	H	882	814	201	0	0	103	1897	null_3795_H	0.0515	0.641012124406958	0.852925672113864	0.442029128477142
1	3797	null_3796	H	L	1079	725	107	0	0	89	1911	null_3796_L	0.0445	0.491365777080063	0.603349031920461	0.361908705034967
1	3798	null_3797	L	H	746	891	264	0	0	99	1901	null_3797_H	0.0495	0.746449237243556	1.02419779063651	0.467011326855021
1	3799	null_3798	H	L	1642	245	11	0	0	102	1898	null_3798_L	0.051	0.140674394099052	0.152265542676502	0.132476257521366
1	3800	null_3799	H	L	1691	198	4	0	0	107	1893	null_3799_L	0.0535	0.108821975699947	0.113048071843634	0.101205849448395
1	3801	null_3800	L	H	1113	656	121	0	0	110	1890	null_3800_H	0.055	0.475132275132275	0.603174603174603	0.377423924302231
1	3802	null_3801	L	H	1223	612	68	0	0	97	1903	null_3801_H	0.0485	0.393063583815029	0.464529689963216	0.310030709041702
1	3803	null_3802	H	L	1586	306	11	0	0	97	1903	null_3802_L	0.0485	0.172359432475039	0.183920126116658	0.15421235215354
1	3804	null_3803	L	H	1374	464	50	0	0	112	1888	null_3803_H	0.056	0.298728813559322	0.351694915254237	0.262456011203677
1	3805	null_3804	L	H	1469	400	22	0	0	109	1891	null_3804_H	0.0545	0.234796404019038	0.258064516129032	0.202935164788761
1	3806	null_3805	H	L	1506	370	28	0	0	96	1904	null_3805_L	0.048	0.223739495798319	0.253151260504202	0.203091898524116
1	3807	null_3806	H	L	1096	707	107	0	0	90	1910	null_3806_L	0.045	0.482198952879581	0.594240837696335	0.361725007538171
1	3808	null_3807	L	H	1489	362	18	0	0	131	1869	null_3807_H	0.0655	0.21294810058855	0.232209737827715	0.186862844283444
1	3809	null_3808	H	L	498	950	458	0	0	94	1906	null_3808_L	0.047	0.979013641133263	1.45960125918153	0.501133549656522
1	3810	null_3809	H	L	1186	622	86	0	0	106	1894	null_3809_L	0.053	0.41921858500528	0.510031678986272	0.334287456972443
1	3811	null_3810	H	L	751	904	249	0	0	96	1904	null_3810_L	0.048	0.736344537815126	0.997899159663866	0.455695881293694
1	3812	null_3811	L	H	798	882	217	0	0	103	1897	null_3811_H	0.0515	0.693726937269373	0.922509225092251	0.441252161599107
1	3813	null_3812	L	H	1655	241	10	0	0	94	1906	null_3812_H	0.047	0.136935991605456	0.147429171038825	0.128677705241855
1	3814	null_3813	L	H	1533	327	30	0	0	110	1890	null_3813_H	0.055	0.204761904761905	0.236507936507937	0.194580498866213
1	3815	null_3814	L	H	827	868	221	0	0	84	1916	null_3814_H	0.042	0.683716075156576	0.914405010438413	0.4469373390109
1	3816	null_3815	L	H	659	910	341	0	0	90	1910	null_3815_H	0.045	0.833507853403141	1.19057591623037	0.495840574545654
1	3817	null_3816	H	L	1261	581	56	0	0	102	1898	null_3816_L	0.051	0.365121180189673	0.424130663856691	0.290817187633591
1	3818	null_3817	H	L	974	799	127	0	0	100	1900	null_3817_L	0.05	0.55421052631579	0.687894736842105	0.380745429362881
1	3819	null_3818	L	H	1238	600	55	0	0	107	1893	null_3818_H	0.0535	0.375066032752245	0.433174854727945	0.292500325803437
1	3820	null_3819	H	L	750	884	268	0	0	98	1902	null_3819_L	0.049	0.7465825446898	1.02839116719243	0.471005671156932
1	3821	null_3820	H	L	859	845	217	0	0	79	1921	null_3820_L	0.0395	0.665799062988027	0.891723060905778	0.448434668630043
1	3822	null_3821	L	H	1309	519	52	0	0	120	1880	null_3821_H	0.06	0.331382978723404	0.386702127659575	0.276887449071978
1	3823	null_3822	L	H	1214	625	81	0	0	80	1920	null_3822_H	0.04	0.409895833333333	0.494270833333333	0.326256239149306
1	3824	null_3823	L	H	685	898	309	0	0	108	1892	null_3823_H	0.054	0.801268498942918	1.12790697674419	0.48587576934595
1	3825	null_3824	H	L	794	885	235	0	0	86	1914	null_3824_L	0.043	0.707941483803553	0.95350052246604	0.452319377976064
1	3826	null_3825	H	L	1417	436	43	0	0	104	1896	null_3825_L	0.052	0.275316455696203	0.320675105485232	0.244875954708113
1	3827	null_3826	L	H	1534	337	17	0	0	112	1888	null_3826_H	0.056	0.196504237288136	0.214512711864407	0.175898796592215
1	3828	null_3827	L	H	750	901	261	0	0	88	1912	null_3827_H	0.044	0.744246861924686	1.01725941422594	0.463356022741199
1	3829	null_3828	L	H	935	833	153	0	0	79	1921	null_3828_H	0.0395	0.592920353982301	0.752212389380531	0.400657843214034
1	3830	null_3829	H	L	1122	671	105	0	0	102	1898	null_3829_L	0.051	0.464172813487882	0.574815595363541	0.359359194582285
1	3831	null_3830	H	L	1181	632	97	0	0	90	1910	null_3830_L	0.045	0.432460732984293	0.534031413612565	0.347009128039253
1	3832	null_3831	L	H	964	785	154	0	0	97	1903	null_3831_H	0.0485	0.574356279558592	0.736205990541251	0.406320854672864
1	3833	null_3832	L	H	1603	287	21	0	0	89	1911	null_3832_H	0.0445	0.172161172161172	0.194139194139194	0.164499724939285
1	3834	null_3833	H	L	1295	544	56	0	0	105	1895	null_3833_L	0.0525	0.346174142480211	0.405277044854881	0.285440507932972
1	3835	null_3834	H	L	1342	528	51	0	0	79	1921	null_3834_L	0.0395	0.327954190525768	0.381051535658511	0.2734975845751
1	3836	null_3835	H	L	715	902	292	0	0	91	1909	null_3835_L	0.0455	0.77841801990571	1.08433734939759	0.478402735683664
1	3837	null_3836	L	H	804	863	226	0	0	107	1893	null_3836_H	0.0535	0.694664553618595	0.933438985736925	0.450880143682804
1	3838	null_3837	L	H	1364	491	40	0	0	105	1895	null_3837_H	0.0525	0.30131926121372	0.34353562005277	0.252742322874388
1	3839	null_3838	L	H	1026	747	139	0	0	88	1912	null_3838_H	0.044	0.536087866108787	0.681485355648536	0.394095155459463
1	3840	null_3839	H	L	651	966	303	0	0	80	1920	null_3839_L	0.04	0.81875	1.134375	0.4640234375
1	3841	null_3840	H	L	546	949	414	0	0	91	1909	null_3840_L	0.0455	0.930853850183342	1.36458878994238	0.498099899541226
1	3842	null_3841	L	H	993	768	128	0	0	111	1889	null_3841_H	0.0555	0.542085759661196	0.677607199576496	0.383750228749039
1	3843	null_3842	L	H	801	905	200	0	0	94	1906	null_3842_H	0.047	0.684679958027282	0.894543546694649	0.425756901770407
1	3844	null_3843	H	L	1541	343	28	0	0	88	1912	null_3843_L	0.044	0.208682008368201	0.237970711297071	0.194422530680485
1	3845	null_3844	L	H	852	834	218	0	0	96	1904	null_3844_H	0.048	0.667016806722689	0.896008403361345	0.451096982910812
1	3846	null_3845	H	L	1270	569	63	0	0	98	1902	null_3845_L	0.049	0.36540483701367	0.431650893796004	0.298130198883018
1	3847	null_3846	L	H	861	849	193	0	0	97	1903	null_3846_H	0.0485	0.648975302154493	0.851812926957436	0.43064398415092
1	3848	null_3847	H	L	1120	676	97	0	0	107	1893	null_3847_L	0.0535	0.459587955625991	0.562070787110407	0.350849698153929
1	3849	null_3848	L	H	504	941	445	0	0	110	1890	null_3848_H	0.055	0.968783068783069	1.43968253968254	0.5011419053218
1	3850	null_3849	L	H	909	799	180	0	0	112	1888	null_3849_H	0.056	0.613877118644068	0.804555084745763	0.42770996795102
1	3851	null_3850	H	L	875	847	185	0	0	93	1907	null_3850_L	0.0465	0.638175144205559	0.832197168327216	0.42492965364543
1	3852	null_3851	H	L	1699	195	3	0	0	103	1897	null_3851_L	0.0515	0.105956773853453	0.109119662625198	0.0978928246997659
1	3853	null_3852	H	L	861	816	218	0	0	105	1895	null_3852_L	0.0525	0.660686015831135	0.890765171503958	0.45425915998914
1	3854	null_3853	L	H	1354	504	43	0	0	99	1901	null_3853_H	0.0495	0.310362966859548	0.355602314571278	0.259277143373418
1	3855	null_3854	H	L	1629	258	9	0	0	104	1896	null_3854_L	0.052	0.145569620253165	0.155063291139241	0.13387277679859
1	3856	null_3855	H	L	1659	253	4	0	0	84	1916	null_3855_L	0.042	0.136221294363257	0.140396659707724	0.121840418669723
1	3857	null_3856	H	L	1094	682	103	0	0	121	1879	null_3856_L	0.0605	0.472591804151144	0.582224587546567	0.358881574195734
1	3858	null_3857	H	L	1583	283	9	0	0	125	1875	null_3857_L	0.0625	0.160533333333333	0.170133333333333	0.144362382222222
1	3859	null_3858	H	L	704	888	300	0	0	108	1892	null_3858_L	0.054	0.78646934460888	1.10359408033827	0.485060050328746
1	3860	null_3859	H	L	699	897	292	0	0	112	1888	null_3859_L	0.056	0.784427966101695	1.09375	0.478422765997558
1	3861	null_3860	L	H	1486	397	22	0	0	95	1905	null_3860_H	0.0475	0.231496062992126	0.254593175853018	0.201002748672164
1	3862	null_3861	H	L	712	880	301	0	0	107	1893	null_3861_L	0.0535	0.782884310618067	1.10089804543053	0.487990201618608
1	3863	null_3862	H	L	1091	715	98	0	0	96	1904	null_3862_L	0.048	0.478466386554622	0.58140756302521	0.352477479962573
1	3864	null_3863	H	L	1513	355	26	0	0	106	1894	null_3863_L	0.053	0.214889123548046	0.242344244984161	0.196166909564913
1	3865	null_3864	L	H	1544	350	27	0	0	79	1921	null_3864_H	0.0395	0.210307131702238	0.238417490890161	0.194188401245339
1	3866	null_3865	H	L	876	817	213	0	0	94	1906	null_3865_L	0.047	0.652151101783841	0.875655823714586	0.450354764156708
1	3867	null_3866	L	H	1617	277	14	0	0	92	1908	null_3866_H	0.046	0.159853249475891	0.174528301886792	0.148975240518791
1	3868	null_3867	H	L	1133	677	81	0	0	109	1891	null_3867_L	0.0545	0.443680592279217	0.52934955050238	0.332497082537143
1	3869	null_3868	H	L	1633	252	8	0	0	107	1893	null_3868_L	0.0535	0.141574220813524	0.150026413100898	0.129983153101942
1	3870	null_3869	L	H	1611	291	9	0	0	89	1911	null_3869_H	0.0445	0.161695447409733	0.171114599686028	0.144969181972994
1	3871	null_3870	L	H	839	843	221	0	0	97	1903	null_3870_H	0.0485	0.675249605885444	0.907514450867052	0.451552420618605
1	3872	null_3871	L	H	930	802	175	0	0	93	1907	null_3871_H	0.0465	0.604090194022024	0.787624541164132	0.422699578650565
1	3873	null_3872	L	H	939	782	175	0	0	104	1896	null_3872_H	0.052	0.59704641350211	0.781645569620253	0.425181149744521
1	3874	null_3873	H	L	1185	627	77	0	0	111	1889	null_3873_L	0.0555	0.413446267866596	0.494970884065643	0.324033067652826
1	3875	null_3874	L	H	572	945	371	0	0	112	1888	null_3874_H	0.056	0.89353813559322	1.28654661016949	0.488136210410083
1	3876	null_3875	L	H	946	792	148	0	0	114	1886	null_3875_H	0.057	0.576882290562036	0.733828207847296	0.401035030683194
1	3877	null_3876	L	H	849	846	197	0	0	108	1892	null_3876_H	0.054	0.6553911205074	0.863636363636364	0.434098842796419
1	3878	null_3877	H	L	1347	514	46	0	0	93	1907	null_3877_L	0.0465	0.317776612480336	0.366019926586261	0.265037951146784
1	3879	null_3878	H	L	773	865	268	0	0	94	1906	null_3878_L	0.047	0.73504721930745	1.01626442812172	0.475970013510106
1	3880	null_3879	H	L	1639	254	9	0	0	98	1902	null_3879_L	0.049	0.143007360672976	0.152471083070452	0.132019977863802
1	3881	null_3880	L	H	894	830	174	0	0	102	1898	null_3880_H	0.051	0.620653319283456	0.804004214963119	0.418793672225547
1	3882	null_3881	L	H	1532	353	29	0	0	86	1914	null_3881_H	0.043	0.214733542319749	0.24503657262278	0.198926078425592
1	3883	null_3882	H	L	553	977	374	0	0	96	1904	null_3882_L	0.048	0.905987394957983	1.29884453781513	0.478031377992374
1	3884	null_3883	H	L	1109	658	130	0	0	103	1897	null_3883_L	0.0515	0.483921982076964	0.620980495519241	0.386800010781944
1	3885	null_3884	H	L	1387	484	26	0	0	103	1897	null_3884_L	0.0515	0.282551396942541	0.309963099630996	0.230127807716815
1	3886	null_3885	H	L	1444	424	38	0	0	94	1906	null_3885_L	0.047	0.262329485834208	0.302203567681007	0.233386808542968
1	3887	null_3886	H	L	1222	608	74	0	0	96	1904	null_3886_L	0.048	0.397058823529412	0.474789915966387	0.317134206623826
1	3888	null_3887	H	L	1109	673	116	0	0	102	1898	null_3887_L	0.051	0.4768177028451	0.599051633298209	0.37169651155173
1	3889	null_3888	H	L	805	883	218	0	0	94	1906	null_3888_L	0.047	0.69202518363064	0.920776495278069	0.441877640499048
1	3890	null_3889	L	H	1132	662	105	0	0	101	1899	null_3889_H	0.0505	0.459189046866772	0.569773565034229	0.358918984271814
1	3891	null_3890	L	H	1368	478	37	0	0	117	1883	null_3890_H	0.0585	0.293149229952204	0.332448220924057	0.246511749902487
1	3892	null_3891	H	L	1345	514	34	0	0	107	1893	null_3891_L	0.0535	0.307448494453249	0.343370311674591	0.248845734933021
1	3893	null_3892	H	L	924	821	180	0	0	75	1925	null_3892_L	0.0375	0.613506493506494	0.800519480519481	0.424129262944847
1	3894	null_3893	L	H	919	780	193	0	0	108	1892	null_3893_H	0.054	0.616279069767442	0.820295983086681	0.440496091253257
1	3895	null_3894	H	L	1386	490	42	0	0	82	1918	null_3894_L	0.041	0.299270072992701	0.343065693430657	0.253503116841601
1	3896	null_3895	H	L	1353	517	47	0	0	83	1917	null_3895_L	0.0415	0.318727177882107	0.367762128325509	0.266175114404816
1	3897	null_3896	L	H	1171	637	98	0	0	94	1906	null_3896_H	0.047	0.43704092339979	0.5398740818468	0.348869313120658
1	3898	null_3897	H	L	1558	326	20	0	0	96	1904	null_3897_L	0.048	0.192226890756303	0.213235294117647	0.176284116587812
1	3899	null_3898	H	L	1071	706	117	0	0	106	1894	null_3898_L	0.053	0.496304118268215	0.619852164730729	0.373534386920738
1	3900	null_3899	L	H	1009	729	146	0	0	116	1884	null_3899_H	0.058	0.541932059447983	0.69692144373673	0.403231086679198
1	3901	null_3900	L	H	1106	706	94	0	0	94	1906	null_3900_H	0.047	0.469045120671564	0.567681007345226	0.347677682119424
1	3902	null_3901	L	H	1118	666	110	0	0	106	1894	null_3901_H	0.053	0.46779303062302	0.583949313621964	0.365118994122494
1	3903	null_3902	L	H	1013	739	141	0	0	107	1893	null_3902_H	0.0535	0.539355520338088	0.688325409403064	0.397421032083895
1	3904	null_3903	L	H	1604	279	19	0	0	98	1902	null_3903_H	0.049	0.166666666666667	0.18664563617245	0.158867858394672
1	3905	null_3904	L	H	1586	306	12	0	0	96	1904	null_3904_H	0.048	0.173319327731092	0.185924369747899	0.155884780382741
1	3906	null_3905	H	L	871	840	184	0	0	105	1895	null_3905_L	0.0525	0.637467018469657	0.831662269129288	0.425298069492694
1	3907	null_3906	H	L	1385	479	32	0	0	104	1896	null_3906_L	0.052	0.286392405063291	0.320147679324895	0.238127069646958
1	3908	null_3907	H	L	785	825	264	0	0	126	1874	null_3907_L	0.063	0.721985058697972	1.00373532550694	0.482472900523823
1	3909	null_3908	L	H	1548	344	20	0	0	88	1912	null_3908_H	0.044	0.200836820083682	0.221757322175732	0.181421893874407
1	3910	null_3909	L	H	1092	668	139	0	0	101	1899	null_3909_H	0.0505	0.498156924697209	0.644549763033175	0.396389441409395
1	3911	null_3910	H	L	698	894	299	0	0	109	1891	null_3910_L	0.0545	0.78900052882073	1.10523532522475	0.482713490745358
1	3912	null_3911	H	L	1593	296	10	0	0	101	1899	null_3911_L	0.0505	0.166403370194839	0.176935229067931	0.14924514745573
1	3913	null_3912	H	L	1350	493	55	0	0	102	1898	null_3912_L	0.051	0.317702845100105	0.375658587987355	0.274723490202654
1	3914	null_3913	L	H	527	939	439	0	0	95	1905	null_3913_H	0.0475	0.953805774278215	1.41469816272966	0.504952707683193
1	3915	null_3914	L	H	961	771	177	0	0	91	1909	null_3914_H	0.0455	0.589313776846517	0.774751178627554	0.427460451046448
1	3916	null_3915	H	L	1708	190	7	0	0	95	1905	null_3915_L	0.0475	0.107086614173228	0.114435695538058	0.102968152602972
1	3917	null_3916	H	L	567	923	379	0	0	131	1869	null_3916_L	0.0655	0.899411449973248	1.30497592295345	0.496034966610471
1	3918	null_3917	L	H	1653	243	3	0	0	101	1899	null_3917_H	0.0505	0.131121642969984	0.134281200631912	0.117088315376764
1	3919	null_3918	H	L	642	935	321	0	0	102	1898	null_3918_L	0.051	0.830874604847208	1.16912539515279	0.478772786172789
1	3920	null_3919	L	H	1068	719	123	0	0	90	1910	null_3919_H	0.045	0.505235602094241	0.634031413612565	0.378768399989035
1	3921	null_3920	L	H	868	840	173	0	0	119	1881	null_3920_H	0.0595	0.630515683147262	0.814460393407762	0.416910366713103
1	3922	null_3921	L	H	504	919	468	0	0	109	1891	null_3921_H	0.0545	0.980962453728186	1.47593865679535	0.513651321170923
1	3923	null_3922	H	L	704	946	260	0	0	90	1910	null_3922_L	0.045	0.767539267015707	1.03979057591623	0.450674049505222
1	3924	null_3923	L	H	519	929	450	0	0	102	1898	null_3923_H	0.051	0.963645943097998	1.43782929399368	0.509215790344448
1	3925	null_3924	L	H	641	954	300	0	0	105	1895	null_3924_H	0.0525	0.820052770448549	1.13667546174142	0.464188915421084
1	3926	null_3925	H	L	1549	319	18	0	0	114	1886	null_3925_L	0.057	0.188229056203606	0.207317073170732	0.171886895571432
1	3927	null_3926	H	L	533	960	383	0	0	124	1876	null_3926_L	0.062	0.920042643923241	1.32835820895522	0.481879742317956
1	3928	null_3927	L	H	1096	689	115	0	0	100	1900	null_3927_H	0.05	0.483684210526316	0.604736842105263	0.370786426592798
1	3929	null_3928	H	L	503	940	466	0	0	91	1909	null_3928_L	0.0455	0.980618124672603	1.46883184913567	0.507219942699259
1	3930	null_3929	H	L	1099	692	109	0	0	100	1900	null_3929_L	0.05	0.478947368421053	0.593684210526316	0.364293628808864
1	3931	null_3930	H	L	1100	689	122	0	0	89	1911	null_3930_L	0.0445	0.488226059654631	0.615907901622187	0.3775432162963
1	3932	null_3931	L	H	890	841	188	0	0	81	1919	null_3931_H	0.0405	0.634184471078687	0.830119854090672	0.427929910733319
1	3933	null_3932	L	H	1088	695	119	0	0	98	1902	null_3932_H	0.049	0.490536277602524	0.615667718191378	0.375041878547237
1	3934	null_3933	H	L	1073	727	106	0	0	94	1906	null_3933_L	0.047	0.492654774396642	0.603882476390346	0.36117374965454
1	3935	null_3934	L	H	1401	448	31	0	0	120	1880	null_3934_H	0.06	0.271276595744681	0.304255319148936	0.230664327750113
1	3936	null_3935	H	L	1008	744	137	0	0	111	1889	null_3935_L	0.0555	0.538909475913182	0.683959767072525	0.393536343843505
1	3937	null_3936	L	H	872	830	197	0	0	101	1899	null_3936_H	0.0505	0.644549763033175	0.85202738283307	0.436582985806948
1	3938	null_3937	L	H	544	961	407	0	0	88	1912	null_3937_H	0.044	0.928347280334728	1.35407949790795	0.492250825003064
1	3939	null_3938	H	L	611	940	343	0	0	106	1894	null_3938_L	0.053	0.858500527983104	1.22069693769799	0.483673781150725
1	3940	null_3939	H	L	831	854	208	0	0	107	1893	null_3939_L	0.0535	0.670892762810354	0.890649762282092	0.440552663090782
1	3941	null_3940	H	L	1319	521	62	0	0	98	1902	null_3940_L	0.049	0.339116719242902	0.404311251314406	0.289311102044337
1	3942	null_3941	H	L	1290	570	48	0	0	92	1908	null_3941_L	0.046	0.349056603773585	0.39937106918239	0.277530556544441
1	3943	null_3942	L	H	689	913	306	0	0	92	1908	null_3942_H	0.046	0.799266247379455	1.12002096436059	0.481194430160551
1	3944	null_3943	L	H	541	943	425	0	0	91	1909	null_3943_H	0.0455	0.93923520167627	1.38449449973808	0.502331735670219
1	3945	null_3944	H	L	884	821	189	0	0	106	1894	null_3944_L	0.053	0.633051742344245	0.832629355860613	0.431874847375528
1	3946	null_3945	H	L	698	911	303	0	0	88	1912	null_3945_L	0.044	0.793410041841004	1.11035564853556	0.480856154041421
1	3947	null_3946	H	L	717	871	311	0	0	101	1899	null_3946_L	0.0505	0.786203264876251	1.11374407582938	0.495628502127308
1	3948	null_3947	H	L	1224	592	81	0	0	103	1897	null_3947_L	0.0515	0.397469688982604	0.482867685819715	0.324885532159787
1	3949	null_3948	H	L	1179	628	86	0	0	107	1893	null_3948_L	0.0535	0.422609614368727	0.513470681458003	0.334871795301119
1	3950	null_3949	L	H	1136	657	104	0	0	103	1897	null_3949_H	0.0515	0.455983131259884	0.565629942013706	0.357709326020137
1	3951	null_3950	L	H	1129	681	94	0	0	96	1904	null_3950_H	0.048	0.45640756302521	0.555147058823529	0.346839195236918
1	3952	null_3951	H	L	1211	608	88	0	0	93	1907	null_3951_L	0.0465	0.411116937598322	0.503408495018353	0.334391358638131
1	3953	null_3952	H	L	710	907	284	0	0	99	1901	null_3952_L	0.0495	0.775907417148869	1.07469752761704	0.472665207630415
1	3954	null_3953	L	H	1641	231	9	0	0	119	1881	null_3953_H	0.0595	0.13237639553429	0.141945773524721	0.12442226343007
1	3955	null_3954	H	L	1283	551	51	0	0	115	1885	null_3954_L	0.0575	0.346419098143236	0.40053050397878	0.280524312420407
1	3956	null_3955	H	L	1239	581	74	0	0	106	1894	null_3955_L	0.053	0.384899683210137	0.463041182682154	0.31489341654689
1	3957	null_3956	L	H	924	783	184	0	0	109	1891	null_3956_H	0.0545	0.608672659968271	0.80327868852459	0.43279628153174
1	3958	null_3957	L	H	1404	459	38	0	0	99	1901	null_3957_H	0.0495	0.281430825881115	0.32140978432404	0.242206474567913
1	3959	null_3958	L	H	780	881	240	0	0	99	1901	null_3958_H	0.0495	0.715938979484482	0.968437664387165	0.455869042041883
1	3960	null_3959	H	L	823	857	222	0	0	98	1902	null_3959_L	0.049	0.684016824395373	0.91745531019979	0.449576294143859
1	3961	null_3960	H	L	790	869	245	0	0	96	1904	null_3960_L	0.048	0.713760504201681	0.971113445378151	0.461659388019914
1	3962	null_3961	H	L	552	946	405	0	0	97	1903	null_3961_L	0.0485	0.922753547031004	1.34839726747241	0.496923158914114
1	3963	null_3962	L	H	669	929	301	0	0	101	1899	null_3962_H	0.0505	0.806213796735124	1.12322274881517	0.473242062769102
1	3964	null_3963	H	L	810	866	232	0	0	92	1908	null_3963_L	0.046	0.69706498951782	0.940251572327044	0.454351972715566
1	3965	null_3964	L	H	1317	532	55	0	0	96	1904	null_3964_H	0.048	0.33718487394958	0.394957983193277	0.281264343972883
1	3966	null_3965	L	H	832	854	211	0	0	103	1897	null_3965_H	0.0515	0.672641012124407	0.895097522403795	0.442651591212049
1	3967	null_3966	L	H	866	838	195	0	0	101	1899	null_3966_H	0.0505	0.646656134807794	0.85202738283307	0.433863226148515
1	3968	null_3967	L	H	625	932	341	0	0	102	1898	null_3967_H	0.051	0.850368809272919	1.20969441517387	0.486567303389625
1	3969	null_3968	L	H	1627	239	15	0	0	119	1881	null_3968_H	0.0595	0.14300903774588	0.158958001063264	0.138506416186262
1	3970	null_3969	L	H	700	908	277	0	0	115	1885	null_3969_H	0.0575	0.775596816976127	1.06949602122016	0.467945598716659
1	3971	null_3970	H	L	1644	255	8	0	0	93	1907	null_3970_L	0.0465	0.142108023072889	0.150498164656529	0.130303474434844
1	3972	null_3971	L	H	865	860	165	0	0	110	1890	null_3971_H	0.055	0.62962962962963	0.804232804232804	0.40779933372526
1	3973	null_3972	L	H	832	828	240	0	0	100	1900	null_3972_H	0.05	0.688421052631579	0.941052631578947	0.467129085872576
1	3974	null_3973	H	L	1479	392	23	0	0	106	1894	null_3973_L	0.053	0.231256599788807	0.255543822597677	0.202064207651797
1	3975	null_3974	L	H	1711	175	2	0	0	112	1888	null_3974_H	0.056	0.0948093220338983	0.0969279661016949	0.0879391585571675
1	3976	null_3975	L	H	579	921	404	0	0	96	1904	null_3975_H	0.048	0.908088235294118	1.33245798319328	0.507833740113692
1	3977	null_3976	L	H	853	848	207	0	0	92	1908	null_3976_H	0.046	0.661425576519916	0.878406708595388	0.440922915320684
1	3978	null_3977	H	L	680	889	319	0	0	112	1888	null_3977_L	0.056	0.808792372881356	1.14671610169492	0.492570999263861
1	3979	null_3978	H	L	1354	500	43	0	0	103	1897	null_3978_L	0.0515	0.308908803373748	0.354243542435424	0.258818893633623
1	3980	null_3979	L	H	650	916	339	0	0	95	1905	null_3979_H	0.0475	0.836745406824147	1.19265091863517	0.492508042793863
1	3981	null_3980	H	L	1074	683	144	0	0	99	1901	null_3980_L	0.0495	0.510783798001052	0.662283008942662	0.401382920642282
1	3982	null_3981	L	H	1542	350	19	0	0	89	1911	null_3981_H	0.0445	0.203035060177917	0.222919937205651	0.181696701544201
1	3983	null_3982	H	L	1514	372	23	0	0	91	1909	null_3982_L	0.0455	0.21896280775275	0.243059193294919	0.195114482115951
1	3984	null_3983	L	H	1533	356	18	0	0	93	1907	null_3983_H	0.0465	0.205558468799161	0.224436287362349	0.182182003267294
1	3985	null_3984	L	H	466	1002	436	0	0	96	1904	null_3984_H	0.048	0.984243697478992	1.4422268907563	0.473491234729186
1	3986	null_3985	H	L	1101	686	118	0	0	95	1905	null_3985_L	0.0475	0.483989501312336	0.607874015748032	0.373628178367468
1	3987	null_3986	L	H	1461	417	26	0	0	96	1904	null_3986_H	0.048	0.246323529411765	0.273634453781513	0.212959172639644
1	3988	null_3987	H	L	1446	408	29	0	0	117	1883	null_3987_L	0.0585	0.247477429633563	0.278279341476368	0.217034263298332
1	3989	null_3988	L	H	1324	528	61	0	0	87	1913	null_3988_H	0.0435	0.339780449555672	0.403554626241506	0.288103872341251
1	3990	null_3989	L	H	1458	406	28	0	0	108	1892	null_3989_H	0.054	0.244186046511628	0.273784355179704	0.214157529868725
1	3991	null_3990	H	L	1002	747	160	0	0	91	1909	null_3990_L	0.0455	0.558931377684652	0.726558407543216	0.414154122582754
1	3992	null_3991	H	L	1146	661	91	0	0	102	1898	null_3991_L	0.051	0.444151738672287	0.540042149631191	0.342771382665576
1	3993	null_3992	H	L	562	932	405	0	0	101	1899	null_3992_L	0.0505	0.917324907846235	1.34386519220642	0.502380205651321
1	3994	null_3993	L	H	1379	490	36	0	0	95	1905	null_3993_H	0.0475	0.29501312335958	0.332808398950131	0.245775655995756
1	3995	null_3994	L	H	827	870	201	0	0	102	1898	null_3994_H	0.051	0.670179135932561	0.881981032665964	0.432840958426651
1	3996	null_3995	H	L	1496	373	29	0	0	102	1898	null_3995_L	0.051	0.227081138040042	0.257639620653319	0.206073777399759
1	3997	null_3996	L	H	585	971	358	0	0	86	1914	null_3996_H	0.043	0.881400208986416	1.25548589341693	0.47861956501563
1	3998	null_3997	L	H	985	753	166	0	0	96	1904	null_3997_H	0.048	0.569852941176471	0.74422268907563	0.419490314508156
1	3999	null_3998	H	L	1414	454	31	0	0	101	1899	null_3998_L	0.0505	0.27172195892575	0.304370721432333	0.230537898469886
1	4000	null_3999	L	H	639	915	358	0	0	88	1912	null_3999_H	0.044	0.853033472803347	1.22751046025105	0.499844354528107
1	4001	null_4000	L	H	937	787	157	0	0	119	1881	null_4000_H	0.0595	0.585326953748006	0.752259436469963	0.409651793686042
1	4002	null_4001	L	H	565	922	417	0	0	96	1904	null_4001_H	0.048	0.922268907563025	1.36029411764706	0.509714179789563
1	4003	null_4002	L	H	932	780	174	0	0	114	1886	null_4002_H	0.057	0.598091198303287	0.782608695652174	0.424895614164312
1	4004	null_4003	L	H	1272	558	82	0	0	88	1912	null_4003_H	0.044	0.377615062761506	0.463389121338912	0.320795985714536
1	4005	null_4004	L	H	1343	504	57	0	0	96	1904	null_4004_H	0.048	0.324579831932773	0.384453781512605	0.279101714215098
1	4006	null_4005	L	H	1461	409	29	0	0	101	1899	null_4005_H	0.0505	0.245918904686677	0.276461295418641	0.215985187736346
1	4007	null_4006	L	H	1726	159	6	0	0	109	1891	null_4006_H	0.0545	0.0904283447911158	0.0967741935483871	0.0885969080067262
1	4008	null_4007	L	H	773	885	259	0	0	83	1917	null_4007_H	0.0415	0.731872717788211	1.00208659363589	0.466448918593187
1	4009	null_4008	H	L	517	925	462	0	0	96	1904	null_4008_L	0.048	0.971113445378151	1.45640756302521	0.513346239230986
1	4010	null_4009	H	L	1035	731	142	0	0	92	1908	null_4009_L	0.046	0.531970649895178	0.680817610062893	0.397824837712995
1	4011	null_4010	H	L	1098	695	111	0	0	96	1904	null_4010_L	0.048	0.481617647058824	0.598214285714286	0.366258727755808
1	4012	null_4011	L	H	870	805	204	0	0	121	1879	null_4011_H	0.0605	0.645556146886642	0.862692921766897	0.44595018298377
1	4013	null_4012	L	H	1287	543	66	0	0	104	1896	null_4012_H	0.052	0.356012658227848	0.425632911392405	0.298887898573947
1	4014	null_4013	L	H	1291	559	59	0	0	91	1909	null_4013_H	0.0455	0.354635935044526	0.416448402304872	0.290681755879966
1	4015	null_4014	H	L	1694	182	8	0	0	116	1884	null_4014_L	0.058	0.105095541401274	0.113588110403397	0.10254303758097
1	4016	null_4015	H	L	1054	713	127	0	0	106	1894	null_4015_L	0.053	0.510559662090813	0.644667370644139	0.383996202089854
1	4017	null_4016	L	H	668	915	315	0	0	102	1898	null_4016_H	0.051	0.814014752370917	1.14594309799789	0.483323080920408
1	4018	null_4017	H	L	763	899	250	0	0	88	1912	null_4017_L	0.044	0.731694560669456	0.993200836820084	0.457823906706815
1	4019	null_4018	H	L	1436	429	42	0	0	93	1907	null_4018_L	0.0465	0.269008914525433	0.313057157839539	0.240691361745387
1	4020	null_4019	H	L	769	868	254	0	0	109	1891	null_4019_L	0.0545	0.727657324167107	0.996298254891592	0.466813073477557
1	4021	null_4020	H	L	1297	569	53	0	0	81	1919	null_4020_L	0.0405	0.351745700885878	0.406982803543512	0.283257765451815
1	4022	null_4021	H	L	524	977	396	0	0	103	1897	null_4021_L	0.0515	0.93252503953611	1.35002635740643	0.480423408044608
1	4023	null_4022	H	L	999	778	144	0	0	79	1921	null_4022_L	0.0395	0.554919312857887	0.704841228526809	0.39690578474414
1	4024	null_4023	H	L	1644	234	13	0	0	109	1891	null_4023_L	0.0545	0.137493389740878	0.151242728714966	0.132338296492529
1	4025	null_4024	H	L	489	945	460	0	0	106	1894	null_4024_L	0.053	0.984688489968321	1.47043294614572	0.500821523869631
1	4026	null_4025	L	H	1655	214	8	0	0	123	1877	null_4025_H	0.0615	0.122535961640916	0.131060202450719	0.116045140555455
1	4027	null_4026	H	L	1383	470	37	0	0	110	1890	null_4026_L	0.055	0.287830687830688	0.326984126984127	0.24413762212704
1	4028	null_4027	L	H	1372	488	43	0	0	97	1903	null_4027_H	0.0485	0.301629006831319	0.346820809248555	0.255840751486507
1	4029	null_4028	L	H	1099	684	111	0	0	106	1894	null_4028_H	0.053	0.478352692713833	0.595564941921858	0.366743643295284
1	4030	null_4029	L	H	1323	518	56	0	0	103	1897	null_4029_H	0.0515	0.33210332103321	0.391143911439114	0.280851295597827
1	4031	null_4030	H	L	1600	313	8	0	0	79	1921	null_4030_L	0.0395	0.171264966163457	0.179593961478397	0.150262272843427
1	4032	null_4031	H	L	1472	411	28	0	0	89	1911	null_4031_L	0.0445	0.244374672946102	0.273678702250131	0.213959721472617
1	4033	null_4032	L	H	1378	480	39	0	0	103	1897	null_4032_H	0.0515	0.294148655772272	0.335266209804955	0.248742778112321
1	4034	null_4033	H	L	1546	350	16	0	0	88	1912	null_4033_L	0.044	0.19979079497908	0.21652719665272	0.176610834894347
1	4035	null_4034	L	H	1009	760	121	0	0	110	1890	null_4034_H	0.055	0.53015873015873	0.658201058201058	0.377132779037541
1	4036	null_4035	H	L	708	891	300	0	0	101	1899	null_4035_L	0.0505	0.785150078988942	1.10110584518167	0.484645198645334
1	4037	null_4036	L	H	1019	733	137	0	0	111	1889	null_4036_H	0.0555	0.533086289041821	0.678136580201165	0.393955588636785
1	4038	null_4037	L	H	1351	514	46	0	0	89	1911	null_4037_H	0.0445	0.317111459968603	0.365253793825222	0.264694115781804
1	4039	null_4038	L	H	1086	705	106	0	0	103	1897	null_4038_H	0.0515	0.48339483394834	0.595150237216658	0.361479671728715
1	4040	null_4039	H	L	1313	543	46	0	0	98	1902	null_4039_L	0.049	0.333859095688749	0.382229232386961	0.270767336612852
1	4041	null_4040	L	H	1217	636	61	0	0	86	1914	null_4040_H	0.043	0.396029258098224	0.459770114942529	0.302930941672699
1	4042	null_4041	H	L	1061	723	97	0	0	119	1881	null_4041_L	0.0595	0.487506645401382	0.590643274853801	0.352980545543292
1	4043	null_4042	L	H	1362	496	41	0	0	101	1899	null_4042_H	0.0505	0.304370721432333	0.347551342812006	0.254909806746768
1	4044	null_4043	L	H	527	977	404	0	0	92	1908	null_4043_H	0.046	0.935534591194969	1.35901467505241	0.483789703730074
1	4045	null_4044	L	H	1267	562	60	0	0	111	1889	null_4044_H	0.0555	0.361037586024352	0.424563260984648	0.294215122462357
1	4046	null_4045	H	L	704	897	297	0	0	102	1898	null_4045_L	0.051	0.785563751317176	1.09852476290832	0.481414355524811
1	4047	null_4046	L	H	1219	609	70	0	0	102	1898	null_4046_H	0.051	0.394625922023182	0.468387776606955	0.312658158274308
1	4048	null_4047	H	L	521	975	412	0	0	92	1908	null_4047_L	0.046	0.942872117400419	1.37473794549266	0.485730115721512
1	4049	null_4048	H	L	1024	743	145	0	0	88	1912	null_4048_L	0.044	0.540271966527197	0.691945606694561	0.400051808879396
1	4050	null_4049	H	L	840	836	219	0	0	105	1895	null_4049_L	0.0525	0.672295514511873	0.903430079155673	0.451448820322888
1	4051	null_4050	H	L	1148	647	100	0	0	105	1895	null_4050_L	0.0525	0.446965699208443	0.552506596306069	0.352728260037176
1	4052	null_4051	L	H	1522	351	17	0	0	110	1890	null_4051_H	0.055	0.203703703703704	0.221693121693122	0.180197922790515
1	4053	null_4052	H	L	1229	603	80	0	0	88	1912	null_4052_L	0.044	0.399058577405858	0.482740585774059	0.323492837572872
1	4054	null_4053	L	H	1579	306	15	0	0	100	1900	null_4053_H	0.05	0.176842105263158	0.192631578947368	0.161358448753463
1	4055	null_4054	L	H	904	821	192	0	0	83	1917	null_4054_H	0.0415	0.628586332811685	0.828899321857069	0.433778544059426
1	4056	null_4055	L	H	970	766	172	0	0	92	1908	null_4055_H	0.046	0.581761006289308	0.762054507337526	0.423608638898778
1	4057	null_4056	L	H	1654	243	5	0	0	98	1902	null_4056_H	0.049	0.133017875920084	0.138275499474238	0.120581744159947
1	4058	null_4057	H	L	1463	402	21	0	0	114	1886	null_4057_L	0.057	0.23541887592789	0.257688229056204	0.202266181913052
1	4059	null_4058	H	L	1168	641	84	0	0	107	1893	null_4058_L	0.0535	0.427363972530375	0.516111991547808	0.333472026530865
1	4060	null_4059	L	H	622	961	332	0	0	85	1915	null_4059_H	0.0425	0.848563968668407	1.19530026109661	0.475239452174328
1	4061	null_4060	L	H	932	792	163	0	0	113	1887	null_4060_H	0.0565	0.592474827768946	0.765235824059353	0.414209402519512
1	4062	null_4061	L	H	1707	189	10	0	0	94	1906	null_4061_H	0.047	0.109653725078699	0.120146904512067	0.108122965088432
1	4063	null_4062	L	H	634	889	372	0	0	105	1895	null_4062_H	0.0525	0.861741424802111	1.25435356200528	0.511755278785305
1	4064	null_4063	H	L	1277	567	56	0	0	100	1900	null_4063_L	0.05	0.357368421052632	0.416315789473684	0.288603601108033
1	4065	null_4064	H	L	1115	665	110	0	0	110	1890	null_4064_L	0.055	0.468253968253968	0.584656084656085	0.365394305870496
1	4066	null_4065	L	H	1545	333	15	0	0	107	1893	null_4065_H	0.0535	0.19175911251981	0.207606973058637	0.170835415824252
1	4067	null_4066	H	L	767	895	238	0	0	100	1900	null_4066_L	0.05	0.721578947368421	0.972105263157895	0.451429085872576
1	4068	null_4067	L	H	890	809	192	0	0	109	1891	null_4067_H	0.0545	0.63088313061872	0.833950290851401	0.435936766352124
1	4069	null_4068	L	H	1224	605	79	0	0	92	1908	null_4068_H	0.046	0.399895178197065	0.482704402515723	0.322788248970461
1	4070	null_4069	H	L	1255	588	61	0	0	96	1904	null_4069_L	0.048	0.372899159663866	0.436974789915966	0.297921006637949
1	4071	null_4070	H	L	813	857	238	0	0	92	1908	null_4070_L	0.046	0.698637316561845	0.94811320754717	0.460019107454434
1	4072	null_4071	L	H	1563	331	11	0	0	95	1905	null_4071_H	0.0475	0.185301837270341	0.196850393700787	0.162513622805023
1	4073	null_4072	L	H	476	974	445	0	0	105	1895	null_4072_H	0.0525	0.983641160949868	1.4532981530343	0.485748219519496
1	4074	null_4073	L	H	1582	296	19	0	0	103	1897	null_4073_H	0.0515	0.176067474960464	0.196099103848181	0.165099348109228
1	4075	null_4074	L	H	679	911	305	0	0	105	1895	null_4074_H	0.0525	0.802638522427441	1.1245382585752	0.480309660890693
1	4076	null_4075	L	H	940	760	185	0	0	115	1885	null_4075_H	0.0575	0.59946949602122	0.795755968169761	0.436392291509826
1	4077	null_4076	L	H	1065	734	116	0	0	85	1915	null_4076_H	0.0425	0.50443864229765	0.625587467362924	0.371129123519828
1	4078	null_4077	L	H	507	955	431	0	0	107	1893	null_4077_H	0.0535	0.959852086634971	1.41521394611727	0.493897917899766
1	4079	null_4078	L	H	524	962	402	0	0	112	1888	null_4078_H	0.056	0.935381355932203	1.36122881355932	0.486290532533755
1	4080	null_4079	L	H	833	862	208	0	0	97	1903	null_4079_H	0.0485	0.671571203363111	0.890173410404624	0.439165529218048
1	4081	null_4080	H	L	800	874	205	0	0	121	1879	null_4080_L	0.0605	0.683342203299628	0.901543374135178	0.434586807324789
1	4082	null_4081	H	L	1185	633	85	0	0	97	1903	null_4081_L	0.0485	0.421965317919075	0.511297950604309	0.333243221077763
1	4083	null_4082	L	H	481	947	457	0	0	115	1885	null_4082_H	0.0575	0.987267904509284	1.47214854111406	0.497450625839906
1	4084	null_4083	H	L	532	937	446	0	0	85	1915	null_4083_L	0.0425	0.95509138381201	1.42088772845953	0.508688177027589
1	4085	null_4084	L	H	1020	750	138	0	0	92	1908	null_4084_H	0.046	0.537735849056604	0.682389937106918	0.393230093746292
1	4086	null_4085	H	L	880	842	189	0	0	89	1911	null_4085_L	0.0445	0.638409209837781	0.836211407639979	0.428645088434279
1	4087	null_4086	L	H	1509	367	25	0	0	99	1901	null_4086_H	0.0495	0.219358232509206	0.245660178853235	0.197542144683672
1	4088	null_4087	L	H	986	761	152	0	0	101	1899	null_4087_H	0.0505	0.560821484992101	0.720905739863086	0.40638500183434
1	4089	null_4088	H	L	509	938	473	0	0	80	1920	null_4088_L	0.04	0.98125	1.47395833333333	0.511106770833333
1	4090	null_4089	L	H	678	901	311	0	0	110	1890	null_4089_H	0.055	0.805820105820106	1.13492063492064	0.485574591976708
1	4091	null_4090	L	H	696	889	300	0	0	115	1885	null_4090_H	0.0575	0.789920424403183	1.10822281167109	0.484248534781783
1	4092	null_4091	L	H	1099	693	115	0	0	93	1907	null_4091_H	0.0465	0.484006292606188	0.604614577871002	0.370352486588615
1	4093	null_4092	H	L	1068	728	110	0	0	94	1906	null_4092_L	0.047	0.497376705141658	0.612801678908709	0.365418092091138
1	4094	null_4093	L	H	1134	666	98	0	0	102	1898	null_4093_H	0.051	0.454162276080084	0.557428872497366	0.351165499483123
1	4095	null_4094	H	L	1230	589	70	0	0	111	1889	null_4094_L	0.0555	0.385918475383801	0.46003176283748	0.311098693194923
1	4096	null_4095	H	L	533	905	456	0	0	106	1894	null_4095_L	0.053	0.95934530095037	1.44086589229145	0.520522485835891
1	4097	null_4096	L	H	739	884	281	0	0	96	1904	null_4096_H	0.048	0.759453781512605	1.0546218487395	0.4778518024857
1	4098	null_4097	L	H	1701	206	2	0	0	91	1909	null_4097_H	0.0455	0.110005238344683	0.112100576217915	0.0999994237546446
1	4099	null_4098	H	L	1665	224	5	0	0	106	1894	null_4098_L	0.053	0.123548046462513	0.12882787750792	0.113563757723216
1	4100	null_4099	L	H	845	843	208	0	0	104	1896	null_4099_H	0.052	0.664029535864979	0.883438818565401	0.442503594064342
1	4101	null_4100	H	L	1381	475	43	0	0	101	1899	null_4100_L	0.0505	0.295418641390205	0.340705634544497	0.253433460863662
1	4102	null_4101	L	H	520	961	418	0	0	101	1899	null_4101_H	0.0505	0.946287519747235	1.38651922064244	0.491059150613069
1	4103	null_4102	H	L	527	953	425	0	0	95	1905	null_4102_L	0.0475	0.946456692913386	1.39265091863517	0.496870647074627
1	4104	null_4103	H	L	1009	739	146	0	0	106	1894	null_4103_L	0.053	0.544350580781415	0.698521647307286	0.402204092510222
1	4105	null_4104	L	H	1364	495	42	0	0	99	1901	null_4104_H	0.0495	0.304576538663861	0.348763808521831	0.255996940617372
1	4106	null_4105	L	H	606	937	371	0	0	86	1914	null_4105_H	0.043	0.877220480668757	1.26489028213166	0.495374510426937
1	4107	null_4106	L	H	1101	681	130	0	0	88	1912	null_4106_H	0.044	0.492154811715481	0.628138075313808	0.385921716619107
1	4108	null_4107	L	H	717	888	302	0	0	93	1907	null_4107_H	0.0465	0.782380702674358	1.09910854745674	0.486988983539517
1	4109	null_4108	H	L	604	934	361	0	0	101	1899	null_4108_L	0.0505	0.872037914691943	1.25223802001053	0.491787895350259
1	4110	null_4109	H	L	657	945	300	0	0	98	1902	null_4109_L	0.049	0.812302839116719	1.12776025236593	0.467924349928848
1	4111	null_4110	L	H	1322	501	66	0	0	111	1889	null_4110_H	0.0555	0.335097935415564	0.40497617787189	0.292685551552117
1	4112	null_4111	H	L	1096	694	119	0	0	91	1909	null_4111_L	0.0455	0.48821372446307	0.612886327920377	0.374533687166275
1	4113	null_4112	L	H	1266	571	70	0	0	93	1907	null_4112_H	0.0465	0.372836916622968	0.446250655479811	0.307243289082889
1	4114	null_4113	H	L	1564	321	22	0	0	93	1907	null_4113_L	0.0465	0.19140010487677	0.214472994231778	0.177838994084939
1	4115	null_4114	L	H	1260	579	67	0	0	94	1906	null_4114_H	0.047	0.37408184679958	0.444386149003148	0.304448920898163
1	4116	null_4115	L	H	1190	634	68	0	0	108	1892	null_4115_H	0.054	0.406976744186047	0.478858350951374	0.313228280643099
1	4117	null_4116	H	L	1648	237	6	0	0	109	1891	null_4116_L	0.0545	0.131676361713379	0.13802221047065	0.120683546236578
1	4118	null_4117	H	L	1037	730	143	0	0	90	1910	null_4117_L	0.045	0.531937172774869	0.681675392670157	0.398718236890436
1	4119	null_4118	H	L	1682	210	7	0	0	101	1899	null_4118_L	0.0505	0.11795681937862	0.125329120589784	0.111415309351864
1	4120	null_4119	L	H	773	888	258	0	0	81	1919	null_4119_H	0.0405	0.731631057842626	1.00052110474205	0.465237099942133
1	4121	null_4120	H	L	1290	552	59	0	0	99	1901	null_4120_L	0.0495	0.352446081009995	0.414518674381904	0.2903004343626
1	4122	null_4121	H	L	504	947	449	0	0	100	1900	null_4121_L	0.05	0.971052631578947	1.44368421052632	0.500740997229917
1	4123	null_4122	H	L	1368	504	35	0	0	93	1907	null_4122_L	0.0465	0.300996329313057	0.337703198741479	0.247104408481544
1	4124	null_4123	H	L	622	921	363	0	0	94	1906	null_4123_L	0.047	0.864113326337881	1.24501573976915	0.498323899014434
1	4125	null_4124	H	L	1148	665	97	0	0	90	1910	null_4124_L	0.045	0.449738219895288	0.55130890052356	0.349044434088978
1	4126	null_4125	L	H	809	855	244	0	0	92	1908	null_4125_H	0.046	0.703878406708595	0.959643605870021	0.46419879443939
1	4127	null_4126	L	H	1701	197	5	0	0	97	1903	null_4126_H	0.0485	0.108775617446138	0.114030478192328	0.102198343241539
1	4128	null_4127	L	H	782	871	244	0	0	103	1897	null_4127_H	0.0515	0.716394306800211	0.973642593568793	0.460421790753038
1	4129	null_4128	L	H	600	944	349	0	0	107	1893	null_4128_H	0.0535	0.867406233491812	1.23613312202853	0.483739548128074
1	4130	null_4129	H	L	1405	459	40	0	0	96	1904	null_4129_L	0.048	0.283088235294118	0.325105042016807	0.244966093054869
1	4131	null_4130	H	L	1149	643	92	0	0	116	1884	null_4130_L	0.058	0.43895966029724	0.536624203821656	0.343938620453388
1	4132	null_4131	H	L	1026	752	114	0	0	108	1892	null_4131_L	0.054	0.517970401691332	0.638477801268499	0.370184464240219
1	4133	null_4132	L	H	1397	468	32	0	0	103	1897	null_4132_H	0.0515	0.280442804428044	0.31418028465999	0.235532118104523
1	4134	null_4133	L	H	1606	283	12	0	0	99	1901	null_4133_H	0.0495	0.161493950552341	0.174118884797475	0.148038588732473
1	4135	null_4134	H	L	1509	359	20	0	0	112	1888	null_4134_L	0.056	0.211334745762712	0.232521186440678	0.187858811674088
1	4136	null_4135	H	L	573	944	381	0	0	102	1898	null_4135_L	0.051	0.898840885142255	1.30031612223393	0.492401185430618
1	4137	null_4136	H	L	998	772	134	0	0	96	1904	null_4136_L	0.048	0.546218487394958	0.686974789915966	0.388620153943931
1	4138	null_4137	L	H	921	820	147	0	0	112	1888	null_4137_H	0.056	0.590042372881356	0.745762711864407	0.397612710068946
1	4139	null_4138	H	L	959	756	176	0	0	109	1891	null_4138_L	0.0545	0.585933368588049	0.772078265468006	0.428760353043068
1	4140	null_4139	L	H	659	903	324	0	0	114	1886	null_4139_H	0.057	0.82237539766702	1.16595970307529	0.489658408387302
1	4141	null_4140	L	H	566	940	392	0	0	102	1898	null_4140_H	0.051	0.908324552160169	1.32139093782929	0.496337445772323
1	4142	null_4141	L	H	1107	687	94	0	0	112	1888	null_4141_H	0.056	0.463453389830509	0.563029661016949	0.34824061647156
1	4143	null_4142	H	L	1158	664	89	0	0	89	1911	null_4142_L	0.0445	0.440607012035583	0.533751962323391	0.339617423268466
1	4144	null_4143	L	H	1633	256	7	0	0	104	1896	null_4143_H	0.052	0.142405063291139	0.149789029535865	0.129509827484912
1	4145	null_4144	L	H	466	995	450	0	0	89	1911	null_4144_H	0.0445	0.991627420198849	1.46258503401361	0.479260093523381
1	4146	null_4145	L	H	528	924	441	0	0	107	1893	null_4145_H	0.0535	0.954041204437401	1.41996830427892	0.509773684514556
1	4147	null_4146	H	L	1179	640	86	0	0	95	1905	null_4146_L	0.0475	0.426246719160105	0.516535433070866	0.334849167476113
1	4148	null_4147	L	H	1394	463	40	0	0	103	1897	null_4147_H	0.0515	0.28624143384291	0.328413284132841	0.246479125684396
1	4149	null_4148	L	H	1025	731	141	0	0	103	1897	null_4148_H	0.0515	0.534001054296257	0.682656826568266	0.397499700578751
1	4150	null_4149	H	L	556	921	420	0	0	103	1897	null_4149_L	0.0515	0.928307854507116	1.3711122825514	0.509356809811791
1	4151	null_4150	L	H	1013	770	117	0	0	100	1900	null_4150_H	0.05	0.528421052631579	0.651578947368421	0.372350138504155
1	4152	null_4151	H	L	899	794	195	0	0	112	1888	null_4151_L	0.056	0.627118644067797	0.833686440677966	0.440408646940534
1	4153	null_4152	L	H	1233	598	72	0	0	97	1903	null_4152_H	0.0485	0.389910667367315	0.465580662112454	0.313550333585629
1	4154	null_4153	H	L	1069	705	134	0	0	92	1908	null_4153_L	0.046	0.509958071278826	0.65041928721174	0.39036205274932
1	4155	null_4154	L	H	606	949	358	0	0	87	1913	null_4154_H	0.0435	0.870360690015682	1.24464192368008	0.487114192955509
1	4156	null_4155	H	L	1491	373	23	0	0	113	1887	null_4155_L	0.0565	0.222045574986751	0.246422893481717	0.19711865611052
1	4157	null_4156	L	H	1198	616	90	0	0	96	1904	null_4156_H	0.048	0.418067226890756	0.512605042016807	0.33782483581668
1	4158	null_4157	H	L	1169	649	88	0	0	94	1906	null_4157_L	0.047	0.432843651626443	0.525183630640084	0.337830003886771
1	4159	null_4158	H	L	585	933	381	0	0	101	1899	null_4158_L	0.0505	0.892575039494471	1.29383886255924	0.497148661430686
1	4160	null_4159	H	L	1373	511	40	0	0	76	1924	null_4159_L	0.038	0.307172557172557	0.348752598752599	0.254397618872671
1	4161	null_4160	L	H	617	942	340	0	0	101	1899	null_4160_H	0.0505	0.854133754607688	1.21221695629279	0.482672485532559
1	4162	null_4161	H	L	1325	511	66	0	0	98	1902	null_4161_L	0.049	0.338065194532072	0.407465825446898	0.293177749692891
1	4163	null_4162	H	L	920	808	187	0	0	85	1915	null_4162_L	0.0425	0.617232375979112	0.812532637075718	0.431556831118898
1	4164	null_4163	L	H	1030	728	138	0	0	104	1896	null_4163_H	0.052	0.529535864978903	0.675105485232067	0.394697252933113
1	4165	null_4164	L	H	627	917	350	0	0	106	1894	null_4164_H	0.053	0.853748680042239	1.2233368532207	0.494450044546832
1	4166	null_4165	L	H	604	941	351	0	0	104	1896	null_4165_H	0.052	0.866561181434599	1.23681434599156	0.485886064822233
1	4167	null_4166	H	L	715	913	289	0	0	83	1917	null_4166_L	0.0415	0.777777777777778	1.0792905581638	0.474352286558859
1	4168	null_4167	H	L	1398	458	38	0	0	106	1894	null_4167_L	0.053	0.28194297782471	0.322069693769799	0.242577851025135
1	4169	null_4168	H	L	1121	666	114	0	0	99	1901	null_4168_L	0.0495	0.470278800631247	0.590215675960021	0.369053525636857
1	4170	null_4169	L	H	1192	647	68	0	0	93	1907	null_4169_H	0.0465	0.410592553749345	0.481908757210278	0.31332251201587
1	4171	null_4170	L	H	862	828	205	0	0	105	1895	null_4170_H	0.0525	0.653298153034301	0.869656992084433	0.442858515326404
1	4172	null_4171	H	L	922	810	168	0	0	100	1900	null_4171_L	0.05	0.603157894736842	0.78	0.416200554016621
1	4173	null_4172	L	H	472	956	468	0	0	104	1896	null_4172_H	0.052	0.99789029535865	1.4915611814346	0.495776139863626
1	4174	null_4173	H	L	549	936	418	0	0	97	1903	null_4173_L	0.0485	0.931161324224908	1.37046768260641	0.503406270874127
1	4175	null_4174	H	L	1598	288	11	0	0	103	1897	null_4174_L	0.0515	0.163415919873484	0.175013178703216	0.148308415835119
1	4176	null_4175	L	H	1251	599	70	0	0	80	1920	null_4175_H	0.04	0.384895833333333	0.4578125	0.309667697482639
1	4177	null_4176	H	L	680	926	285	0	0	109	1891	null_4176_L	0.0545	0.79111581173982	1.09254362771021	0.466679400125452
1	4178	null_4177	L	H	1046	712	136	0	0	106	1894	null_4177_H	0.053	0.519535374868004	0.663146779303062	0.393229773563825
1	4179	null_4178	L	H	1347	512	41	0	0	100	1900	null_4178_H	0.05	0.312631578947368	0.355789473684211	0.258050969529086
1	4180	null_4179	H	L	547	946	413	0	0	94	1906	null_4179_L	0.047	0.929695697796432	1.36306400839454	0.498729917893348
1	4181	null_4180	L	H	519	982	393	0	0	106	1894	null_4180_H	0.053	0.933474128827877	1.34846884899683	0.477094899805867
1	4182	null_4181	L	H	587	943	366	0	0	104	1896	null_4181_H	0.052	0.883438818565401	1.26951476793249	0.489050621784258
1	4183	null_4182	H	L	1563	321	16	0	0	100	1900	null_4182_L	0.05	0.185789473684211	0.202631578947368	0.168113850415512
1	4184	null_4183	H	L	588	949	383	0	0	80	1920	null_4183_L	0.04	0.893229166666667	1.2921875	0.494329155815972
1	4185	null_4184	L	H	590	961	347	0	0	102	1898	null_4184_H	0.051	0.871970495258167	1.23761854583772	0.477286001236952
1	4186	null_4185	H	L	1606	288	13	0	0	93	1907	null_4185_L	0.0465	0.16465652857892	0.178290508652334	0.151178736248673
1	4187	null_4186	H	L	859	823	214	0	0	104	1896	null_4186_L	0.052	0.659810126582278	0.885548523206751	0.450199120066229
1	4188	null_4187	L	H	928	798	181	0	0	93	1907	null_4187_H	0.0465	0.608285264813844	0.798112218143681	0.428101254754033
1	4189	null_4188	L	H	564	961	376	0	0	99	1901	null_4188_H	0.0495	0.901104681746449	1.29668595476065	0.484696307295283
1	4190	null_4189	L	H	1411	450	31	0	0	108	1892	null_4189_H	0.054	0.27061310782241	0.30338266384778	0.230151209722477
1	4191	null_4190	L	H	1263	574	60	0	0	103	1897	null_4190_H	0.0515	0.365840801265156	0.429098576700053	0.295259084829722
1	4192	null_4191	L	H	1513	378	25	0	0	84	1916	null_4191_H	0.042	0.223382045929019	0.249478079331942	0.199578540888507
1	4193	null_4192	L	H	988	773	149	0	0	90	1910	null_4192_H	0.045	0.560732984293194	0.716753926701571	0.40233244702722
1	4194	null_4193	H	L	626	934	342	0	0	98	1902	null_4193_L	0.049	0.85068349106204	1.21030494216614	0.486642540200641
1	4195	null_4194	L	H	802	859	234	0	0	105	1895	null_4194_H	0.0525	0.700263852242744	0.947229551451187	0.45686008869334
1	4196	null_4195	H	L	793	865	241	0	0	101	1899	null_4195_L	0.0505	0.709320695102686	0.963138493944181	0.460002645443224
1	4197	null_4196	H	L	510	922	458	0	0	110	1890	null_4196_L	0.055	0.972486772486772	1.45714285714286	0.511412334481117
1	4198	null_4197	H	L	1288	542	57	0	0	113	1887	null_4197_L	0.0565	0.347641759406465	0.408055113937467	0.287200321054244
1	4199	null_4198	L	H	541	954	399	0	0	106	1894	null_4198_H	0.053	0.925026399155227	1.34635691657867	0.490683077444584
1	4200	null_4199	L	H	764	902	232	0	0	102	1898	null_4199_H	0.051	0.719704952581665	0.964172813487882	0.446197594717305
1	4201	null_4200	L	H	1122	690	105	0	0	83	1917	null_4200_H	0.0415	0.469483568075117	0.579029733959311	0.358614913266768
1	4202	null_4201	L	H	1611	256	11	0	0	122	1878	null_4201_H	0.061	0.148029818956337	0.159744408945687	0.137831581645441
1	4203	null_4202	L	H	775	882	236	0	0	107	1893	null_4202_H	0.0535	0.71526677231907	0.964606444796619	0.452999889212879
1	4204	null_4203	L	H	1032	761	129	0	0	78	1922	null_4203_H	0.039	0.530176899063476	0.664412070759625	0.383324526459063
1	4205	null_4204	L	H	533	915	454	0	0	98	1902	null_4204_H	0.049	0.958464773922187	1.43585699263933	0.517202269789618
1	4206	null_4205	L	H	1058	714	126	0	0	102	1898	null_4205_H	0.051	0.50895679662803	0.64172813487882	0.382691114044955
1	4207	null_4206	H	L	1707	191	5	0	0	97	1903	null_4206_L	0.0485	0.105622700998424	0.110877561744614	0.0997214067784114
1	4208	null_4207	L	H	945	790	164	0	0	101	1899	null_4207_H	0.0505	0.588730911005793	0.761453396524487	0.414849310950776
1	4209	null_4208	H	L	1287	536	74	0	0	103	1897	null_4208_L	0.0515	0.360569319978914	0.438587243015287	0.308577008505231
1	4210	null_4209	L	H	1314	510	64	0	0	112	1888	null_4209_H	0.056	0.337923728813559	0.405720338983051	0.291527892487791
1	4211	null_4210	L	H	1572	321	12	0	0	95	1905	null_4210_H	0.0475	0.181102362204724	0.193700787401575	0.160902721805444
1	4212	null_4211	H	L	1415	460	42	0	0	83	1917	null_4211_L	0.0415	0.28377673448096	0.327595200834637	0.24706596580196
1	4213	null_4212	H	L	652	923	328	0	0	97	1903	null_4212_L	0.0485	0.829742511823437	1.17446137677352	0.48598874084645
1	4214	null_4213	L	H	1637	272	9	0	0	82	1918	null_4213_H	0.041	0.151199165797706	0.160583941605839	0.137722753867917
1	4215	null_4214	H	L	1346	510	41	0	0	103	1897	null_4214_L	0.0515	0.312071692145493	0.355297838692673	0.257909097654121
1	4216	null_4215	L	H	811	890	207	0	0	92	1908	null_4215_H	0.046	0.683438155136268	0.90041928721174	0.433331575315674
1	4217	null_4216	H	L	528	972	423	0	0	77	1923	null_4216_L	0.0385	0.945397815912636	1.38533541341654	0.491558383084153
1	4218	null_4217	L	H	1006	752	135	0	0	107	1893	null_4217_H	0.0535	0.539883782356049	0.682514527205494	0.391040028754421
1	4219	null_4218	L	H	1133	656	109	0	0	102	1898	null_4218_H	0.051	0.460484720758693	0.575342465753425	0.363296287701213
1	4220	null_4219	H	L	1608	281	11	0	0	100	1900	null_4219_L	0.05	0.159473684210526	0.171052631578947	0.145620775623269
1	4221	null_4220	L	H	1187	615	99	0	0	99	1901	null_4220_H	0.0495	0.427669647553919	0.531825355076276	0.348924027637382
1	4222	null_4221	L	H	577	956	366	0	0	101	1899	null_4221_H	0.0505	0.888888888888889	1.27435492364402	0.4842314668539
1	4223	null_4222	L	H	768	873	270	0	0	89	1911	null_4222_H	0.0445	0.739403453689168	1.02197802197802	0.475260554650552
1	4224	null_4223	L	H	543	941	415	0	0	101	1899	null_4223_H	0.0505	0.932596103212217	1.3696682464455	0.499932754718886
1	4225	null_4224	L	H	1578	294	24	0	0	104	1896	null_4224_H	0.052	0.180379746835443	0.205696202531646	0.173159349463227
1	4226	null_4225	L	H	1151	652	98	0	0	99	1901	null_4225_H	0.0495	0.44608100999474	0.549184639663335	0.350196372185408
1	4227	null_4226	H	L	1434	440	30	0	0	96	1904	null_4226_L	0.048	0.262605042016807	0.294117647058824	0.225156238966175
1	4228	null_4227	H	L	1295	541	63	0	0	101	1899	null_4227_L	0.0505	0.351237493417588	0.417588204318062	0.294220427535792
1	4229	null_4228	L	H	808	873	208	0	0	111	1889	null_4228_H	0.0555	0.682371625198518	0.902593965060879	0.436962930184813
1	4230	null_4229	H	L	1114	687	93	0	0	106	1894	null_4229_L	0.053	0.460929250263992	0.559134107708553	0.346678333959628
1	4231	null_4230	H	L	1663	237	6	0	0	94	1906	null_4230_L	0.047	0.130640083945435	0.136935991605456	0.119869160072186
1	4232	null_4231	H	L	843	852	213	0	0	92	1908	null_4231_L	0.046	0.669811320754717	0.893081761006289	0.444434555595111
1	4233	null_4232	H	L	1238	594	60	0	0	108	1892	null_4232_L	0.054	0.37737843551797	0.440803382663848	0.298388899069857
1	4234	null_4233	L	H	491	967	436	0	0	106	1894	null_4233_H	0.053	0.970960929250264	1.43136219640972	0.488597070279179
1	4235	null_4234	H	L	1380	470	39	0	0	111	1889	null_4234_L	0.0555	0.290100582318687	0.33139227104288	0.247233923181238
1	4236	null_4235	L	H	671	924	315	0	0	90	1910	null_4235_H	0.045	0.813612565445026	1.1434554973822	0.481490090732162
1	4237	null_4236	L	H	840	853	206	0	0	101	1899	null_4236_H	0.0505	0.666140073723012	0.883096366508689	0.439353768688989
1	4238	null_4237	H	L	554	909	434	0	0	103	1897	null_4237_L	0.0515	0.936742224565103	1.39430680021086	0.516820804927682
1	4239	null_4238	H	L	583	928	393	0	0	96	1904	null_4238_L	0.048	0.900210084033614	1.31302521008403	0.502647014688228
1	4240	null_4239	L	H	1671	227	11	0	0	91	1909	null_4239_H	0.0455	0.130434782608696	0.141959140911472	0.124945908397294
1	4241	null_4240	L	H	454	986	453	0	0	107	1893	null_4240_H	0.0535	0.999471737982039	1.47807712625462	0.479133371229785
1	4242	null_4241	H	L	825	888	201	0	0	86	1914	null_4241_L	0.043	0.673981191222571	0.884012539184953	0.429761893063158
1	4243	null_4242	L	H	641	906	348	0	0	105	1895	null_4242_H	0.0525	0.845382585751979	1.21266490765172	0.497993191359013
1	4244	null_4243	H	L	612	953	346	0	0	89	1911	null_4243_L	0.0445	0.860805860805861	1.22291993720565	0.481933207207932
1	4245	null_4244	L	H	650	934	317	0	0	99	1901	null_4244_H	0.0495	0.824829037348764	1.15833771699106	0.477994776137369
1	4246	null_4245	L	H	621	916	368	0	0	95	1905	null_4245_H	0.0475	0.867191601049869	1.25354330708661	0.501522034155179
1	4247	null_4246	H	L	571	995	349	0	0	85	1915	null_4246_L	0.0425	0.884073107049608	1.24856396866841	0.466978710060059
1	4248	null_4247	H	L	1549	315	21	0	0	115	1885	null_4247_L	0.0575	0.189389920424403	0.211671087533157	0.175802545574795
1	4249	null_4248	H	L	661	918	334	0	0	87	1913	null_4248_L	0.0435	0.829064296915839	1.17825405122844	0.490906442807883
1	4250	null_4249	L	H	744	897	267	0	0	92	1908	null_4249_H	0.046	0.75	1.02987421383648	0.467374213836478
1	4251	null_4250	L	H	910	821	179	0	0	90	1910	null_4250_H	0.045	0.617277486910995	0.804712041884817	0.423680546037664
1	4252	null_4251	H	L	1110	660	131	0	0	99	1901	null_4251_L	0.0495	0.485007890583903	0.622830089426618	0.38759743549797
1	4253	null_4252	H	L	687	928	285	0	0	100	1900	null_4252_L	0.05	0.788421052631579	1.08842105263158	0.466813296398892
1	4254	null_4253	H	L	789	837	259	0	0	115	1885	null_4253_L	0.0575	0.718832891246684	0.993633952254642	0.476913226716574
1	4255	null_4254	L	H	796	845	255	0	0	104	1896	null_4254_H	0.052	0.714662447257384	0.983649789029536	0.472907375509623
1	4256	null_4255	L	H	1181	622	86	0	0	111	1889	null_4255_H	0.0555	0.420328215987295	0.511381683430387	0.334705874275325
1	4257	null_4256	L	H	578	927	389	0	0	106	1894	null_4256_H	0.053	0.900211193241816	1.31098204857445	0.500601856136591
1	4258	null_4257	L	H	897	788	205	0	0	110	1890	null_4257_H	0.055	0.633862433862434	0.850793650793651	0.449012065731642
1	4259	null_4258	L	H	878	820	182	0	0	120	1880	null_4258_H	0.06	0.629787234042553	0.823404255319149	0.426772295156179
1	4260	null_4259	L	H	1296	559	52	0	0	93	1907	null_4259_H	0.0465	0.34766649187205	0.402202412165705	0.281330422595087
1	4261	null_4260	L	H	553	967	386	0	0	94	1906	null_4260_H	0.047	0.912381951731375	1.31741867785939	0.484977852014239
1	4262	null_4261	H	L	1351	511	46	0	0	92	1908	null_4261_L	0.046	0.316037735849057	0.364255765199161	0.264375914718563
1	4263	null_4262	L	H	555	947	409	0	0	89	1911	null_4262_H	0.0445	0.923600209314495	1.35164835164835	0.498611005002573
1	4264	null_4263	L	H	1265	572	62	0	0	101	1899	null_4263_H	0.0505	0.36650868878357	0.431806213796735	0.297477594842883
1	4265	null_4264	H	L	886	818	198	0	0	98	1902	null_4264_L	0.049	0.638275499474238	0.846477392218717	0.43908177898963
1	4266	null_4265	H	L	922	800	169	0	0	109	1891	null_4265_L	0.0545	0.601797990481227	0.780539397144368	0.418378575797125
1	4267	null_4266	H	L	803	846	245	0	0	106	1894	null_4266_L	0.053	0.705385427666315	0.964097148891235	0.466528547327246
1	4268	null_4267	H	L	1747	158	4	0	0	91	1909	null_4267_L	0.0455	0.0869565217391304	0.0911471974855946	0.0835857608126267
1	4269	null_4268	L	H	1280	558	60	0	0	102	1898	null_4268_H	0.051	0.357218124341412	0.420442571127503	0.292837782769506
1	4270	null_4269	H	L	552	930	423	0	0	95	1905	null_4269_L	0.0475	0.932283464566929	1.37637795275591	0.507225494450989
1	4271	null_4270	H	L	1681	210	6	0	0	103	1897	null_4270_L	0.0515	0.11702688455456	0.12335266209805	0.109657370389503
1	4272	null_4271	H	L	1436	434	26	0	0	104	1896	null_4271_L	0.052	0.256329113924051	0.283755274261603	0.218050659616514
1	4273	null_4272	L	H	1020	735	131	0	0	114	1886	null_4272_H	0.057	0.528632025450689	0.667550371155885	0.388098552823787
1	4274	null_4273	H	L	1069	721	121	0	0	89	1911	null_4273_L	0.0445	0.50392464678179	0.630559916274202	0.376619866640051
1	4275	null_4274	L	H	1097	691	103	0	0	109	1891	null_4274_H	0.0545	0.474352194606029	0.583289264939186	0.35827926041163
1	4276	null_4275	L	H	1666	230	9	0	0	95	1905	null_4275_H	0.0475	0.130183727034121	0.139632545931759	0.122684743147264
1	4277	null_4276	H	L	1704	192	4	0	0	100	1900	null_4276_L	0.05	0.105263157894737	0.109473684210526	0.098393351800554
1	4278	null_4277	L	H	574	953	382	0	0	91	1909	null_4277_H	0.0455	0.899423782084861	1.29963331587218	0.490670176092349
1	4279	null_4278	L	H	1335	515	53	0	0	97	1903	null_4278_H	0.0485	0.326326852338413	0.382028376248029	0.275539161690933
1	4280	null_4279	H	L	989	766	157	0	0	88	1912	null_4279_L	0.044	0.564853556485356	0.72907949790795	0.410019957633795
1	4281	null_4280	L	H	565	947	392	0	0	96	1904	null_4280_H	0.048	0.909138655462185	1.32090336134454	0.494370266488949
1	4282	null_4281	L	H	1022	764	113	0	0	101	1899	null_4281_H	0.0505	0.52132701421801	0.640337019483939	0.368555163730474
1	4283	null_4282	H	L	508	931	456	0	0	105	1895	null_4282_L	0.0525	0.972559366754617	1.45382585751979	0.507954135657647
1	4284	null_4283	L	H	1210	604	81	0	0	105	1895	null_4283_H	0.0525	0.404221635883905	0.489709762532982	0.326314631616321
1	4285	null_4284	L	H	1383	478	45	0	0	94	1906	null_4284_H	0.047	0.29800629590766	0.345225603357817	0.256417850957214
1	4286	null_4285	H	L	870	805	201	0	0	124	1876	null_4285_L	0.062	0.643390191897655	0.857675906183369	0.443724967153268
1	4287	null_4286	H	L	1440	437	35	0	0	88	1912	null_4286_L	0.044	0.265167364016736	0.301778242677824	0.23146451173824
1	4288	null_4287	H	L	1670	225	12	0	0	93	1907	null_4287_L	0.0465	0.130571578395385	0.143156790770844	0.126107853686182
1	4289	null_4288	H	L	759	891	250	0	0	100	1900	null_4288_L	0.05	0.732105263157895	0.995263157894737	0.459285041551247
1	4290	null_4289	H	L	560	954	389	0	0	97	1903	null_4289_L	0.0485	0.910141881240147	1.31897004729375	0.490611803306393
1	4291	null_4290	H	L	1569	312	26	0	0	93	1907	null_4290_L	0.0465	0.190875721027792	0.21814368117462	0.18171014029674
1	4292	null_4291	L	H	1229	593	83	0	0	95	1905	null_4291_H	0.0475	0.398425196850394	0.485564304461942	0.326821666976667
1	4293	null_4292	L	H	1224	596	66	0	0	114	1886	null_4292_H	0.057	0.386002120890774	0.455991516436904	0.306993879104728
1	4294	null_4293	H	L	844	829	225	0	0	102	1898	null_4293_L	0.051	0.673867228661749	0.910958904109589	0.456861862245323
1	4295	null_4294	L	H	508	981	414	0	0	97	1903	null_4294_H	0.0485	0.950604308985812	1.38570677877036	0.48205822650797
1	4296	null_4295	L	H	1109	696	87	0	0	108	1892	null_4295_H	0.054	0.459830866807611	0.551797040169133	0.340352614100094
1	4297	null_4296	H	L	1058	728	130	0	0	84	1916	null_4296_L	0.042	0.515657620041754	0.651356993736952	0.385454212629826
1	4298	null_4297	H	L	974	775	153	0	0	98	1902	null_4297_L	0.049	0.568349106203996	0.729232386961094	0.406211680438213
1	4299	null_4298	H	L	482	965	460	0	0	93	1907	null_4298_L	0.0465	0.988463555322496	1.47089669638175	0.493836496180962
1	4300	null_4299	L	H	1569	319	23	0	0	89	1911	null_4299_H	0.0445	0.190999476713762	0.215070643642072	0.178589843537141
1	4301	null_4300	H	L	1375	459	49	0	0	117	1883	null_4300_L	0.0585	0.295804567180032	0.347849176845459	0.260348834880893
1	4302	null_4301	H	L	956	795	149	0	0	100	1900	null_4301_L	0.05	0.575263157894737	0.732105263157895	0.40117756232687
1	4303	null_4302	L	H	1039	721	143	0	0	97	1903	null_4302_H	0.0485	0.529164477141356	0.679453494482396	0.399438450614112
1	4304	null_4303	L	H	1173	665	74	0	0	88	1912	null_4303_H	0.044	0.425209205020921	0.502615062761506	0.321812194726983
1	4305	null_4304	H	L	521	956	409	0	0	114	1886	null_4304_L	0.057	0.940615058324496	1.37433722163309	0.48958053368629
1	4306	null_4305	L	H	485	976	429	0	0	110	1890	null_4305_H	0.055	0.97037037037037	1.42433862433862	0.482719968645895
1	4307	null_4306	H	L	777	892	234	0	0	97	1903	null_4306_L	0.0485	0.714661061481871	0.960588544403573	0.449848111605179
1	4308	null_4307	L	H	1225	614	71	0	0	90	1910	null_4307_H	0.045	0.395811518324607	0.470157068062827	0.313490310024396
1	4309	null_4308	H	L	1290	524	66	0	0	120	1880	null_4308_L	0.06	0.348936170212766	0.419148936170213	0.29739248528746
1	4310	null_4309	L	H	1641	262	7	0	0	90	1910	null_4309_H	0.045	0.144502617801047	0.151832460732984	0.130951454181629
1	4311	null_4310	H	L	1336	505	58	0	0	101	1899	null_4310_L	0.0505	0.327014218009479	0.388098999473407	0.281160700693056
1	4312	null_4311	L	H	1641	257	9	0	0	93	1907	null_4311_H	0.0465	0.144205558468799	0.153644467750393	0.132849224657095
1	4313	null_4312	H	L	866	837	194	0	0	103	1897	null_4312_L	0.0515	0.645756457564576	0.850289931470743	0.433288528984394
1	4314	null_4313	H	L	1626	264	10	0	0	100	1900	null_4313_L	0.05	0.149473684210526	0.16	0.137657617728532
1	4315	null_4314	H	L	548	970	398	0	0	84	1916	null_4314_L	0.042	0.921711899791232	1.33716075156576	0.487607925349001
1	4316	null_4315	L	H	1167	632	90	0	0	111	1889	null_4315_H	0.0555	0.429857067231339	0.525145579671784	0.340368481423056
1	4317	null_4316	L	H	506	954	435	0	0	105	1895	null_4316_H	0.0525	0.962532981530343	1.42163588390501	0.495166143371321
1	4318	null_4317	H	L	837	852	219	0	0	92	1908	null_4317_L	0.046	0.676100628930818	0.905660377358491	0.448548316917844
1	4319	null_4318	L	H	1664	224	8	0	0	104	1896	null_4318_H	0.052	0.126582278481013	0.135021097046414	0.118998023820969
1	4320	null_4319	H	L	1069	714	129	0	0	88	1912	null_4319_L	0.044	0.50836820083682	0.643305439330544	0.384867211708479
1	4321	null_4320	H	L	1366	480	43	0	0	111	1889	null_4320_L	0.0555	0.299629433562732	0.345156167284277	0.255378369827154
1	4322	null_4321	H	L	939	766	175	0	0	120	1880	null_4321_L	0.06	0.593617021276596	0.779787234042553	0.427406066093255
1	4323	null_4322	H	L	1260	575	65	0	0	100	1900	null_4322_L	0.05	0.371052631578947	0.439473684210526	0.301793628808864
1	4324	null_4323	L	H	601	932	387	0	0	80	1920	null_4323_H	0.04	0.888541666666667	1.29166666666667	0.502160373263889
1	4325	null_4324	H	L	1081	685	135	0	0	99	1901	null_4324_L	0.0495	0.502367175170963	0.644397685428722	0.392024906739469
1	4326	null_4325	L	H	1335	523	38	0	0	104	1896	null_4325_H	0.052	0.315928270042194	0.356012658227848	0.256201986415995
1	4327	null_4326	L	H	1506	354	33	0	0	107	1893	null_4326_H	0.0535	0.221870047543582	0.256735340729002	0.20750902273201
1	4328	null_4327	H	L	1086	694	112	0	0	108	1892	null_4327_L	0.054	0.485200845665962	0.603594080338266	0.368174219703302
1	4329	null_4328	H	L	630	903	365	0	0	102	1898	null_4328_L	0.051	0.860379346680717	1.2449947312961	0.504742111101364
1	4330	null_4329	L	H	658	916	332	0	0	94	1906	null_4329_H	0.047	0.828961175236097	1.17733473242392	0.490158102375114
1	4331	null_4330	L	H	927	796	184	0	0	93	1907	null_4330_H	0.0465	0.610382800209754	0.803356056633456	0.430788893841556
1	4332	null_4331	H	L	1427	433	26	0	0	114	1886	null_4331_L	0.057	0.257158006362672	0.284729586426299	0.218599346189875
1	4333	null_4332	H	L	638	967	309	0	0	86	1914	null_4332_L	0.043	0.828108672936259	1.15099268547544	0.465228711283192
1	4334	null_4333	H	L	647	923	342	0	0	88	1912	null_4333_L	0.044	0.840481171548117	1.19822175732218	0.49181315759528
1	4335	null_4334	H	L	745	882	279	0	0	94	1906	null_4334_L	0.047	0.755508919202518	1.04826862539349	0.477474898398937
1	4336	null_4335	H	L	798	860	236	0	0	106	1894	null_4335_L	0.053	0.703273495248152	0.952481520591341	0.457887911472789
1	4337	null_4336	L	H	485	949	464	0	0	102	1898	null_4336_H	0.051	0.988935721812434	1.47787144362487	0.499877581748188
1	4338	null_4337	H	L	708	919	278	0	0	95	1905	null_4337_L	0.0475	0.774278215223097	1.06614173228346	0.4666349777144
1	4339	null_4338	L	H	628	924	336	0	0	112	1888	null_4338_H	0.056	0.845338983050847	1.20127118644068	0.486673190175237
1	4340	null_4339	H	L	1312	545	49	0	0	94	1906	null_4339_L	0.047	0.337355718782791	0.388772298006296	0.274963417010842
1	4341	null_4340	H	L	1276	561	58	0	0	105	1895	null_4340_L	0.0525	0.357255936675462	0.418469656992084	0.290837852702223
1	4342	null_4341	H	L	533	962	392	0	0	113	1887	null_4341_L	0.0565	0.925278219395866	1.34075251722311	0.48461273393472
1	4343	null_4342	L	H	841	857	201	0	0	101	1899	null_4342_H	0.0505	0.662980516061085	0.874670879410216	0.435127714733594
1	4344	null_4343	L	H	1646	235	14	0	0	105	1895	null_4343_H	0.0525	0.138786279683377	0.153562005277045	0.134300373848692
1	4345	null_4344	H	L	1577	316	13	0	0	94	1906	null_4344_L	0.047	0.179433368310598	0.193074501573977	0.16087816791069
1	4346	null_4345	L	H	531	939	416	0	0	114	1886	null_4345_H	0.057	0.939024390243902	1.38016967126193	0.498402865788997
1	4347	null_4346	H	L	1192	619	81	0	0	108	1892	null_4346_L	0.054	0.412790697674419	0.498414376321353	0.32801821623482
1	4348	null_4347	L	H	1625	298	5	0	0	72	1928	null_4347_H	0.036	0.159751037344398	0.1649377593361	0.139417365403488
1	4349	null_4348	L	H	714	907	273	0	0	106	1894	null_4348_H	0.053	0.767159450897571	1.05543822597677	0.466904602875306
1	4350	null_4349	L	H	637	926	341	0	0	96	1904	null_4349_H	0.048	0.84453781512605	1.20273109243697	0.489486971259092
1	4351	null_4350	H	L	583	914	390	0	0	113	1887	null_4350_L	0.0565	0.897721250662427	1.31107578166402	0.505172337773105
1	4352	null_4351	H	L	646	932	329	0	0	93	1907	null_4351_L	0.0465	0.833770319874148	1.17881489250131	0.483641946198272
1	4353	null_4352	L	H	684	899	311	0	0	106	1894	null_4352_H	0.053	0.803062302006336	1.13146779303062	0.486558732126908
1	4354	null_4353	L	H	661	904	339	0	0	96	1904	null_4353_H	0.048	0.830882352941176	1.18697478991597	0.496609305486901
1	4355	null_4354	H	L	963	777	156	0	0	104	1896	null_4354_L	0.052	0.574367088607595	0.738924050632912	0.409026498157347
1	4356	null_4355	L	H	587	934	381	0	0	98	1902	null_4355_H	0.049	0.891692954784437	1.29232386961094	0.497207543998735
1	4357	null_4356	L	H	1588	308	11	0	0	93	1907	null_4356_H	0.0465	0.173046670162559	0.184583114840063	0.154637964785713
1	4358	null_4357	L	H	1462	418	22	0	0	98	1902	null_4357_H	0.049	0.242902208201893	0.266035751840168	0.207034269090813
1	4359	null_4358	L	H	793	839	250	0	0	118	1882	null_4358_H	0.059	0.711477151965994	0.977151965993624	0.470952228223982
1	4360	null_4359	H	L	652	879	372	0	0	97	1903	null_4359_L	0.0485	0.852863899106674	1.24382553862323	0.516448708223788
1	4361	null_4360	L	H	649	918	320	0	0	113	1887	null_4360_H	0.0565	0.825649178590355	1.16481187069422	0.483115304587296
1	4362	null_4361	H	L	1578	311	19	0	0	92	1908	null_4361_L	0.046	0.182914046121593	0.202830188679245	0.169372640410673
1	4363	null_4362	L	H	1540	341	25	0	0	94	1906	null_4362_H	0.047	0.20514165792235	0.231374606505771	0.189291506690641
1	4364	null_4363	L	H	1236	583	67	0	0	114	1886	null_4363_H	0.057	0.38016967126193	0.451219512195122	0.306690533247718
1	4365	null_4364	H	L	544	928	442	0	0	86	1914	null_4364_L	0.043	0.946708463949843	1.4085684430512	0.51231152733693
1	4366	null_4365	L	H	804	866	217	0	0	113	1887	null_4365_H	0.0565	0.688924218335983	0.918918918918919	0.444302340309074
1	4367	null_4366	L	H	1398	444	44	0	0	114	1886	null_4366_H	0.057	0.282078472958643	0.328738069989396	0.249169805082716
1	4368	null_4367	H	L	1080	719	98	0	0	103	1897	null_4367_L	0.0515	0.482340537691091	0.585661570901423	0.353009176601292
1	4369	null_4368	L	H	1554	318	13	0	0	115	1885	null_4368_H	0.0575	0.182493368700265	0.196286472148541	0.16298264252897
1	4370	null_4369	H	L	969	770	171	0	0	90	1910	null_4369_L	0.045	0.582198952879581	0.761256544502618	0.422300923768537
1	4371	null_4370	L	H	1500	384	20	0	0	96	1904	null_4370_H	0.048	0.222689075630252	0.243697478991597	0.19410705458654
1	4372	null_4371	L	H	845	853	206	0	0	96	1904	null_4371_H	0.048	0.664390756302521	0.88077731092437	0.439362233864134
1	4373	null_4372	L	H	501	1015	392	0	0	92	1908	null_4372_H	0.046	0.942872117400419	1.35377358490566	0.46476575513451
1	4374	null_4373	L	H	721	921	252	0	0	106	1894	null_4373_H	0.053	0.752375923970433	1.01847940865892	0.45240987768856
1	4375	null_4374	L	H	1060	685	128	0	0	127	1873	null_4374_H	0.0635	0.502402562733583	0.639081687132942	0.386673352091671
1	4376	null_4375	H	L	1295	547	57	0	0	101	1899	null_4375_L	0.0505	0.348077935755661	0.40810953133228	0.286951281972358
1	4377	null_4376	L	H	799	858	237	0	0	106	1894	null_4376_H	0.053	0.703273495248152	0.953537486800422	0.45894387768187
1	4378	null_4377	H	L	673	925	307	0	0	95	1905	null_4377_L	0.0475	0.807874015748032	1.13018372703412	0.47752330171327
1	4379	null_4378	H	L	787	835	280	0	0	98	1902	null_4378_L	0.049	0.733438485804416	1.02786540483701	0.489933392377939
1	4380	null_4379	L	H	721	905	265	0	0	109	1891	null_4379_H	0.0545	0.758857747223691	1.03913273400317	0.463267653481757
1	4381	null_4380	L	H	538	961	403	0	0	98	1902	null_4380_H	0.049	0.929022082018927	1.3527865404837	0.489704511604919
1	4382	null_4381	L	H	1022	760	131	0	0	87	1913	null_4381_H	0.0435	0.534239414532148	0.671197072660742	0.38578532062109
1	4383	null_4382	L	H	904	826	195	0	0	75	1925	null_4382_H	0.0375	0.631688311688312	0.834285714285714	0.435255591162085
1	4384	null_4383	L	H	812	872	213	0	0	103	1897	null_4383_H	0.0515	0.684238270954138	0.908803373748023	0.440621362309715
1	4385	null_4384	L	H	1268	578	61	0	0	93	1907	null_4384_H	0.0465	0.367068694284216	0.431043523859465	0.296304097535946
1	4386	null_4385	H	L	882	825	170	0	0	123	1877	null_4385_L	0.0615	0.620671283963772	0.801811401172083	0.416578558434846
1	4387	null_4386	L	H	1047	714	137	0	0	102	1898	null_4386_H	0.051	0.520547945205479	0.66491043203372	0.393940268776073
1	4388	null_4387	H	L	869	840	199	0	0	92	1908	null_4387_L	0.046	0.648846960167715	0.857442348008386	0.436439970289502
1	4389	null_4388	L	H	655	955	299	0	0	91	1909	null_4388_H	0.0455	0.813514929282347	1.12676794133054	0.464961401165278
1	4390	null_4389	H	L	1359	493	51	0	0	97	1903	null_4389_L	0.0485	0.312664214398318	0.366263794009459	0.268504883044141
1	4391	null_4390	H	L	1283	545	66	0	0	106	1894	null_4390_L	0.053	0.357444561774023	0.42713833157339	0.299371716831566
1	4392	null_4391	L	H	1384	488	36	0	0	92	1908	null_4391_H	0.046	0.293501048218029	0.331236897274633	0.245094031969551
1	4393	null_4392	H	L	748	886	260	0	0	106	1894	null_4392_L	0.053	0.742344244984161	1.0168954593453	0.465820481284198
1	4394	null_4393	H	L	1439	435	30	0	0	96	1904	null_4393_L	0.048	0.259978991596639	0.291491596638656	0.22390252056705
1	4395	null_4394	L	H	1034	728	143	0	0	95	1905	null_4394_H	0.0475	0.532283464566929	0.68241469816273	0.399089011511356
1	4396	null_4395	L	H	1422	459	35	0	0	84	1916	null_4395_H	0.042	0.276096033402923	0.312630480167015	0.236401460506187
1	4397	null_4396	H	L	622	921	355	0	0	102	1898	null_4396_L	0.051	0.859325605900948	1.23340358271865	0.494963085761619
1	4398	null_4397	L	H	1507	379	23	0	0	91	1909	null_4397_H	0.0455	0.222629649030906	0.246726034573075	0.19716207394545
1	4399	null_4398	H	L	538	969	391	0	0	102	1898	null_4398_L	0.051	0.922550052687039	1.3345626975764	0.483464097863538
1	4400	null_4399	H	L	627	952	328	0	0	93	1907	null_4399_L	0.0465	0.843209229155742	1.18720503408495	0.47620322995153
1	4401	null_4400	L	H	967	773	160	0	0	100	1900	null_4400_H	0.05	0.575263157894737	0.743684210526316	0.412756509695291
1	4402	null_4401	H	L	1286	539	58	0	0	117	1883	null_4401_L	0.0585	0.347849176845459	0.409453000531067	0.288453950699004
1	4403	null_4402	L	H	598	957	336	0	0	109	1891	null_4402_H	0.0545	0.861448968799577	1.21681649920677	0.474722173360914
1	4404	null_4403	L	H	936	776	170	0	0	118	1882	null_4403_H	0.059	0.592986184909671	0.773645058448459	0.422012442954733
1	4405	null_4404	L	H	1356	505	47	0	0	92	1908	null_4404_H	0.046	0.313941299790356	0.363207547169811	0.264648407455753
1	4406	null_4405	H	L	971	763	154	0	0	112	1888	null_4405_L	0.056	0.567266949152542	0.730402542372881	0.408610750772048
1	4407	null_4406	H	L	691	915	280	0	0	114	1886	null_4406_L	0.057	0.782078472958643	1.07900318133616	0.467356443470839
1	4408	null_4407	L	H	713	903	290	0	0	94	1906	null_4407_H	0.047	0.77806925498426	1.08237145855194	0.47697969300018
1	4409	null_4408	H	L	1666	232	8	0	0	94	1906	null_4408_L	0.047	0.130115424973767	0.138509968520462	0.121579944704358
1	4410	null_4409	L	H	906	800	196	0	0	98	1902	null_4409_H	0.049	0.6267087276551	0.832807570977918	0.440043741658844
1	4411	null_4410	H	L	813	847	225	0	0	115	1885	null_4410_L	0.0575	0.688063660477454	0.926790450928382	0.453358850058749
1	4412	null_4411	H	L	954	792	159	0	0	95	1905	null_4411_L	0.0475	0.582677165354331	0.749606299212599	0.41009362018724
1	4413	null_4412	H	L	739	894	265	0	0	102	1898	null_4412_L	0.051	0.750263435194942	1.02950474183351	0.466609519642994
1	4414	null_4413	L	H	799	883	219	0	0	99	1901	null_4413_H	0.0495	0.694897422409258	0.925302472382956	0.442420044711925
1	4415	null_4414	H	L	1211	602	85	0	0	102	1898	null_4414_L	0.051	0.406743940990516	0.496311907270811	0.330871273738315
1	4416	null_4415	L	H	633	920	334	0	0	113	1887	null_4415_H	0.0565	0.841547429782724	1.19554848966614	0.487346413092228
1	4417	null_4416	H	L	707	893	294	0	0	106	1894	null_4416_L	0.053	0.78194297782471	1.09239704329461	0.48096222272524
1	4418	null_4417	H	L	1182	633	84	0	0	101	1899	null_4417_L	0.0505	0.421800947867299	0.510268562401264	0.332352522779512
1	4419	null_4418	H	L	1163	643	101	0	0	93	1907	null_4418_L	0.0465	0.443104352385947	0.549029889879392	0.352688422776023
1	4420	null_4419	H	L	919	812	172	0	0	97	1903	null_4419_L	0.0485	0.60746190225959	0.788229111928534	0.419219149231694
1	4421	null_4420	H	L	1086	680	129	0	0	105	1895	null_4420_L	0.0525	0.494986807387863	0.6311345646438	0.38612262515577
1	4422	null_4421	L	H	1351	511	41	0	0	97	1903	null_4421_H	0.0485	0.31161324224908	0.35470310036784	0.257600287622856
1	4423	null_4422	L	H	1638	241	12	0	0	109	1891	null_4422_H	0.0545	0.140137493389741	0.152829190904283	0.133190673850724
1	4424	null_4423	H	L	1688	209	5	0	0	98	1902	null_4423_L	0.049	0.115141955835962	0.120399579390116	0.107141909396385
1	4425	null_4424	L	H	863	835	204	0	0	98	1902	null_4424_H	0.049	0.653522607781283	0.868033648790747	0.440941849909498
1	4426	null_4425	H	L	1137	664	97	0	0	102	1898	null_4425_L	0.051	0.452054794520548	0.554267650158061	0.349914112909046
1	4427	null_4426	H	L	1592	303	8	0	0	97	1903	null_4426_L	0.0485	0.167630057803468	0.176037834997373	0.147937998718178
1	4428	null_4427	L	H	762	929	210	0	0	99	1901	null_4427_H	0.0495	0.709626512361915	0.930562861651762	0.426993074604828
1	4429	null_4428	H	L	1428	437	28	0	0	107	1893	null_4428_L	0.0535	0.260433174854728	0.290015847860539	0.222190409295626
1	4430	null_4429	H	L	968	791	153	0	0	88	1912	null_4429_L	0.044	0.573744769874477	0.733786610878661	0.404603549920344
1	4431	null_4430	H	L	838	875	190	0	0	97	1903	null_4430_L	0.0485	0.659485023646873	0.859169732002102	0.424249235587585
1	4432	null_4431	H	L	862	846	189	0	0	103	1897	null_4431_L	0.0515	0.645229309435952	0.844491302055878	0.428170440300683
1	4433	null_4432	L	H	1504	360	21	0	0	115	1885	null_4432_H	0.0575	0.213262599469496	0.235543766578249	0.190062830245763
1	4434	null_4433	H	L	1254	582	60	0	0	104	1896	null_4433_L	0.052	0.370253164556962	0.433544303797468	0.296456897933024
1	4435	null_4434	L	H	492	943	468	0	0	97	1903	null_4434_H	0.0485	0.987388334209143	1.47924330005255	0.504307577520242
1	4436	null_4435	H	L	803	856	238	0	0	103	1897	null_4435_L	0.0515	0.702161307327359	0.953083816552451	0.460053315044785
1	4437	null_4436	L	H	880	841	172	0	0	107	1893	null_4436_H	0.0535	0.625990491283677	0.807712625462229	0.41584853028465
1	4438	null_4437	H	L	844	830	237	0	0	89	1911	null_4437_L	0.0445	0.682365253793825	0.93040293040293	0.464780590817819
1	4439	null_4438	H	L	786	873	255	0	0	86	1914	null_4438_L	0.043	0.722570532915361	0.989028213166144	0.466920038128556
1	4440	null_4439	H	L	1212	617	61	0	0	110	1890	null_4439_L	0.055	0.391005291005291	0.455555555555556	0.302670417961423
1	4441	null_4440	H	L	1106	696	98	0	0	100	1900	null_4440_L	0.05	0.469473684210526	0.572631578947368	0.352226038781163
1	4442	null_4441	L	H	1066	704	123	0	0	107	1893	null_4441_H	0.0535	0.501848917062863	0.631801373481247	0.379949037924078
1	4443	null_4442	L	H	1350	495	54	0	0	101	1899	null_4442_H	0.0505	0.317535545023697	0.374407582938389	0.273578760584893
1	4444	null_4443	L	H	956	803	148	0	0	93	1907	null_4443_H	0.0465	0.576297850026219	0.731515469323545	0.399396257378702
1	4445	null_4444	L	H	1294	532	62	0	0	112	1888	null_4444_H	0.056	0.347457627118644	0.413135593220339	0.29240879057742
1	4446	null_4445	H	L	1500	372	26	0	0	102	1898	null_4445_L	0.051	0.223393045310854	0.250790305584826	0.200885852891569
1	4447	null_4446	H	L	1384	488	40	0	0	88	1912	null_4446_L	0.044	0.297071129707113	0.338912133891213	0.250660877785753
1	4448	null_4447	H	L	1130	660	105	0	0	105	1895	null_4447_L	0.0525	0.45910290237467	0.569920844327177	0.359145369358331
1	4449	null_4448	H	L	708	910	282	0	0	100	1900	null_4448_L	0.05	0.775789473684211	1.07263157894737	0.470782271468144
1	4450	null_4449	H	L	543	951	379	0	0	127	1873	null_4449_L	0.0635	0.91243993593166	1.31713828083289	0.484591644149916
1	4451	null_4450	L	H	1089	698	100	0	0	113	1887	null_4450_H	0.0565	0.475887652358241	0.5818759936407	0.355406935973662
1	4452	null_4451	H	L	835	852	204	0	0	109	1891	null_4451_L	0.0545	0.666314119513485	0.882072977260709	0.438098471397678
1	4453	null_4452	L	H	606	929	345	0	0	120	1880	null_4452_H	0.06	0.861170212765958	1.2281914893617	0.486577354006338
1	4454	null_4453	L	H	1397	470	39	0	0	94	1906	null_4453_H	0.047	0.287513116474292	0.328436516264428	0.245772724119668
1	4455	null_4454	L	H	783	880	235	0	0	102	1898	null_4454_H	0.051	0.71127502634352	0.958904109589041	0.452991946489067
1	4456	null_4455	H	L	1238	599	65	0	0	98	1902	null_4455_L	0.049	0.383280757097792	0.451629863301788	0.304725724540331
1	4457	null_4456	H	L	667	921	304	0	0	108	1892	null_4456_L	0.054	0.808139534883721	1.12949260042283	0.476403092580756
1	4458	null_4457	H	L	1419	453	28	0	0	100	1900	null_4457_L	0.05	0.267894736842105	0.297368421052632	0.225600831024931
1	4459	null_4458	L	H	1644	237	11	0	0	108	1892	null_4458_H	0.054	0.136892177589852	0.148520084566596	0.129780616281305
1	4460	null_4459	H	L	1312	529	50	0	0	109	1891	null_4459_L	0.0545	0.33262823902697	0.385510312004231	0.274868766606048
1	4461	null_4460	H	L	549	943	409	0	0	99	1901	null_4460_L	0.0495	0.926354550236718	1.35665439242504	0.498521639680768
1	4462	null_4461	H	L	1369	473	52	0	0	106	1894	null_4461_L	0.053	0.304646251319958	0.359556494192186	0.266747155748883
1	4463	null_4462	L	H	633	958	311	0	0	98	1902	null_4462_H	0.049	0.830704521556257	1.15772870662461	0.467658704490596
1	4464	null_4463	H	L	1489	378	35	0	0	98	1902	null_4463_L	0.049	0.235541535226078	0.272344900105153	0.216865085288495
1	4465	null_4464	H	L	1430	430	31	0	0	109	1891	null_4464_L	0.0545	0.260179799048123	0.292966684294024	0.225273156461303
1	4466	null_4465	L	H	492	912	479	0	0	117	1883	null_4465_H	0.0585	0.993096123207647	1.50185873605948	0.515618826129421
1	4467	null_4466	H	L	1197	625	77	0	0	101	1899	null_4466_L	0.0505	0.410215903106898	0.4913112164297	0.323034129267892
1	4468	null_4467	L	H	592	933	389	0	0	86	1914	null_4467_H	0.043	0.893939393939394	1.30041797283177	0.501290332795035
1	4469	null_4468	L	H	1212	605	88	0	0	95	1905	null_4468_H	0.0475	0.40997375328084	0.502362204724409	0.33428372634523
1	4470	null_4469	H	L	1531	352	21	0	0	96	1904	null_4469_L	0.048	0.206932773109244	0.228991596638655	0.186170424051974
1	4471	null_4470	L	H	844	853	206	0	0	97	1903	null_4470_H	0.0485	0.664739884393064	0.881240147136101	0.439361033233197
1	4472	null_4471	L	H	746	858	278	0	0	118	1882	null_4471_H	0.059	0.751328374070138	1.04675876726886	0.482264441585985
1	4473	null_4472	L	H	1338	520	49	0	0	93	1907	null_4472_H	0.0465	0.324069218668065	0.375458835867855	0.270437977379725
1	4474	null_4473	H	L	1653	230	9	0	0	108	1892	null_4473_L	0.054	0.13107822410148	0.140591966173362	0.123410465339764
1	4475	null_4474	H	L	1322	540	51	0	0	87	1913	null_4474_L	0.0435	0.335598536330371	0.388917929952954	0.276291552365866
1	4476	null_4475	H	L	643	938	322	0	0	97	1903	null_4475_L	0.0485	0.831318970047294	1.16973200210194	0.478640772141451
1	4477	null_4476	L	H	737	887	271	0	0	105	1895	null_4476_H	0.0525	0.754089709762533	1.0401055408971	0.471454250527356
1	4478	null_4477	H	L	874	816	206	0	0	104	1896	null_4477_L	0.052	0.647679324894515	0.864978902953587	0.445490395057772
1	4479	null_4478	H	L	751	901	227	0	0	121	1879	null_4478_L	0.0605	0.721128259712613	0.962746141564662	0.44272017460852
1	4480	null_4479	L	H	1662	214	11	0	0	113	1887	null_4479_H	0.0565	0.125066242713302	0.136724960254372	0.12108339518795
1	4481	null_4480	H	L	1709	203	8	0	0	80	1920	null_4480_L	0.04	0.1140625	0.122395833333333	0.109385579427083
1	4482	null_4481	L	H	1188	646	94	0	0	72	1928	null_4481_H	0.036	0.432572614107884	0.530082987551867	0.342963921075739
1	4483	null_4482	L	H	1123	660	104	0	0	113	1887	null_4482_H	0.0565	0.459989401165872	0.570217276099629	0.358627026914692
1	4484	null_4483	H	L	1015	755	136	0	0	94	1906	null_4483_L	0.047	0.538824763903463	0.681532004197272	0.391199878001649
1	4485	null_4484	L	H	678	925	289	0	0	108	1892	null_4484_H	0.054	0.794397463002114	1.09989429175476	0.468826962530562
1	4486	null_4485	H	L	567	978	362	0	0	93	1907	null_4485_L	0.0465	0.892501310959623	1.2721552176193	0.475596627554653
1	4487	null_4486	H	L	984	784	141	0	0	91	1909	null_4486_L	0.0455	0.558407543216344	0.706128863279204	0.394309878958291
1	4488	null_4487	H	L	855	852	196	0	0	97	1903	null_4487_L	0.0485	0.653704676826064	0.859695218076721	0.432365413572452
1	4489	null_4488	H	L	1422	450	36	0	0	92	1908	null_4488_L	0.046	0.273584905660377	0.311320754716981	0.236472054111784
1	4490	null_4489	H	L	1671	229	2	0	0	98	1902	null_4489_L	0.049	0.122502628811777	0.124605678233439	0.109598784167642
1	4491	null_4490	L	H	1529	355	19	0	0	97	1903	null_4490_H	0.0485	0.206516027325276	0.226484498160799	0.183835628618585
1	4492	null_4491	H	L	625	955	309	0	0	111	1889	null_4491_L	0.0555	0.832715722604553	1.15987294865008	0.466457473977257
1	4493	null_4492	H	L	757	883	256	0	0	104	1896	null_4492_L	0.052	0.735759493670886	1.00580168776371	0.464459655236874
1	4494	null_4493	H	L	1401	450	32	0	0	117	1883	null_4493_L	0.0585	0.272968667020712	0.306956983536909	0.232445090361845
1	4495	null_4494	L	H	1538	358	14	0	0	90	1910	null_4494_H	0.045	0.202094240837696	0.216753926701571	0.175911844521806
1	4496	null_4495	L	H	682	922	305	0	0	91	1909	null_4495_H	0.0455	0.802514405447879	1.12205343111577	0.478024060164406
1	4497	null_4496	H	L	1542	338	15	0	0	105	1895	null_4496_L	0.0525	0.194195250659631	0.210026385224274	0.172314589845518
1	4498	null_4497	H	L	1016	752	129	0	0	103	1897	null_4497_L	0.0515	0.532419609910385	0.668423827095414	0.384953186078287
1	4499	null_4498	H	L	1525	359	18	0	0	98	1902	null_4498_L	0.049	0.207676130389064	0.226603575184017	0.183474200050641
1	4500	null_4499	H	L	950	784	155	0	0	111	1889	null_4499_L	0.0555	0.579142403388036	0.743250397035468	0.407844473633398
1	4501	null_4500	L	H	1055	721	137	0	0	87	1913	null_4500_H	0.0435	0.520125457396759	0.663355985363304	0.392825493931116
1	4502	null_4501	H	L	1458	426	33	0	0	83	1917	null_4501_L	0.0415	0.256651017214397	0.291079812206573	0.225210067569388
1	4503	null_4502	L	H	1108	695	104	0	0	93	1907	null_4502_H	0.0465	0.473518615626639	0.582590456213949	0.35837057686898
1	4504	null_4503	L	H	1118	665	116	0	0	101	1899	null_4503_H	0.0505	0.472353870458136	0.594523433385993	0.371405254449211
1	4505	null_4504	L	H	634	928	338	0	0	100	1900	null_4504_H	0.05	0.84421052631579	1.2	0.487308587257618
1	4506	null_4505	L	H	1442	429	35	0	0	94	1906	null_4505_H	0.047	0.261804826862539	0.298530954879328	0.229989187510804
1	4507	null_4506	H	L	1486	390	21	0	0	103	1897	null_4506_L	0.0515	0.22772799156563	0.249868212967844	0.198008174825328
1	4508	null_4507	L	H	522	996	385	0	0	97	1903	null_4507_H	0.0485	0.928008407777194	1.33263268523384	0.471433080328679
1	4509	null_4508	L	H	960	778	153	0	0	109	1891	null_4508_H	0.0545	0.573241671073506	0.735060814383924	0.406454800928778
1	4510	null_4509	L	H	690	913	302	0	0	95	1905	null_4509_H	0.0475	0.796325459317585	1.11338582677165	0.479251589614291
1	4511	null_4510	L	H	1652	247	9	0	0	92	1908	null_4510_H	0.046	0.138888888888889	0.14832285115304	0.12903272769625
1	4512	null_4511	H	L	850	835	222	0	0	93	1907	null_4511_L	0.0465	0.670686942842161	0.903513371788149	0.453692396489186
1	4513	null_4512	H	L	1196	617	88	0	0	99	1901	null_4512_L	0.0495	0.417148869016307	0.509731720147291	0.335718541225707
1	4514	null_4513	H	L	491	941	478	0	0	90	1910	null_4513_L	0.045	0.993193717277487	1.49371727748691	0.507283517447438
1	4515	null_4514	L	H	1394	456	45	0	0	105	1895	null_4514_H	0.0525	0.288126649076517	0.335620052770449	0.252603086862386
1	4516	null_4515	L	H	806	852	249	0	0	93	1907	null_4515_H	0.0465	0.70791819611956	0.96906135291033	0.467913180513159
1	4517	null_4516	H	L	1236	605	87	0	0	72	1928	null_4516_L	0.036	0.404045643153527	0.494294605809129	0.331041724057781
1	4518	null_4517	H	L	1479	402	27	0	0	92	1908	null_4517_L	0.046	0.238993710691824	0.267295597484277	0.21017760373403
1	4519	null_4518	H	L	568	958	364	0	0	110	1890	null_4518_L	0.055	0.892063492063492	1.27724867724868	0.481471403376165
1	4520	null_4519	L	H	534	946	412	0	0	108	1892	null_4519_H	0.054	0.935517970401691	1.37103594080338	0.495842067858883
1	4521	null_4520	L	H	1118	685	108	0	0	89	1911	null_4520_H	0.0445	0.471480900052329	0.58451072736787	0.362216488253716
1	4522	null_4521	H	L	564	945	379	0	0	112	1888	null_4521_L	0.056	0.902012711864407	1.30349576271186	0.489868830346883
1	4523	null_4522	L	H	791	875	225	0	0	109	1891	null_4522_H	0.0545	0.700687466948704	0.938656795346377	0.447693869007386
1	4524	null_4523	L	H	1337	506	55	0	0	102	1898	null_4523_H	0.051	0.324552160168599	0.382507903055848	0.277173798385745
1	4525	null_4524	L	H	481	941	475	0	0	103	1897	null_4524_H	0.0515	0.996837111228255	1.49762783342119	0.503943607099299
1	4526	null_4525	L	H	612	912	374	0	0	102	1898	null_4525_H	0.051	0.874604847207587	1.26870389884089	0.503770260081879
1	4527	null_4526	H	L	1256	562	76	0	0	106	1894	null_4526_L	0.053	0.376979936642027	0.457233368532207	0.31511949590158
1	4528	null_4527	L	H	719	893	285	0	0	103	1897	null_4527_H	0.0515	0.771217712177122	1.07169214549288	0.47691538591717
1	4529	null_4528	L	H	1440	431	20	0	0	109	1891	null_4528_H	0.0545	0.249074563722898	0.270227392913802	0.20818925462005
1	4530	null_4529	H	L	1227	583	84	0	0	106	1894	null_4529_L	0.053	0.396515311510032	0.485216473072862	0.327992080810964
1	4531	null_4530	L	H	827	876	193	0	0	104	1896	null_4530_H	0.052	0.665611814345992	0.869198312236287	0.426159224839324
1	4532	null_4531	H	L	802	891	224	0	0	83	1917	null_4531_L	0.0415	0.69848721961398	0.932185706833594	0.444301310869526
1	4533	null_4532	H	L	502	989	428	0	0	81	1919	null_4532_L	0.0405	0.961438249088067	1.40750390828557	0.483140401476038
1	4534	null_4533	H	L	562	933	420	0	0	85	1915	null_4533_L	0.0425	0.925848563968668	1.3644908616188	0.507295298215953
1	4535	null_4534	L	H	1240	590	73	0	0	97	1903	null_4534_H	0.0485	0.386757750919601	0.463478717813978	0.31389715991759
1	4536	null_4535	L	H	1059	711	127	0	0	103	1897	null_4535_H	0.0515	0.508697944122298	0.642593568792831	0.383819970438578
1	4537	null_4536	L	H	952	790	163	0	0	95	1905	null_4536_H	0.0475	0.585826771653543	0.756955380577428	0.413762374191415
1	4538	null_4537	L	H	960	778	158	0	0	104	1896	null_4537_H	0.052	0.577004219409283	0.743670886075949	0.410737016859834
1	4539	null_4538	L	H	569	937	390	0	0	104	1896	null_4538_H	0.052	0.905590717299578	1.31698312236287	0.496888575103705
1	4540	null_4539	H	L	751	882	260	0	0	107	1893	null_4539_L	0.0535	0.740623349181194	1.01531959852087	0.466796653168498
1	4541	null_4540	H	L	1574	304	18	0	0	104	1896	null_4540_L	0.052	0.179324894514768	0.19831223628692	0.166154818494187
1	4542	null_4541	L	H	1307	544	54	0	0	95	1905	null_4541_H	0.0475	0.342257217847769	0.398950131233596	0.281810128064701
1	4543	null_4542	L	H	534	951	414	0	0	101	1899	null_4542_H	0.0505	0.936808846761453	1.37282780410743	0.495216988736901
1	4544	null_4543	H	L	725	897	276	0	0	102	1898	null_4543_L	0.051	0.763435194942044	1.05426765015806	0.471434353281864
1	4545	null_4544	H	L	669	922	325	0	0	84	1916	null_4544_L	0.042	0.820459290187892	1.15970772442589	0.486554277570269
1	4546	null_4545	L	H	833	855	206	0	0	106	1894	null_4545_H	0.053	0.66895459345301	0.886483632523759	0.438983384421878
1	4547	null_4546	H	L	1275	562	64	0	0	99	1901	null_4546_L	0.0495	0.362966859547607	0.430299842188322	0.29855490105847
1	4548	null_4547	L	H	679	883	324	0	0	114	1886	null_4547_H	0.057	0.811770943796395	1.15535524920467	0.496383184012577
1	4549	null_4548	L	H	1696	199	13	0	0	92	1908	null_4548_H	0.046	0.117924528301887	0.131551362683438	0.117645168308216
1	4550	null_4549	H	L	817	859	233	0	0	91	1909	null_4549_L	0.0455	0.694080670508119	0.938187532739654	0.456439555566654
1	4551	null_4550	H	L	649	907	345	0	0	99	1901	null_4550_L	0.0495	0.840084166228301	1.20305102577591	0.497309619428408
1	4552	null_4551	L	H	1322	517	55	0	0	106	1894	null_4551_H	0.053	0.331045406546991	0.389123548046463	0.2795324868506
1	4553	null_4552	L	H	1338	500	55	0	0	107	1893	null_4552_H	0.0535	0.322239830956154	0.380348652931854	0.276510144277203
1	4554	null_4553	H	L	706	903	298	0	0	93	1907	null_4553_L	0.0465	0.7860513896172	1.09858416360776	0.48070737648863
1	4555	null_4554	L	H	1570	314	12	0	0	104	1896	null_4554_H	0.052	0.178270042194093	0.190928270042194	0.15914806209831
1	4556	null_4555	H	L	778	891	234	0	0	97	1903	null_4555_L	0.0485	0.714135575407252	0.960063058328954	0.450073438266708
1	4557	null_4556	L	H	1383	466	38	0	0	113	1887	null_4556_H	0.0565	0.287228404875464	0.327503974562798	0.245003817995495
1	4558	null_4557	H	L	1041	747	104	0	0	108	1892	null_4557_L	0.054	0.504756871035941	0.614693446088795	0.359913947230802
1	4559	null_4558	H	L	1529	355	19	0	0	97	1903	null_4558_L	0.0485	0.206516027325276	0.226484498160799	0.183835628618585
1	4560	null_4559	H	L	1255	583	74	0	0	88	1912	null_4559_L	0.044	0.382322175732218	0.459728033472803	0.313557787416187
1	4561	null_4560	H	L	1244	580	78	0	0	98	1902	null_4560_L	0.049	0.386961093585699	0.468980021030494	0.319241133081454
1	4562	null_4561	L	H	744	879	274	0	0	103	1897	null_4561_H	0.0515	0.752240379546653	1.04111755403268	0.475251965412191
1	4563	null_4562	L	H	933	795	176	0	0	96	1904	null_4562_H	0.048	0.602415966386555	0.787289915966387	0.42438491940894
1	4564	null_4563	H	L	1349	504	38	0	0	109	1891	null_4563_L	0.0545	0.306716023268112	0.34690639873083	0.252831679801425
1	4565	null_4564	H	L	811	850	219	0	0	120	1880	null_4564_L	0.06	0.685106382978723	0.918085106382979	0.448714350384789
1	4566	null_4565	L	H	1036	737	118	0	0	109	1891	null_4565_H	0.0545	0.514542570068747	0.639344262295082	0.374590205882131
1	4567	null_4566	H	L	845	835	218	0	0	102	1898	null_4566_L	0.051	0.669652265542677	0.899367755532139	0.4509335987857
1	4568	null_4567	L	H	1064	711	123	0	0	102	1898	null_4567_H	0.051	0.504214963119073	0.633825079030559	0.379592349997391
1	4569	null_4568	L	H	660	929	302	0	0	109	1891	null_4568_H	0.0545	0.810682178741407	1.13008989952406	0.472884304595147
1	4570	null_4569	H	L	509	972	417	0	0	102	1898	null_4569_L	0.051	0.951527924130664	1.39093782929399	0.485532438893583
1	4571	null_4570	L	H	499	966	445	0	0	90	1910	null_4570_H	0.045	0.971727748691099	1.43769633507853	0.493441517502262
1	4572	null_4571	H	L	574	930	393	0	0	103	1897	null_4571_L	0.0515	0.90458618871903	1.31892461781761	0.500648444996386
1	4573	null_4572	L	H	833	838	221	0	0	108	1892	null_4572_H	0.054	0.676532769556025	0.91014799154334	0.452451403260194
1	4574	null_4573	L	H	1336	508	44	0	0	112	1888	null_4573_H	0.056	0.315677966101695	0.36228813559322	0.262635557311117
1	4575	null_4574	L	H	1333	536	46	0	0	85	1915	null_4574_H	0.0425	0.327937336814621	0.375979112271541	0.268436215394474
1	4576	null_4575	L	H	1574	301	11	0	0	114	1886	null_4575_H	0.057	0.171261930010604	0.182926829268293	0.153596180597336
1	4577	null_4576	L	H	1519	346	27	0	0	108	1892	null_4576_H	0.054	0.211416490486258	0.239957716701903	0.195260784252377
1	4578	null_4577	H	L	1464	393	34	0	0	109	1891	null_4577_L	0.0545	0.243786356425172	0.279746166049709	0.220314378470648
1	4579	null_4578	L	H	634	935	333	0	0	98	1902	null_4578_H	0.049	0.841745531019979	1.1919032597266	0.483367720734497
1	4580	null_4579	L	H	642	925	333	0	0	100	1900	null_4579_H	0.05	0.837368421052632	1.18789473684211	0.486708864265928
1	4581	null_4580	L	H	1128	659	100	0	0	113	1887	null_4580_H	0.0565	0.455219925808161	0.56120826709062	0.353983086237832
1	4582	null_4581	H	L	1604	282	19	0	0	95	1905	null_4581_L	0.0475	0.167979002624672	0.187926509186352	0.159709563863572
1	4583	null_4582	H	L	1656	231	8	0	0	105	1895	null_4582_L	0.0525	0.130343007915567	0.138786279683377	0.1217969799709
1	4584	null_4583	L	H	965	759	183	0	0	93	1907	null_4583_H	0.0465	0.589931830099633	0.78185631882538	0.433836754660678
1	4585	null_4584	L	H	829	862	220	0	0	89	1911	null_4584_H	0.0445	0.681318681318681	0.91156462585034	0.447369480336513
1	4586	null_4585	H	L	1172	660	86	0	0	82	1918	null_4585_L	0.041	0.433785192909281	0.523461939520334	0.335292345932992
1	4587	null_4586	H	L	1651	252	5	0	0	92	1908	null_4586_L	0.046	0.137316561844864	0.142557651991614	0.12370181383472
1	4588	null_4587	H	L	1241	565	74	0	0	120	1880	null_4587_L	0.06	0.379255319148936	0.457978723404255	0.314144126301494
1	4589	null_4588	H	L	953	795	152	0	0	100	1900	null_4588_L	0.05	0.578421052631579	0.738421052631579	0.403850138504155
1	4590	null_4589	L	H	505	922	467	0	0	106	1894	null_4589_H	0.053	0.979936642027455	1.47307286166843	0.512797039280382
1	4591	null_4590	L	H	831	848	223	0	0	98	1902	null_4590_H	0.049	0.680336487907466	0.914826498422713	0.451968761644448
1	4592	null_4591	L	H	1249	601	58	0	0	92	1908	null_4591_H	0.046	0.375786163522013	0.436582809224319	0.295367568529726
1	4593	null_4592	L	H	842	865	194	0	0	99	1901	null_4592_H	0.0495	0.659126775381378	0.863229879011047	0.428781772986393
1	4594	null_4593	H	L	955	779	168	0	0	98	1902	null_4593_L	0.049	0.586225026288118	0.762881177707676	0.419221396261172
1	4595	null_4594	H	L	656	922	323	0	0	99	1901	null_4594_L	0.0495	0.824829037348764	1.16465018411362	0.484307243259936
1	4596	null_4595	L	H	1178	655	82	0	0	85	1915	null_4595_H	0.0425	0.427676240208877	0.51331592689295	0.330408960453749
1	4597	null_4596	H	L	1700	201	2	0	0	97	1903	null_4596_L	0.0485	0.1077246452969	0.109826589595376	0.0982219903910329
1	4598	null_4597	L	H	766	872	268	0	0	94	1906	null_4597_H	0.047	0.738719832109129	1.0199370409234	0.47423005057206
1	4599	null_4598	H	L	1423	445	34	0	0	98	1902	null_4598_L	0.049	0.269716088328076	0.30546792849632	0.232721160193321
1	4600	null_4599	L	H	1250	588	70	0	0	92	1908	null_4599_H	0.046	0.381551362683438	0.454926624737946	0.309345182372357
1	4601	null_4600	L	H	905	794	190	0	0	111	1889	null_4600_H	0.0555	0.621492853361567	0.822657490735839	0.436404123956337
1	4602	null_4601	L	H	890	841	161	0	0	108	1892	null_4601_H	0.054	0.614693446088795	0.784883720930233	0.407035688265714
1	4603	null_4602	L	H	1620	273	7	0	0	100	1900	null_4602_H	0.05	0.151052631578947	0.158421052631579	0.135604155124654
1	4604	null_4603	H	L	1666	225	7	0	0	102	1898	null_4603_L	0.051	0.125922023182297	0.133298208640674	0.117441852718351
1	4605	null_4604	H	L	856	828	199	0	0	117	1883	null_4604_L	0.0585	0.65108868826341	0.862453531598513	0.438537051613946
1	4606	null_4605	H	L	527	941	438	0	0	94	1906	null_4605_L	0.047	0.953305351521511	1.41290661070304	0.504115517463491
1	4607	null_4606	L	H	1469	416	23	0	0	92	1908	null_4606_H	0.046	0.242138364779874	0.266247379454927	0.207616391756655
1	4608	null_4607	L	H	523	945	427	0	0	105	1895	null_4607_H	0.0525	0.94934036939314	1.4	0.498752863040497
1	4609	null_4608	H	L	810	875	215	0	0	100	1900	null_4608_L	0.05	0.686842105263158	0.913157894736842	0.441405817174515
1	4610	null_4609	L	H	1061	719	116	0	0	104	1896	null_4609_H	0.052	0.501582278481013	0.623945147679325	0.372360365593121
1	4611	null_4610	L	H	833	858	211	0	0	98	1902	null_4610_H	0.049	0.672975814931651	0.89484752891693	0.44195108143401
1	4612	null_4611	H	L	620	926	359	0	0	95	1905	null_4611_L	0.0475	0.862992125984252	1.23989501312336	0.49513960361254
1	4613	null_4612	H	L	1204	601	84	0	0	111	1889	null_4612_L	0.0555	0.407093700370566	0.496029645314981	0.330304364433581
1	4614	null_4613	H	L	1061	709	134	0	0	96	1904	null_4613_L	0.048	0.51313025210084	0.653886554621849	0.390583899000777
1	4615	null_4614	L	H	752	870	273	0	0	105	1895	null_4614_H	0.0525	0.747229551451187	1.0353562005277	0.477004197965762
1	4616	null_4615	L	H	1074	722	102	0	0	102	1898	null_4615_H	0.051	0.487881981032666	0.59536354056902	0.357334713152661
1	4617	null_4616	L	H	523	949	434	0	0	94	1906	null_4616_H	0.047	0.953305351521511	1.4087093389297	0.499918245690144
1	4618	null_4617	H	L	930	800	169	0	0	101	1899	null_4617_L	0.0505	0.599262769878884	0.777251184834123	0.418135317471211
1	4619	null_4618	H	L	817	877	222	0	0	84	1916	null_4618_L	0.042	0.689457202505219	0.921189979123173	0.44583874503685
1	4620	null_4619	L	H	802	888	212	0	0	98	1902	null_4619_H	0.049	0.689800210304942	0.912723449001052	0.436899118864309
1	4621	null_4620	H	L	1581	295	14	0	0	110	1890	null_4620_L	0.055	0.170899470899471	0.185714285714286	0.156507656560567
1	4622	null_4621	L	H	1426	425	34	0	0	115	1885	null_4621_H	0.0575	0.261538461538462	0.297612732095491	0.229210365231585
1	4623	null_4622	L	H	795	910	209	0	0	86	1914	null_4622_H	0.043	0.693834900731453	0.912225705329154	0.430818835856129
1	4624	null_4623	H	L	1148	651	104	0	0	97	1903	null_4623_L	0.0485	0.451392538097741	0.560693641618497	0.356938418168177
1	4625	null_4624	H	L	757	862	277	0	0	104	1896	null_4624_L	0.052	0.746835443037975	1.03902953586498	0.481266356887251
1	4626	null_4625	H	L	1573	305	21	0	0	101	1899	null_4625_L	0.0505	0.182727751448131	0.204844655081622	0.171455223932332
1	4627	null_4626	H	L	749	877	275	0	0	99	1901	null_4626_L	0.0495	0.750657548658601	1.03997895844292	0.476492203084785
1	4628	null_4627	H	L	900	845	165	0	0	90	1910	null_4627_L	0.045	0.615183246073299	0.787958115183246	0.409507688933966
1	4629	null_4628	L	H	507	954	453	0	0	86	1914	null_4628_H	0.043	0.971786833855799	1.44514106583072	0.500771415375242
1	4630	null_4629	L	H	508	978	415	0	0	99	1901	null_4629_H	0.0495	0.951078379800105	1.38769068911099	0.483140604587801
1	4631	null_4630	L	H	1045	714	118	0	0	123	1877	null_4630_H	0.0615	0.506126798082046	0.631859350026638	0.375695014289854
1	4632	null_4631	L	H	609	924	375	0	0	92	1908	null_4631_H	0.046	0.877358490566038	1.27044025157233	0.500682330604011
1	4633	null_4632	H	L	790	864	256	0	0	90	1910	null_4632_L	0.045	0.720418848167539	0.98848167539267	0.469478358597626
1	4634	null_4633	L	H	937	786	172	0	0	105	1895	null_4633_H	0.0525	0.596306068601583	0.777836411609499	0.422255484158423
1	4635	null_4634	H	L	945	779	166	0	0	110	1890	null_4634_L	0.055	0.587830687830688	0.763492063492063	0.417947145936564
1	4636	null_4635	H	L	897	825	180	0	0	98	1902	null_4635_L	0.049	0.623028391167193	0.812302839116719	0.424138462916339
1	4637	null_4636	L	H	956	799	148	0	0	97	1903	null_4636_H	0.0485	0.57540725170783	0.73095112979506	0.399857624477103
1	4638	null_4637	H	L	1024	744	147	0	0	85	1915	null_4637_L	0.0425	0.542036553524804	0.69556135770235	0.401757732345302
1	4639	null_4638	H	L	1191	625	70	0	0	114	1886	null_4638_L	0.057	0.405620360551432	0.479851537645811	0.315323660751938
1	4640	null_4639	H	L	1275	580	52	0	0	93	1907	null_4639_L	0.0465	0.358678552700577	0.413214472994232	0.284564168826851
1	4641	null_4640	L	H	480	959	450	0	0	111	1889	null_4640_H	0.0555	0.984118581259926	1.46056114346215	0.4920717614811
1	4642	null_4641	L	H	1428	436	39	0	0	97	1903	null_4641_H	0.0485	0.270099842354178	0.311087756174461	0.23813383133471
1	4643	null_4642	L	H	566	901	404	0	0	129	1871	null_4642_H	0.0645	0.913415285943346	1.3452699091395	0.510942424544533
1	4644	null_4643	H	L	733	897	278	0	0	92	1908	null_4643_L	0.046	0.761530398322851	1.05293501048218	0.47300646291242
1	4645	null_4644	H	L	956	795	146	0	0	103	1897	null_4644_L	0.0515	0.573010015814444	0.726937269372694	0.398596791149025
1	4646	null_4645	H	L	1057	703	132	0	0	108	1892	null_4645_L	0.054	0.511099365750529	0.650634249471459	0.389411687800866
1	4647	null_4646	L	H	490	945	474	0	0	91	1909	null_4646_H	0.0455	0.991618648507072	1.48821372446307	0.504906180396078
1	4648	null_4647	L	H	1745	164	5	0	0	86	1914	null_4647_H	0.043	0.0909090909090909	0.0961337513061651	0.0878692884962477
1	4649	null_4648	H	L	1064	708	119	0	0	109	1891	null_4648_L	0.0545	0.500264410364886	0.626123744050767	0.375859263773039
1	4650	null_4649	H	L	1029	726	140	0	0	105	1895	null_4649_L	0.0525	0.530870712401056	0.678627968337731	0.396804255052527
1	4651	null_4650	L	H	899	807	186	0	0	108	1892	null_4650_H	0.054	0.623150105708245	0.819767441860465	0.431451387616268
1	4652	null_4651	H	L	1123	693	101	0	0	83	1917	null_4651_L	0.0415	0.466875326030256	0.572248304642671	0.354275734586813
1	4653	null_4652	H	L	1413	479	30	0	0	78	1922	null_4652_L	0.039	0.280437044745057	0.31165452653486	0.233009590469518
1	4654	null_4653	H	L	1061	725	123	0	0	91	1909	null_4653_L	0.0455	0.508643268727082	0.637506547930854	0.378788573109483
1	4655	null_4654	L	H	484	927	482	0	0	107	1893	null_4654_H	0.0535	0.998943475964078	1.50818806127839	0.510299993107199
1	4656	null_4655	H	L	1256	558	56	0	0	130	1870	null_4655_L	0.065	0.358288770053476	0.418181818181818	0.289810975435386
1	4657	null_4656	L	H	494	955	448	0	0	103	1897	null_4656_H	0.0515	0.975751186083289	1.44807590933052	0.495985532187576
1	4658	null_4657	L	H	788	863	272	0	0	77	1923	null_4657_H	0.0385	0.731669266770671	1.0145605824233	0.479220666486566
1	4659	null_4658	L	H	502	956	451	0	0	91	1909	null_4658_H	0.0455	0.973284442116291	1.44578313253012	0.4985005272645
1	4660	null_4659	L	H	525	944	443	0	0	88	1912	null_4659_H	0.044	0.957112970711297	1.42050209205021	0.504436853346405
1	4661	null_4660	L	H	1468	404	26	0	0	102	1898	null_4660_H	0.051	0.240252897787144	0.267650158061117	0.209928703165997
1	4662	null_4661	L	H	994	735	149	0	0	122	1878	null_4661_H	0.061	0.550053248136315	0.708732694355698	0.406174118570387
1	4663	null_4662	H	L	1614	282	12	0	0	92	1908	null_4662_L	0.046	0.160377358490566	0.172955974842767	0.147235077726356
1	4664	null_4663	L	H	867	847	186	0	0	100	1900	null_4663_H	0.05	0.641578947368421	0.837368421052632	0.42574487534626
1	4665	null_4664	H	L	1049	708	142	0	0	101	1899	null_4664_L	0.0505	0.522380200105319	0.671932596103212	0.39905152264114
1	4666	null_4665	L	H	1526	356	17	0	0	101	1899	null_4665_H	0.0505	0.205371248025276	0.223275408109531	0.181098058594072
1	4667	null_4666	H	L	1332	522	47	0	0	99	1901	null_4666_L	0.0495	0.324039978958443	0.373487638085218	0.26848573012183
1	4668	null_4667	H	L	731	887	264	0	0	118	1882	null_4667_L	0.059	0.751859723698193	1.03241232731137	0.467119283191847
1	4669	null_4668	H	L	890	847	172	0	0	91	1909	null_4668_L	0.0455	0.623886851754846	0.804085908852803	0.41485110506023
1	4670	null_4669	H	L	1096	705	102	0	0	97	1903	null_4669_L	0.0485	0.477666841828692	0.584866001050972	0.356700389268376
1	4671	null_4670	H	L	541	923	434	0	0	102	1898	null_4670_L	0.051	0.943624868282403	1.40094836670179	0.51052047466081
1	4672	null_4671	L	H	1267	574	51	0	0	108	1892	null_4671_H	0.054	0.357293868921776	0.411205073995772	0.283546165226681
1	4673	null_4672	H	L	820	872	217	0	0	91	1909	null_4672_L	0.0455	0.684127815610267	0.911471974855946	0.44344110676427
1	4674	null_4673	L	H	1632	264	5	0	0	99	1901	null_4673_H	0.0495	0.144134665965281	0.149395055234087	0.128620253301164
1	4675	null_4674	L	H	581	953	339	0	0	127	1873	null_4674_H	0.0635	0.870795515216231	1.23278163374266	0.474496804421958
1	4676	null_4675	H	L	1592	284	13	0	0	111	1889	null_4675_L	0.0555	0.164107993647433	0.17787188988883	0.150940456309844
1	4677	null_4676	L	H	779	846	260	0	0	115	1885	null_4676_H	0.0575	0.724668435013263	1.00053050397878	0.475386163274209
1	4678	null_4677	L	H	1696	190	6	0	0	108	1892	null_4677_H	0.054	0.10676532769556	0.113107822410148	0.101708987212208
1	4679	null_4678	H	L	1097	707	99	0	0	97	1903	null_4678_L	0.0485	0.475564897530215	0.579611140304782	0.353449168541858
1	4680	null_4679	L	H	628	908	365	0	0	99	1901	null_4679_H	0.0495	0.861651762230405	1.24566017885324	0.503216419498473
1	4681	null_4680	L	H	1078	730	96	0	0	96	1904	null_4680_H	0.048	0.484243697478992	0.585084033613445	0.35059207506532
1	4682	null_4681	H	L	563	957	366	0	0	114	1886	null_4681_L	0.057	0.895546129374337	1.28366914103924	0.481666271201879
1	4683	null_4682	H	L	539	944	408	0	0	109	1891	null_4682_L	0.0545	0.930724484399789	1.36224219989424	0.495994134032984
1	4684	null_4683	L	H	1350	508	32	0	0	110	1890	null_4683_H	0.055	0.302645502645503	0.336507936507937	0.244913636236388
1	4685	null_4684	H	L	527	955	421	0	0	97	1903	null_4684_L	0.0485	0.944298476090384	1.3867577509196	0.49505813897298
1	4686	null_4685	L	H	1577	311	17	0	0	95	1905	null_4685_H	0.0475	0.181102362204724	0.198950131233596	0.166152065637465
1	4687	null_4686	L	H	711	906	280	0	0	103	1897	null_4686_H	0.0515	0.772799156562994	1.06800210859251	0.470783572208039
1	4688	null_4687	L	H	459	991	443	0	0	107	1893	null_4687_H	0.0535	0.991547807712626	1.45958795562599	0.476420900646277
1	4689	null_4688	H	L	1215	608	80	0	0	97	1903	null_4688_L	0.0485	0.403573305307409	0.487651077246453	0.324779664489706
1	4690	null_4689	L	H	1043	760	113	0	0	84	1916	null_4689_H	0.042	0.514613778705637	0.632567849686848	0.367740508453154
1	4691	null_4690	L	H	1468	401	41	0	0	90	1910	null_4690_H	0.045	0.252879581151832	0.295811518324607	0.231863435761081
1	4692	null_4691	H	L	1254	562	74	0	0	110	1890	null_4691_L	0.055	0.375661375661376	0.453968253968254	0.312846784804457
1	4693	null_4692	L	H	1633	266	10	0	0	91	1909	null_4692_H	0.0455	0.149816657936092	0.160293347302252	0.137848316307112
1	4694	null_4693	L	H	641	958	306	0	0	95	1905	null_4693_H	0.0475	0.824146981627297	1.14540682414698	0.466188576821598
1	4695	null_4694	H	L	1326	529	61	0	0	84	1916	null_4694_L	0.042	0.339770354906054	0.403444676409186	0.2880007823362
1	4696	null_4695	L	H	535	939	420	0	0	106	1894	null_4695_H	0.053	0.939281942977825	1.38278775079197	0.500537182387777
1	4697	null_4696	L	H	872	822	213	0	0	93	1907	null_4696_H	0.0465	0.65443104352386	0.877818563188254	0.449538572460526
1	4698	null_4697	H	L	906	809	193	0	0	92	1908	null_4697_L	0.046	0.626310272536688	0.828616352201258	0.436351794716278
1	4699	null_4698	H	L	1428	457	31	0	0	84	1916	null_4698_L	0.042	0.270876826722338	0.303235908141962	0.229861652886799
1	4700	null_4699	L	H	1664	236	8	0	0	92	1908	null_4699_H	0.046	0.132075471698113	0.140461215932914	0.123017285708635
1	4701	null_4700	H	L	713	901	288	0	0	98	1902	null_4700_L	0.049	0.776550998948475	1.07939011566772	0.476358661699843
1	4702	null_4701	L	H	535	955	399	0	0	111	1889	null_4701_H	0.0555	0.928004235044997	1.35044997353097	0.489258113269518
1	4703	null_4702	L	H	1276	563	59	0	0	102	1898	null_4702_H	0.051	0.358798735511064	0.420969441517387	0.292232908913048
1	4704	null_4703	H	L	606	923	391	0	0	80	1920	null_4703_L	0.04	0.888020833333333	1.2953125	0.506731499565972
1	4705	null_4704	L	H	1070	710	120	0	0	100	1900	null_4704_H	0.05	0.5	0.626315789473684	0.376315789473684
1	4706	null_4705	H	L	1479	393	33	0	0	95	1905	null_4705_L	0.0475	0.240944881889764	0.275590551181102	0.21753611507223
1	4707	null_4706	H	L	923	790	190	0	0	97	1903	null_4706_L	0.0485	0.614818707304257	0.814503415659485	0.436501372808208
1	4708	null_4707	H	L	585	916	395	0	0	104	1896	null_4707_L	0.052	0.899789029535865	1.31645569620253	0.506835398529438
1	4709	null_4708	L	H	1195	611	77	0	0	117	1883	null_4708_H	0.0585	0.406266595857674	0.488050982474774	0.322998435564992
1	4710	null_4709	H	L	1600	295	16	0	0	89	1911	null_4709_L	0.0445	0.171114599686028	0.187859759288331	0.158579553062621
1	4711	null_4710	H	L	523	964	397	0	0	116	1884	null_4710_L	0.058	0.93312101910828	1.35456475583864	0.483849919536966
1	4712	null_4711	H	L	882	810	215	0	0	93	1907	null_4711_L	0.0465	0.65023597273204	0.875721027792344	0.452914207557562
1	4713	null_4712	H	L	711	897	276	0	0	116	1884	null_4712_L	0.058	0.769108280254777	1.06210191082803	0.470574364071565
1	4714	null_4713	L	H	1700	208	6	0	0	86	1914	null_4713_H	0.043	0.114942528735632	0.121212121212121	0.10800033629998
1	4715	null_4714	H	L	1606	294	9	0	0	91	1909	null_4714_L	0.0455	0.163436354112101	0.172865374541645	0.146153932696189
1	4716	null_4715	L	H	700	897	277	0	0	126	1874	null_4715_H	0.063	0.774279615795091	1.06990394877268	0.470395025336885
1	4717	null_4716	H	L	1307	538	59	0	0	96	1904	null_4716_L	0.048	0.34453781512605	0.406512605042017	0.287806298990184
1	4718	null_4717	L	H	862	877	183	0	0	78	1922	null_4717_H	0.039	0.646722164412071	0.837148803329865	0.418899245388031
1	4719	null_4718	H	L	1260	588	68	0	0	84	1916	null_4718_L	0.042	0.377870563674322	0.448851774530271	0.306065611638722
1	4720	null_4719	H	L	817	848	239	0	0	96	1904	null_4719_L	0.048	0.696428571428571	0.947478991596639	0.462466236494598
1	4721	null_4720	L	H	919	798	172	0	0	111	1889	null_4720_H	0.0555	0.604552673372155	0.786659608258338	0.421175673376919
1	4722	null_4721	H	L	1266	597	59	0	0	78	1922	null_4721_L	0.039	0.372008324661811	0.433402705515088	0.295012511897401
1	4723	null_4722	H	L	1258	575	63	0	0	104	1896	null_4722_L	0.052	0.369725738396625	0.436181434599156	0.299484312966227
1	4724	null_4723	H	L	831	872	210	0	0	87	1913	null_4723_L	0.0435	0.675378985886043	0.894929430214323	0.438792655637863
1	4725	null_4724	H	L	541	956	418	0	0	85	1915	null_4724_L	0.0425	0.935770234986945	1.37232375979112	0.4966578271036
1	4726	null_4725	H	L	566	920	419	0	0	95	1905	null_4725_L	0.0475	0.922834645669291	1.36272965879265	0.511105875545085
1	4727	null_4726	L	H	1049	735	119	0	0	97	1903	null_4726_H	0.0485	0.511297950604309	0.636363636363636	0.37493804207147
1	4728	null_4727	L	H	1682	218	7	0	0	93	1907	null_4727_H	0.0465	0.121657052962769	0.128998426848453	0.114197988312867
1	4729	null_4728	H	L	676	899	314	0	0	111	1889	null_4728_L	0.0555	0.808364213869773	1.14081524616199	0.487362543896695
1	4730	null_4729	H	L	1471	409	31	0	0	89	1911	null_4729_L	0.0445	0.246467817896389	0.27891156462585	0.218165179367243
1	4731	null_4730	H	L	644	906	362	0	0	88	1912	null_4730_L	0.044	0.852510460251046	1.23117154811715	0.504397463279704
1	4732	null_4731	L	H	913	815	180	0	0	92	1908	null_4731_H	0.046	0.615828092243187	0.804507337526206	0.425263098330323
1	4733	null_4732	H	L	1389	458	42	0	0	111	1889	null_4732_L	0.0555	0.286924298570672	0.33139227104288	0.249066717932608
1	4734	null_4733	H	L	710	926	265	0	0	99	1901	null_4733_L	0.0495	0.765912677538138	1.04471330878485	0.458091079171211
1	4735	null_4734	H	L	519	923	465	0	0	93	1907	null_4734_L	0.0465	0.971683272155218	1.45936025170425	0.515191870317977
1	4736	null_4735	L	H	1263	578	64	0	0	95	1905	null_4735_H	0.0475	0.370603674540682	0.437795275590551	0.300448192007495
1	4737	null_4736	H	L	1477	393	22	0	0	108	1892	null_4736_L	0.054	0.230972515856237	0.254228329809725	0.200880026728766
1	4738	null_4737	L	H	1708	171	9	0	0	112	1888	null_4737_H	0.056	0.10010593220339	0.109639830508475	0.0996186328461649
1	4739	null_4738	L	H	1666	219	5	0	0	110	1890	null_4738_H	0.055	0.121164021164021	0.126455026455026	0.111774306430391
1	4740	null_4739	L	H	1192	612	87	0	0	109	1891	null_4739_H	0.0545	0.415653093601269	0.507667900581703	0.334900406361397
1	4741	null_4740	H	L	747	889	261	0	0	103	1897	null_4740_L	0.0515	0.743806009488666	1.01897733263047	0.465729952879015
1	4742	null_4741	L	H	1085	703	98	0	0	114	1886	null_4741_H	0.057	0.476670201484624	0.580593849416755	0.353379368433364
1	4743	null_4742	H	L	1045	712	142	0	0	101	1899	null_4742_L	0.0505	0.524486571879937	0.674038967877831	0.398952803795462
1	4744	null_4743	H	L	1571	317	14	0	0	98	1902	null_4743_L	0.049	0.181388012618297	0.196109358569926	0.163207747448311
1	4745	null_4744	H	L	641	918	337	0	0	104	1896	null_4744_L	0.052	0.839662447257384	1.19514767932489	0.490114653990636
1	4746	null_4745	L	H	1194	611	98	0	0	97	1903	null_4745_H	0.0485	0.424067262217551	0.52706253284288	0.34722948995819
1	4747	null_4746	H	L	1602	298	11	0	0	89	1911	null_4746_L	0.0445	0.167451596023025	0.178963893249608	0.150923856238949
1	4748	null_4747	L	H	658	926	328	0	0	88	1912	null_4747_H	0.044	0.827405857740586	1.17050209205021	0.485901638626775
1	4749	null_4748	H	L	1617	274	15	0	0	94	1906	null_4748_L	0.047	0.159496327387198	0.175236096537251	0.149797018087246
1	4750	null_4749	H	L	1385	472	41	0	0	102	1898	null_4749_L	0.051	0.291886195995785	0.33508956796628	0.249892016553391
1	4751	null_4750	H	L	976	763	163	0	0	98	1902	null_4750_L	0.049	0.572555205047319	0.743953732912724	0.416134270085946
1	4752	null_4751	H	L	977	773	153	0	0	97	1903	null_4751_L	0.0485	0.566999474513925	0.727798213347346	0.406309809248279
1	4753	null_4752	H	L	754	868	282	0	0	96	1904	null_4752_L	0.048	0.752100840336134	1.04831932773109	0.482663653696773
1	4754	null_4753	H	L	1251	572	82	0	0	95	1905	null_4753_L	0.0475	0.386351706036745	0.47244094488189	0.323173304124386
1	4755	null_4754	L	H	531	953	406	0	0	110	1890	null_4754_H	0.055	0.933862433862434	1.36349206349206	0.491393018112595
1	4756	null_4755	L	H	1018	748	138	0	0	96	1904	null_4755_H	0.048	0.53781512605042	0.682773109243698	0.393527999435068
1	4757	null_4756	H	L	1294	560	52	0	0	94	1906	null_4756_L	0.047	0.348373557187828	0.402938090241343	0.281573954893642
1	4758	null_4757	L	H	722	925	255	0	0	98	1902	null_4757_H	0.049	0.754468980021031	1.02260778128286	0.453384339468886
1	4759	null_4758	H	L	1444	429	40	0	0	87	1913	null_4758_L	0.0435	0.266074228959749	0.307893361212755	0.23709786589623
1	4760	null_4759	H	L	600	945	336	0	0	119	1881	null_4759_L	0.0595	0.859649122807018	1.21690590111643	0.477909286773553
1	4761	null_4760	L	H	593	958	352	0	0	97	1903	null_4760_H	0.0485	0.873357856016816	1.24330005254861	0.480546107882319
1	4762	null_4761	H	L	611	951	349	0	0	89	1911	null_4761_L	0.0445	0.862899005756149	1.22815279958137	0.483558105446421
1	4763	null_4762	L	H	1267	578	64	0	0	91	1909	null_4762_H	0.0455	0.369827134625458	0.436877946568884	0.300105837063607
1	4764	null_4763	H	L	1238	605	49	0	0	108	1892	null_4763_L	0.054	0.371564482029598	0.423361522198732	0.285301357892808
1	4765	null_4764	H	L	1559	304	12	0	0	125	1875	null_4764_L	0.0625	0.174933333333333	0.187733333333333	0.157131662222222
1	4766	null_4765	H	L	608	907	368	0	0	117	1883	null_4765_L	0.0585	0.872543813064259	1.26340945300053	0.502076747283814
1	4767	null_4766	L	H	959	801	141	0	0	99	1901	null_4766_H	0.0495	0.569700157811678	0.718043135192004	0.393484865381353
1	4768	null_4767	H	L	1499	383	23	0	0	95	1905	null_4767_L	0.0475	0.225196850393701	0.249343832020997	0.198630210593755
1	4769	null_4768	L	H	988	764	147	0	0	101	1899	null_4768_H	0.0505	0.557135334386519	0.711953659820958	0.40155387899898
1	4770	null_4769	H	L	788	845	250	0	0	117	1883	null_4769_L	0.0585	0.714285714285714	0.979819437068508	0.469615355435855
1	4771	null_4770	H	L	1255	573	75	0	0	97	1903	null_4770_L	0.0485	0.379926431949553	0.458749343142407	0.314405249448488
1	4772	null_4771	L	H	597	902	395	0	0	106	1894	null_4771_H	0.053	0.893347412882788	1.31045406546991	0.512384465365535
1	4773	null_4772	L	H	1191	620	105	0	0	84	1916	null_4772_H	0.042	0.433194154488518	0.542797494780793	0.355140319297772
1	4774	null_4773	H	L	777	881	234	0	0	108	1892	null_4773_L	0.054	0.713002114164905	0.960359408033827	0.451987393230203
1	4775	null_4774	L	H	563	937	408	0	0	92	1908	null_4774_H	0.046	0.918763102725367	1.34643605870021	0.502310419770667
1	4776	null_4775	H	L	693	916	282	0	0	109	1891	null_4775_L	0.0545	0.782654680063459	1.08090957165521	0.468361223429974
1	4777	null_4776	L	H	1254	574	78	0	0	94	1906	null_4776_H	0.047	0.383001049317943	0.464847848898216	0.318158045119571
1	4778	null_4777	L	H	1312	537	61	0	0	90	1910	null_4777_H	0.045	0.345026178010471	0.408900523560209	0.289857460047696
1	4779	null_4778	H	L	681	908	303	0	0	108	1892	null_4778_L	0.054	0.800211416490486	1.12050739957717	0.480169088495457
1	4780	null_4779	L	H	1578	314	20	0	0	88	1912	null_4779_H	0.044	0.185146443514644	0.206066945606695	0.171787740060573
1	4781	null_4780	L	H	930	820	158	0	0	92	1908	null_4780_H	0.046	0.59538784067086	0.761006289308176	0.406519608489467
1	4782	null_4781	H	L	1710	186	3	0	0	101	1899	null_4781_L	0.0505	0.101105845181675	0.104265402843602	0.0940430109137011
1	4783	null_4782	H	L	821	854	214	0	0	111	1889	null_4782_L	0.0555	0.678665960825834	0.905240868184224	0.444653381800572
1	4784	null_4783	H	L	1174	631	92	0	0	103	1897	null_4783_L	0.0515	0.429625724828677	0.526620980495519	0.342042717060953
1	4785	null_4784	L	H	482	953	466	0	0	99	1901	null_4784_H	0.0495	0.991583377169911	1.48185165702262	0.498614063142935
1	4786	null_4785	L	H	1592	295	18	0	0	95	1905	null_4785_H	0.0475	0.173753280839895	0.192650918635171	0.162460716032543
1	4787	null_4786	L	H	1537	333	21	0	0	109	1891	null_4786_H	0.0545	0.198307773664728	0.220518244315177	0.181192271219316
1	4788	null_4787	H	L	558	927	408	0	0	107	1893	null_4787_L	0.0535	0.920760697305864	1.35182250396197	0.504022242258785
1	4789	null_4788	H	L	1649	230	10	0	0	111	1889	null_4788_L	0.0555	0.132345156167284	0.142932768660667	0.125417528299724
1	4790	null_4789	L	H	748	903	249	0	0	100	1900	null_4789_H	0.05	0.737368421052632	0.999473684210526	0.455761495844875
1	4791	null_4790	L	H	683	905	317	0	0	95	1905	null_4790_H	0.0475	0.807874015748032	1.14068241469816	0.488021989377312
1	4792	null_4791	L	H	1555	326	16	0	0	103	1897	null_4791_H	0.0515	0.188719030047443	0.205587770163416	0.169972897861368
1	4793	null_4792	H	L	481	939	472	0	0	108	1892	null_4792_L	0.054	0.995243128964059	1.49418604651163	0.503677160761457
1	4794	null_4793	H	L	836	849	221	0	0	94	1906	null_4793_L	0.047	0.677334732423925	0.909233997901364	0.450451658153575
1	4795	null_4794	L	H	1224	619	72	0	0	85	1915	null_4794_H	0.0425	0.398433420365535	0.473629242819843	0.314880052355664
1	4796	null_4795	H	L	976	777	135	0	0	112	1888	null_4795_L	0.056	0.554555084745763	0.697563559322034	0.390032217304654
1	4797	null_4796	L	H	1457	424	23	0	0	96	1904	null_4796_H	0.048	0.246848739495798	0.271008403361345	0.21007410317068
1	4798	null_4797	L	H	981	739	163	0	0	117	1883	null_4797_H	0.0585	0.56558682952735	0.738714816781731	0.418826355046932
1	4799	null_4798	L	H	1273	570	64	0	0	93	1907	null_4798_H	0.0465	0.366019926586261	0.433141059255375	0.299170472597163
1	4800	null_4799	H	L	799	877	228	0	0	96	1904	null_4799_L	0.048	0.700105042016807	0.939600840336134	0.44945377047878
1	4801	null_4800	L	H	512	966	413	0	0	109	1891	null_4800_H	0.0545	0.947646747752512	1.38445267054469	0.486418312018772
1	4802	null_4801	H	L	661	914	331	0	0	94	1906	null_4801_L	0.047	0.826862539349423	1.17418677859391	0.490485119614538
1	4803	null_4802	H	L	1601	291	16	0	0	92	1908	null_4802_L	0.046	0.169287211740042	0.186058700209644	0.157400540150926
1	4804	null_4803	L	H	1224	622	60	0	0	94	1906	null_4803_H	0.047	0.389296956977964	0.452256033578174	0.300703912865871
1	4805	null_4804	L	H	540	928	420	0	0	112	1888	null_4804_H	0.056	0.936440677966102	1.38135593220339	0.504434788853778
1	4806	null_4805	H	L	721	897	277	0	0	105	1895	null_4805_L	0.0525	0.765699208443272	1.05804749340369	0.471752215593041
1	4807	null_4806	L	H	628	962	314	0	0	96	1904	null_4806_H	0.048	0.835084033613445	1.16491596638655	0.467550623190453
1	4808	null_4807	L	H	1401	455	44	0	0	100	1900	null_4807_H	0.05	0.285789473684211	0.332105263157895	0.250429639889197
1	4809	null_4808	H	L	1031	738	139	0	0	92	1908	null_4808_L	0.046	0.532494758909853	0.678197064989518	0.394646396723055
1	4810	null_4809	H	L	1656	249	4	0	0	91	1909	null_4809_L	0.0455	0.13462545835516	0.138816134101624	0.120692120064287
1	4811	null_4810	H	L	610	926	382	0	0	82	1918	null_4810_L	0.041	0.881126173096976	1.27945776850886	0.503074435592341
1	4812	null_4811	L	H	1258	574	74	0	0	94	1906	null_4811_H	0.047	0.378803777544596	0.456453305351522	0.312961003469466
1	4813	null_4812	H	L	1327	521	50	0	0	102	1898	null_4812_L	0.051	0.327186512118019	0.379873551106428	0.272822537394473
1	4814	null_4813	H	L	905	810	185	0	0	100	1900	null_4813_L	0.05	0.621052631578947	0.81578947368421	0.430083102493075
1	4815	null_4814	L	H	1106	696	103	0	0	95	1905	null_4814_H	0.0475	0.473490813648294	0.581627296587927	0.357433745978603
1	4816	null_4815	L	H	590	899	402	0	0	109	1891	null_4815_H	0.0545	0.90058170280275	1.32575356953993	0.514706166116826
1	4817	null_4816	H	L	1179	627	97	0	0	97	1903	null_4816_L	0.0485	0.431424067262218	0.533368365738308	0.347241639925234
1	4818	null_4817	L	H	996	764	134	0	0	106	1894	null_4817_H	0.053	0.544878563885956	0.686378035902851	0.38948538652043
1	4819	null_4818	H	L	665	893	339	0	0	103	1897	null_4818_L	0.0515	0.828149710068529	1.1855561412757	0.499724198989109
1	4820	null_4819	H	L	628	917	353	0	0	102	1898	null_4819_L	0.051	0.855110642781876	1.22708113804004	0.49586692664121
1	4821	null_4820	H	L	694	912	294	0	0	100	1900	null_4820_L	0.05	0.789473684210526	1.09894736842105	0.475678670360111
1	4822	null_4821	H	L	1437	424	30	0	0	109	1891	null_4821_L	0.0545	0.255949233209942	0.287678476996298	0.222168467015541
1	4823	null_4822	H	L	604	895	388	0	0	113	1887	null_4822_L	0.0565	0.885532591414944	1.29676735559089	0.512599385132818
1	4824	null_4823	L	H	810	857	230	0	0	103	1897	null_4823_H	0.0515	0.694254085397997	0.936742224565103	0.454753489473294
1	4825	null_4824	L	H	1107	679	115	0	0	99	1901	null_4824_H	0.0495	0.478169384534456	0.599158337716991	0.370512377410931
1	4826	null_4825	L	H	1654	234	10	0	0	102	1898	null_4825_H	0.051	0.133825079030559	0.14436248682824	0.126453335050705
1	4827	null_4826	H	L	482	953	471	0	0	94	1906	null_4826_L	0.047	0.994228751311647	1.4884575026233	0.499966692688577
1	4828	null_4827	L	H	883	817	220	0	0	80	1920	null_4827_H	0.04	0.6546875	0.883854166666667	0.455238444010417
1	4829	null_4828	H	L	1245	596	62	0	0	97	1903	null_4828_L	0.0485	0.378349973725696	0.443510246978455	0.30036154436022
1	4830	null_4829	H	L	880	831	200	0	0	89	1911	null_4829_L	0.0445	0.644165358451073	0.853479853479854	0.438530844451454
1	4831	null_4830	L	H	794	883	221	0	0	102	1898	null_4830_H	0.051	0.698103266596417	0.930979978925184	0.443631808092596
1	4832	null_4831	L	H	1037	745	134	0	0	84	1916	null_4831_H	0.042	0.528705636743215	0.668580375782881	0.389050725458833
1	4833	null_4832	H	L	1381	489	29	0	0	101	1899	null_4832_L	0.0505	0.288046340179042	0.318588730911006	0.235618036820466
1	4834	null_4833	H	L	1037	742	150	0	0	71	1929	null_4833_L	0.0355	0.540176257128046	0.695697252462416	0.403906863697551
1	4835	null_4834	L	H	1629	266	10	0	0	95	1905	null_4834_H	0.0475	0.150131233595801	0.160629921259843	0.138090533958846
1	4836	null_4835	H	L	1527	335	25	0	0	113	1887	null_4835_L	0.0565	0.204027556968733	0.230524642289348	0.188897398286718
1	4837	null_4836	L	H	772	882	234	0	0	112	1888	null_4836_H	0.056	0.715042372881356	0.962923728813559	0.451638133797759
1	4838	null_4837	H	L	1223	608	89	0	0	80	1920	null_4837_L	0.04	0.409375	0.502083333333333	0.334495442708333
1	4839	null_4838	H	L	827	867	219	0	0	87	1913	null_4838_L	0.0435	0.682174594877156	0.911134343962363	0.445772166066551
1	4840	null_4839	H	L	905	818	179	0	0	98	1902	null_4839_L	0.049	0.618296529968454	0.80651945320715	0.424228854236119
1	4841	null_4840	H	L	1192	640	72	0	0	96	1904	null_4840_L	0.048	0.411764705882353	0.487394957983193	0.317844784972813
1	4842	null_4841	L	H	503	934	463	0	0	100	1900	null_4841_H	0.05	0.978947368421053	1.46631578947368	0.50797783933518
1	4843	null_4842	L	H	608	922	361	0	0	109	1891	null_4842_H	0.0545	0.869381279746166	1.25118984664199	0.495366037068907
1	4844	null_4843	H	L	877	835	184	0	0	104	1896	null_4843_L	0.052	0.634493670886076	0.828586497890295	0.426004279495807
1	4845	null_4844	H	L	550	912	436	0	0	102	1898	null_4844_L	0.051	0.939936775553214	1.39936775553214	0.515886613494766
1	4846	null_4845	H	L	963	784	155	0	0	98	1902	null_4845_L	0.049	0.575184016824395	0.738170347003155	0.407333693792908
1	4847	null_4846	H	L	495	978	426	0	0	101	1899	null_4846_L	0.0505	0.963665086887836	1.41232227488152	0.483671875194977
1	4848	null_4847	L	H	1500	391	19	0	0	90	1910	null_4847_H	0.045	0.224607329842932	0.244502617801047	0.194054165181875
1	4849	null_4848	L	H	593	931	376	0	0	100	1900	null_4848_H	0.05	0.885789473684211	1.28157894736842	0.49695595567867
1	4850	null_4849	H	L	865	857	183	0	0	95	1905	null_4849_L	0.0475	0.641994750656168	0.834120734908136	0.421963475038061
1	4851	null_4850	H	L	1113	702	94	0	0	91	1909	null_4850_L	0.0455	0.466212676794133	0.56469355683604	0.347339296832489
1	4852	null_4851	L	H	1150	632	108	0	0	110	1890	null_4851_H	0.055	0.448677248677249	0.562962962962963	0.361651689482377
1	4853	null_4852	H	L	1346	508	50	0	0	96	1904	null_4852_L	0.048	0.319327731092437	0.371848739495798	0.269878539651155
1	4854	null_4853	H	L	589	945	361	0	0	105	1895	null_4853_L	0.0525	0.879683377308707	1.26068601583113	0.486843171517881
1	4855	null_4854	L	H	1213	601	78	0	0	108	1892	null_4854_H	0.054	0.400105708245243	0.482558139534884	0.322473561764456
1	4856	null_4855	L	H	956	791	143	0	0	110	1890	null_4855_H	0.055	0.56984126984127	0.721164021164021	0.39644494834971
1	4857	null_4856	L	H	662	927	301	0	0	110	1890	null_4856_H	0.055	0.808994708994709	1.12751322751323	0.473040788331794
1	4858	null_4857	L	H	1014	754	130	0	0	102	1898	null_4857_H	0.051	0.534246575342466	0.671232876712329	0.385813473447176
1	4859	null_4858	H	L	473	979	464	0	0	84	1916	null_4858_L	0.042	0.995302713987474	1.47964509394572	0.489017601474889
1	4860	null_4859	H	L	623	963	325	0	0	89	1911	null_4859_L	0.0445	0.844060701203558	1.18419675562533	0.471758288309084
1	4861	null_4860	H	L	819	848	245	0	0	88	1912	null_4860_L	0.044	0.69979079497908	0.956066945606695	0.466359788869243
1	4862	null_4861	L	H	1242	599	65	0	0	94	1906	null_4861_H	0.047	0.382476390346275	0.450682056663169	0.304393867490853
1	4863	null_4862	H	L	1625	267	11	0	0	97	1903	null_4862_L	0.0485	0.151865475564898	0.163426169206516	0.140363046537964
1	4864	null_4863	H	L	1263	554	85	0	0	98	1902	null_4863_L	0.049	0.380651945320715	0.470031545741325	0.32513564226488
1	4865	null_4864	L	H	1377	482	49	0	0	92	1908	null_4864_H	0.046	0.30398322851153	0.355345911949686	0.262940108733392
1	4866	null_4865	H	L	1198	625	89	0	0	88	1912	null_4865_L	0.044	0.419979079497908	0.513075313807531	0.336692886591621
1	4867	null_4866	L	H	1030	758	133	0	0	79	1921	null_4866_H	0.0395	0.533055700156169	0.671525247267049	0.387376867798065
1	4868	null_4867	L	H	1403	448	41	0	0	108	1892	null_4867_H	0.054	0.280126849894292	0.323467230443975	0.244996178412276
1	4869	null_4868	H	L	1177	647	79	0	0	97	1903	null_4868_L	0.0485	0.423016290068313	0.506043089858119	0.327100308194959
1	4870	null_4869	H	L	793	864	252	0	0	91	1909	null_4869_L	0.0455	0.716605552645364	0.980618124672603	0.467094606590436
1	4871	null_4870	H	L	1678	224	4	0	0	94	1906	null_4870_L	0.047	0.121720881427072	0.12591815320042	0.111102180225036
1	4872	null_4871	L	H	516	905	486	0	0	93	1907	null_4871_H	0.0465	0.984268484530677	1.49396958573676	0.525185136096445
1	4873	null_4872	H	L	1362	495	46	0	0	97	1903	null_4872_L	0.0485	0.308460325801366	0.356805044666316	0.261657272072831
1	4874	null_4873	H	L	485	942	458	0	0	115	1885	null_4873_L	0.0575	0.985676392572944	1.47161803713528	0.500060086259666
1	4875	null_4874	L	H	1236	576	76	0	0	112	1888	null_4874_H	0.056	0.385593220338983	0.466101694915254	0.317419563343867
1	4876	null_4875	L	H	975	765	167	0	0	93	1907	null_4875_H	0.0465	0.576297850026219	0.751442055584688	0.419322843639845
1	4877	null_4876	L	H	519	932	457	0	0	92	1908	null_4876_H	0.046	0.967505241090147	1.44654088050314	0.510474488966242
1	4878	null_4877	H	L	986	782	136	0	0	96	1904	null_4877_L	0.048	0.553571428571429	0.696428571428571	0.389987244897959
1	4879	null_4878	H	L	1133	655	104	0	0	108	1892	null_4878_L	0.054	0.456131078224102	0.566067653276956	0.358012092755074
1	4880	null_4879	H	L	1665	207	9	0	0	119	1881	null_4879_L	0.0595	0.119617224880383	0.129186602870813	0.114878322382729
1	4881	null_4880	H	L	528	950	427	0	0	95	1905	null_4880_L	0.0475	0.946981627296588	1.39527559055118	0.498501388113887
1	4882	null_4881	L	H	754	900	229	0	0	117	1883	null_4881_H	0.0585	0.721189591078067	0.964418481147106	0.444304054867756
1	4883	null_4882	L	H	983	765	149	0	0	103	1897	null_4882_H	0.0515	0.560358460727464	0.717448603057459	0.403446998548606
1	4884	null_4883	L	H	1629	263	7	0	0	101	1899	null_4883_H	0.0505	0.145866245392312	0.153238546603476	0.131961585058625
1	4885	null_4884	H	L	1431	459	30	0	0	80	1920	null_4884_L	0.04	0.2703125	0.3015625	0.22849365234375
1	4886	null_4885	H	L	1487	392	19	0	0	102	1898	null_4885_L	0.051	0.226554267650158	0.246575342465753	0.195248506275254
1	4887	null_4886	L	H	1198	640	75	0	0	87	1913	null_4886_H	0.0435	0.412963930998432	0.491374803972818	0.32083559566714
1	4888	null_4887	H	L	1508	364	27	0	0	101	1899	null_4887_L	0.0505	0.220115850447604	0.24855186940495	0.200100881786678
1	4889	null_4888	H	L	908	823	174	0	0	95	1905	null_4888_L	0.0475	0.614698162729659	0.79737532808399	0.419521496820771
1	4890	null_4889	H	L	842	829	231	0	0	98	1902	null_4889_L	0.049	0.67875920084122	0.921661409043113	0.460947356316501
1	4891	null_4890	L	H	1342	483	64	0	0	111	1889	null_4890_H	0.0555	0.323451561672843	0.391212281630492	0.286591368881892
1	4892	null_4891	L	H	1687	203	5	0	0	105	1895	null_4891_H	0.0525	0.112401055408971	0.117678100263852	0.105044103006802
1	4893	null_4892	L	H	1194	633	84	0	0	89	1911	null_4892_H	0.0445	0.419152276295134	0.507064364207221	0.331375733483829
1	4894	null_4893	L	H	671	938	290	0	0	101	1899	null_4893_H	0.0505	0.799368088467615	1.10479199578726	0.465802654926888
1	4895	null_4894	H	L	1596	292	9	0	0	103	1897	null_4894_L	0.0515	0.163415919873484	0.172904586188719	0.146199823320622
1	4896	null_4895	H	L	512	974	423	0	0	91	1909	null_4895_L	0.0455	0.953378732320587	1.39654269250917	0.487611685267958
1	4897	null_4896	H	L	630	906	371	0	0	93	1907	null_4896_L	0.0465	0.86418458311484	1.25327739905611	0.506462405362739
1	4898	null_4897	H	L	1348	501	46	0	0	105	1895	null_4897_L	0.0525	0.312928759894459	0.361477572559367	0.263553163790283
1	4899	null_4898	L	H	699	906	297	0	0	98	1902	null_4898_H	0.049	0.788643533123028	1.10094637223975	0.478987749902975
1	4900	null_4899	H	L	580	929	388	0	0	103	1897	null_4899_L	0.0515	0.898787559304165	1.3078545071165	0.500035430356563
1	4901	null_4900	L	H	639	951	304	0	0	106	1894	null_4900_H	0.053	0.823125659978881	1.1441393875396	0.466603535423931
1	4902	null_4901	H	L	1214	625	57	0	0	104	1896	null_4901_L	0.052	0.389767932489451	0.449894514767932	0.297975473570831
1	4903	null_4902	H	L	966	793	155	0	0	86	1914	null_4902_L	0.043	0.576280041797283	0.738244514106583	0.406145827532705
1	4904	null_4903	H	L	1197	614	91	0	0	98	1902	null_4903_L	0.049	0.41850683491062	0.514195583596215	0.339047612729309
1	4905	null_4904	H	L	1500	380	20	0	0	100	1900	null_4904_L	0.05	0.221052631578947	0.242105263157895	0.193240997229917
1	4906	null_4905	H	L	1544	341	21	0	0	94	1906	null_4905_L	0.047	0.200944386149003	0.222980062959077	0.182601416634277
1	4907	null_4906	L	H	1194	630	61	0	0	115	1885	null_4906_H	0.0575	0.39893899204244	0.463660477453581	0.304508158081743
1	4908	null_4907	H	L	1531	359	9	0	0	101	1899	null_4907_L	0.0505	0.198525539757767	0.208004212743549	0.168591822807436
1	4909	null_4908	H	L	1144	656	103	0	0	97	1903	null_4908_L	0.0485	0.452968996321598	0.561219127693116	0.356038216064521
1	4910	null_4909	H	L	1001	766	143	0	0	90	1910	null_4909_L	0.045	0.550785340314136	0.700523560209424	0.397159069104465
1	4911	null_4910	L	H	645	972	280	0	0	103	1897	null_4910_H	0.0515	0.807590933052188	1.10279388508171	0.450590769933605
1	4912	null_4911	L	H	1686	211	3	0	0	100	1900	null_4911_H	0.05	0.114210526315789	0.117368421052632	0.104324376731302
1	4913	null_4912	H	L	1615	273	9	0	0	103	1897	null_4912_L	0.0515	0.153400105429626	0.16288877174486	0.13935717939904
1	4914	null_4913	L	H	1684	222	8	0	0	86	1914	null_4913_H	0.043	0.124346917450366	0.132706374085684	0.117244218206276
1	4915	null_4914	L	H	657	937	303	0	0	103	1897	null_4914_H	0.0515	0.813389562467053	1.13284132841328	0.47123874808294
1	4916	null_4915	H	L	893	823	187	0	0	97	1903	null_4915_L	0.0485	0.62900683131897	0.825538623226485	0.429889029380553
1	4917	null_4916	H	L	884	813	196	0	0	107	1893	null_4916_L	0.0535	0.636555731642895	0.843634442683571	0.43843124319615
1	4918	null_4917	L	H	1098	691	104	0	0	107	1893	null_4917_H	0.0535	0.474907554146857	0.584786053882726	0.359248868896976
1	4919	null_4918	H	L	578	930	396	0	0	96	1904	null_4918_L	0.048	0.904411764705882	1.3203781512605	0.502417511122096
1	4920	null_4919	H	L	1703	200	5	0	0	92	1908	null_4919_L	0.046	0.110062893081761	0.115303983228512	0.103190142794984
1	4921	null_4920	H	L	1507	383	18	0	0	92	1908	null_4920_L	0.046	0.219601677148847	0.238469601677149	0.190244705070562
1	4922	null_4921	H	L	669	918	318	0	0	95	1905	null_4921_L	0.0475	0.815748031496063	1.1496062992126	0.484161448322897
1	4923	null_4922	H	L	1374	472	48	0	0	106	1894	null_4922_L	0.053	0.299894403379092	0.350580781414995	0.260644128236893
1	4924	null_4923	H	L	967	765	157	0	0	111	1889	null_4923_L	0.0555	0.571201694017999	0.737427210164108	0.411155834915076
1	4925	null_4924	H	L	1546	328	22	0	0	104	1896	null_4924_L	0.052	0.19620253164557	0.219409282700422	0.180913849276291
1	4926	null_4925	L	H	997	766	130	0	0	107	1893	null_4925_H	0.0535	0.541996830427892	0.679344955097729	0.385584390903847
1	4927	null_4926	L	H	484	953	462	0	0	101	1899	null_4926_H	0.0505	0.9884149552396	1.47498683517641	0.498022711435109
1	4928	null_4927	L	H	1145	666	98	0	0	91	1909	null_4927_H	0.0455	0.451545311681509	0.55421686746988	0.350323698968329
1	4929	null_4928	H	L	1391	465	47	0	0	97	1903	null_4928_L	0.0485	0.293746715712034	0.343142406726222	0.256855273734615
1	4930	null_4929	L	H	871	860	168	0	0	101	1899	null_4929_H	0.0505	0.629805160610848	0.806740389678778	0.410085849346723
1	4931	null_4930	H	L	1196	615	80	0	0	109	1891	null_4930_L	0.0545	0.409836065573771	0.494447382337388	0.3264817816924
1	4932	null_4931	H	L	1044	741	104	0	0	111	1889	null_4931_L	0.0555	0.502382212811011	0.612493382742192	0.360105494993304
1	4933	null_4932	H	L	762	910	240	0	0	88	1912	null_4932_L	0.044	0.726987447698745	0.978033472803347	0.449522723691812
1	4934	null_4933	L	H	1017	739	149	0	0	95	1905	null_4933_H	0.0475	0.544356955380577	0.700787401574803	0.404462906703591
1	4935	null_4934	H	L	756	898	251	0	0	95	1905	null_4934_L	0.0475	0.73490813648294	0.998425196850394	0.458335227781567
1	4936	null_4935	H	L	643	922	349	0	0	86	1914	null_4935_L	0.043	0.846394984326019	1.2110762800418	0.494691810549556
1	4937	null_4936	L	H	1350	491	39	0	0	120	1880	null_4936_H	0.06	0.302659574468085	0.344148936170213	0.25254611815301
1	4938	null_4937	L	H	579	946	373	0	0	102	1898	null_4937_H	0.051	0.891464699683878	1.28451001053741	0.489800699754942
1	4939	null_4938	H	L	620	967	319	0	0	94	1906	null_4938_L	0.047	0.842077649527807	1.17681007345226	0.46771530561798
1	4940	null_4939	L	H	1290	545	60	0	0	105	1895	null_4939_H	0.0525	0.350923482849604	0.414248021108179	0.291100730292883
1	4941	null_4940	H	L	1451	421	30	0	0	98	1902	null_4940_L	0.049	0.252891692954784	0.284437434279706	0.220483225914169
1	4942	null_4941	H	L	929	771	195	0	0	105	1895	null_4941_L	0.0525	0.612664907651715	0.818469656992084	0.4431113679242
1	4943	null_4942	L	H	603	949	344	0	0	104	1896	null_4942_H	0.052	0.863396624472574	1.22626582278481	0.480812091634176
1	4944	null_4943	L	H	720	908	264	0	0	108	1892	null_4943_H	0.054	0.758985200845666	1.03805496828753	0.46199643318479
1	4945	null_4944	L	H	832	848	206	0	0	114	1886	null_4944_H	0.057	0.668080593849417	0.886532343584305	0.440200663706116
1	4946	null_4945	H	L	668	895	325	0	0	112	1888	null_4945_L	0.056	0.818326271186441	1.16260593220339	0.492948046089486
1	4947	null_4946	L	H	1384	466	41	0	0	109	1891	null_4946_H	0.0545	0.289793759915389	0.333157059756743	0.249176636470845
1	4948	null_4947	L	H	779	858	253	0	0	110	1890	null_4947_H	0.055	0.721693121693122	0.989417989417989	0.468577027518827
1	4949	null_4948	L	H	1052	727	124	0	0	97	1903	null_4948_H	0.0485	0.512348922753547	0.642669469259065	0.380168050612345
1	4950	null_4949	L	H	516	924	462	0	0	98	1902	null_4949_H	0.049	0.971608832807571	1.45741324921136	0.513389525221666
1	4951	null_4950	H	L	779	858	255	0	0	108	1892	null_4950_L	0.054	0.723044397463002	0.992600422832981	0.469807222130345
1	4952	null_4951	H	L	895	820	182	0	0	103	1897	null_4951_L	0.0515	0.624143384290986	0.816025303110174	0.426470338955969
1	4953	null_4952	L	H	905	823	186	0	0	86	1914	null_4952_H	0.043	0.624346917450366	0.818704284221526	0.428895210891752
1	4954	null_4953	L	H	722	866	308	0	0	104	1896	null_4953_H	0.052	0.781645569620253	1.10654008438819	0.495570287881216
1	4955	null_4954	H	L	1248	578	77	0	0	97	1903	null_4954_L	0.0485	0.384655806621125	0.465580662112454	0.317620572545106
1	4956	null_4955	H	L	991	784	143	0	0	82	1918	null_4955_L	0.041	0.557872784150156	0.706986444212722	0.395764400917275
1	4957	null_4956	H	L	1423	420	47	0	0	110	1890	null_4956_L	0.055	0.271957671957672	0.321693121693122	0.247732146356485
1	4958	null_4957	L	H	1313	539	61	0	0	87	1913	null_4957_H	0.0435	0.34553058024046	0.409304756926294	0.289913375044985
1	4959	null_4958	H	L	740	891	243	0	0	126	1874	null_4958_L	0.063	0.734791889007471	0.994130202774813	0.454211082623646
1	4960	null_4959	H	L	666	923	320	0	0	91	1909	null_4959_L	0.0455	0.818753273965427	1.15400733368256	0.483650410053451
1	4961	null_4960	L	H	1246	587	73	0	0	94	1906	null_4960_H	0.047	0.384575026232949	0.461175236096537	0.313277285294464
1	4962	null_4961	H	L	1147	645	104	0	0	104	1896	null_4961_L	0.052	0.449894514767932	0.559599156118144	0.35719408169987
1	4963	null_4962	L	H	653	915	330	0	0	102	1898	null_4962_H	0.051	0.829820864067439	1.17755532139094	0.488952654949306
1	4964	null_4963	L	H	1012	743	148	0	0	97	1903	null_4963_H	0.0485	0.545980031529165	0.701523909616395	0.403429714787808
1	4965	null_4964	L	H	1270	575	55	0	0	100	1900	null_4964_H	0.05	0.360526315789474	0.418421052631579	0.288441828254848
1	4966	null_4965	H	L	1567	313	17	0	0	103	1897	null_4965_L	0.0515	0.182920400632578	0.200843437005799	0.167383564038216
1	4967	null_4966	L	H	1163	653	77	0	0	107	1893	null_4966_H	0.0535	0.426307448494453	0.507659799260433	0.325921758618582
1	4968	null_4967	H	L	684	904	306	0	0	106	1894	null_4967_L	0.053	0.800422386483633	1.12354804646251	0.48287204967836
1	4969	null_4968	H	L	1367	495	48	0	0	90	1910	null_4968_L	0.045	0.309424083769633	0.359685863874346	0.263942600257668
1	4970	null_4969	H	L	558	927	410	0	0	105	1895	null_4969_L	0.0525	0.921899736147757	1.35461741424802	0.504718290738717
1	4971	null_4970	H	L	1631	270	14	0	0	85	1915	null_4970_L	0.0425	0.155613577023499	0.17023498694517	0.146019401591121
1	4972	null_4971	H	L	1285	562	57	0	0	96	1904	null_4971_L	0.048	0.355042016806723	0.414915966386555	0.28886113268837
1	4973	null_4972	L	H	1308	529	67	0	0	96	1904	null_4972_H	0.048	0.348214285714286	0.41859243697479	0.29733924819928
1	4974	null_4973	L	H	1056	729	126	0	0	89	1911	null_4973_H	0.0445	0.513343799058085	0.645211930926217	0.381690074894829
1	4975	null_4974	H	L	620	898	379	0	0	103	1897	null_4974_L	0.0515	0.872957301001581	1.27253558249868	0.510481133126717
1	4976	null_4975	H	L	1111	669	115	0	0	105	1895	null_4975_L	0.0525	0.474406332453826	0.595778364116095	0.370716995843805
1	4977	null_4976	L	H	646	930	340	0	0	84	1916	null_4976_H	0.042	0.840292275574113	1.19519832985386	0.489107221464342
1	4978	null_4977	H	L	481	1000	411	0	0	108	1892	null_4977_L	0.054	0.963002114164905	1.39746300211417	0.470089930228088
1	4979	null_4978	L	H	552	916	422	0	0	110	1890	null_4978_H	0.055	0.931216931216931	1.37777777777778	0.510612804792699
1	4980	null_4979	H	L	702	906	294	0	0	98	1902	null_4979_L	0.049	0.785488958990536	1.09463722397476	0.477644319278727
1	4981	null_4980	L	H	644	939	322	0	0	95	1905	null_4980_H	0.0475	0.830971128608924	1.16902887139108	0.478515854809487
1	4982	null_4981	H	L	1496	400	24	0	0	80	1920	null_4981_L	0.04	0.233333333333333	0.258333333333333	0.203888888888889
1	4983	null_4982	L	H	1402	475	31	0	0	92	1908	null_4982_H	0.046	0.281446540880503	0.313941299790356	0.234729144416756
1	4984	null_4983	L	H	1282	559	66	0	0	93	1907	null_4983_H	0.0465	0.362349239643419	0.431567907708443	0.300270936238279
1	4985	null_4984	L	H	1244	603	72	0	0	81	1919	null_4984_H	0.0405	0.389265242313705	0.464304325169359	0.312776896295812
1	4986	null_4985	L	H	731	918	270	0	0	81	1919	null_4985_H	0.0405	0.759770713913497	1.0411672746222	0.463915736901575
1	4987	null_4986	L	H	750	901	254	0	0	95	1905	null_4986_H	0.0475	0.739632545931759	1.00629921259843	0.45924290959693
1	4988	null_4987	H	L	583	978	349	0	0	90	1910	null_4987_L	0.045	0.877486910994765	1.24293193717278	0.472948658205641
1	4989	null_4988	L	H	1368	497	40	0	0	95	1905	null_4988_H	0.0475	0.302887139107612	0.34488188976378	0.253141270726986
1	4990	null_4989	L	H	547	978	383	0	0	92	1908	null_4989_H	0.046	0.914046121593291	1.31551362683438	0.480033314434644
1	4991	null_4990	L	H	1131	675	96	0	0	98	1902	null_4990_H	0.049	0.45583596214511	0.556782334384858	0.3489959100001
1	4992	null_4991	H	L	870	819	200	0	0	111	1889	null_4991_L	0.0555	0.645314981471678	0.857067231339333	0.440635806027541
1	4993	null_4992	L	H	1570	314	17	0	0	99	1901	null_4992_H	0.0495	0.183061546554445	0.200946870068385	0.16743534024148
1	4994	null_4993	L	H	482	947	473	0	0	98	1902	null_4993_H	0.049	0.995268138801262	1.49263932702419	0.502080658911257
1	4995	null_4994	L	H	1211	608	88	0	0	93	1907	null_4994_H	0.0465	0.411116937598322	0.503408495018353	0.334391358638131
1	4996	null_4995	L	H	735	868	296	0	0	101	1899	null_4995_H	0.0505	0.76882569773565	1.08056872037915	0.489475766880437
1	4997	null_4996	L	H	953	789	165	0	0	93	1907	null_4996_H	0.0465	0.586785527005768	0.759832197168327	0.41551494246489
1	4998	null_4997	L	H	690	901	299	0	0	110	1890	null_4997_H	0.055	0.793121693121693	1.10952380952381	0.480481789423588
1	4999	null_4998	H	L	1135	663	108	0	0	94	1906	null_4998_L	0.047	0.461175236096537	0.574501573976915	0.361818975588218
1	5000	null_4999	H	L	1485	391	28	0	0	96	1904	null_4999_L	0.048	0.234768907563025	0.264180672268908	0.209064232310571
1	5001	null_5000	H	L	862	850	196	0	0	92	1908	null_5000_L	0.046	0.650943396226415	0.856394129979036	0.432666824888256
1	5002	null_5001	L	H	1668	228	10	0	0	94	1906	null_5001_H	0.047	0.130115424973767	0.140608604407135	0.123678580591031
1	5003	null_5002	H	L	961	785	146	0	0	108	1892	null_5002_L	0.054	0.569238900634249	0.723572938689218	0.399540012693929
1	5004	null_5003	L	H	929	794	172	0	0	105	1895	null_5003_H	0.0525	0.600527704485488	0.782058047493404	0.421424523638794
1	5005	null_5004	L	H	617	920	362	0	0	101	1899	null_5004_H	0.0505	0.865718799368089	1.24697209057399	0.497503050994662
1	5006	null_5005	H	L	1541	331	14	0	0	114	1886	null_5005_L	0.057	0.190349946977731	0.205196182396607	0.168963080082182
1	5007	null_5006	L	H	1042	713	136	0	0	109	1891	null_5006_H	0.0545	0.520888418826018	0.664727657324167	0.393402912457098
1	5008	null_5007	H	L	569	970	356	0	0	105	1895	null_5007_L	0.0525	0.887598944591029	1.26332453825858	0.475492651819466
1	5009	null_5008	H	L	768	904	235	0	0	93	1907	null_5008_L	0.0465	0.720503408495018	0.966963817514421	0.447838655861481
1	5010	null_5009	L	H	1682	205	9	0	0	104	1896	null_5009_H	0.052	0.117616033755274	0.12710970464135	0.113276173245028
1	5011	null_5010	H	L	897	819	170	0	0	114	1886	null_5010_L	0.057	0.614528101802757	0.794803817603393	0.417159029698094
1	5012	null_5011	H	L	818	857	207	0	0	118	1882	null_5011_L	0.059	0.675345377258236	0.895324123273114	0.439232744689045
1	5013	null_5012	H	L	784	885	231	0	0	100	1900	null_5012_L	0.05	0.708947368421053	0.952105263157895	0.449498891966759
1	5014	null_5013	L	H	657	875	346	0	0	122	1878	null_5013_H	0.061	0.834398296059638	1.20287539936102	0.506654882893795
1	5015	null_5014	L	H	890	824	183	0	0	103	1897	null_5014_H	0.0515	0.627306273062731	0.820242488139167	0.426729327915314
1	5016	null_5015	L	H	479	974	450	0	0	97	1903	null_5015_H	0.0485	0.984760903836048	1.45769837099317	0.487944333269178
1	5017	null_5016	L	H	674	911	333	0	0	82	1918	null_5016_H	0.041	0.822210636079249	1.16944734098019	0.493417010898344
1	5018	null_5017	L	H	1436	429	36	0	0	99	1901	null_5017_H	0.0495	0.263545502367175	0.301420305102578	0.231964073284611
1	5019	null_5018	L	H	583	965	354	0	0	98	1902	null_5018_H	0.049	0.879600420609884	1.25184016824395	0.478143268306868
1	5020	null_5019	H	L	1578	309	16	0	0	97	1903	null_5019_L	0.0485	0.179190751445087	0.196006305832895	0.163896980429441
1	5021	null_5020	L	H	862	843	188	0	0	107	1893	null_5020_H	0.0535	0.643951399894348	0.842577918647649	0.427904513221759
1	5022	null_5021	H	L	744	909	258	0	0	89	1911	null_5021_L	0.0445	0.745682888540031	1.01569858712716	0.459655616865754
1	5023	null_5022	L	H	1216	591	80	0	0	113	1887	null_5022_H	0.0565	0.397986221515633	0.4827768945416	0.32438386202531
1	5024	null_5023	H	L	1266	549	84	0	0	101	1899	null_5023_L	0.0505	0.377567140600316	0.466034755134281	0.323477809473183
1	5025	null_5024	L	H	1575	306	6	0	0	113	1887	null_5024_H	0.0565	0.16852146263911	0.174880763116057	0.146481279746032
1	5026	null_5025	L	H	1292	551	57	0	0	100	1900	null_5025_H	0.05	0.35	0.41	0.2875
1	5027	null_5026	L	H	1178	635	92	0	0	95	1905	null_5026_H	0.0475	0.42992125984252	0.526509186351706	0.341676896687127
1	5028	null_5027	L	H	1453	415	34	0	0	98	1902	null_5027_H	0.049	0.253943217665615	0.289695057833859	0.225207900035493
1	5029	null_5028	L	H	690	920	310	0	0	80	1920	null_5028_H	0.04	0.802083333333333	1.125	0.481662326388889
1	5030	null_5029	H	L	865	816	218	0	0	101	1899	null_5029_L	0.0505	0.659294365455503	0.888888888888889	0.454219828567515
1	5031	null_5030	L	H	977	758	157	0	0	108	1892	null_5030_H	0.054	0.566596194503171	0.732558139534884	0.411526891909408
1	5032	null_5031	H	L	1379	485	44	0	0	92	1908	null_5031_L	0.046	0.300314465408805	0.34643605870021	0.256247280566433
1	5033	null_5032	L	H	965	787	151	0	0	97	1903	null_5032_H	0.0485	0.572254335260116	0.73095112979506	0.403476105571064
1	5034	null_5033	L	H	1059	726	131	0	0	84	1916	null_5033_H	0.042	0.515657620041754	0.652400835073069	0.386498053965943
1	5035	null_5034	L	H	1086	678	144	0	0	92	1908	null_5034_H	0.046	0.506289308176101	0.657232704402516	0.400903840829081
1	5036	null_5035	H	L	1126	693	94	0	0	87	1913	null_5035_L	0.0435	0.460533193936226	0.558808154730789	0.346717332013688
1	5037	null_5036	L	H	528	908	464	0	0	100	1900	null_5036_H	0.05	0.966315789473684	1.45473684210526	0.520970637119114
1	5038	null_5037	H	L	1500	374	22	0	0	104	1896	null_5037_L	0.052	0.220464135021097	0.243670886075949	0.195066451245349
1	5039	null_5038	L	H	490	948	464	0	0	98	1902	null_5038_H	0.049	0.986330178759201	1.47423764458465	0.501390423053491
1	5040	null_5039	L	H	829	843	210	0	0	118	1882	null_5039_H	0.059	0.671094580233794	0.894261424017003	0.443893488397831
1	5041	null_5040	H	L	728	887	292	0	0	93	1907	null_5040_L	0.0465	0.771368641845831	1.07760880964866	0.482599228025581
1	5042	null_5041	L	H	654	914	326	0	0	106	1894	null_5041_H	0.053	0.826821541710665	1.17106652587117	0.487432664034371
1	5043	null_5042	L	H	740	892	264	0	0	104	1896	null_5042_H	0.052	0.748945147679325	1.02742616033755	0.466507326105147
1	5044	null_5043	L	H	1375	475	42	0	0	108	1892	null_5043_H	0.054	0.295454545454545	0.33985200845666	0.252558620026908
1	5045	null_5044	L	H	1158	650	89	0	0	103	1897	null_5044_H	0.0515	0.436478650500791	0.530311017395888	0.339797405052897
1	5046	null_5045	L	H	583	945	395	0	0	77	1923	null_5045_H	0.0385	0.902236089443578	1.31305252210088	0.499022561006445
1	5047	null_5046	H	L	520	1001	402	0	0	77	1923	null_5046_L	0.0385	0.93863754550182	1.35673426937078	0.475693827545094
1	5048	null_5047	L	H	685	940	279	0	0	96	1904	null_5047_H	0.048	0.786764705882353	1.07983193277311	0.460833230350964
1	5049	null_5048	H	L	568	942	375	0	0	115	1885	null_5048_L	0.0575	0.897612732095491	1.29549071618037	0.48978209936044
1	5050	null_5049	L	H	821	855	221	0	0	103	1897	null_5049_H	0.0515	0.683711122825514	0.916710595677385	0.44924969620206
1	5051	null_5050	L	H	675	942	282	0	0	101	1899	null_5050_H	0.0505	0.79304897314376	1.09004739336493	0.461120719560557
1	5052	null_5051	H	L	1370	487	33	0	0	110	1890	null_5051_L	0.055	0.292592592592593	0.327513227513228	0.241902802273173
1	5053	null_5052	H	L	679	894	318	0	0	109	1891	null_5052_L	0.0545	0.809095716552089	1.14542570068747	0.490789822144529
1	5054	null_5053	H	L	917	813	168	0	0	102	1898	null_5053_L	0.051	0.605374077976818	0.782402528977872	0.415924754691589
1	5055	null_5054	H	L	763	898	241	0	0	98	1902	null_5054_L	0.049	0.725552050473186	0.978969505783386	0.452543727837541
1	5056	null_5055	H	L	981	750	165	0	0	104	1896	null_5055_L	0.052	0.569620253164557	0.743670886075949	0.419203653260695
1	5057	null_5056	H	L	1463	403	33	0	0	101	1899	null_5056_L	0.0505	0.246972090573986	0.281727224855187	0.220732011332702
1	5058	null_5057	H	L	1015	762	122	0	0	101	1899	null_5057_L	0.0505	0.529752501316482	0.658241179568194	0.377603466917124
1	5059	null_5058	L	H	875	828	196	0	0	101	1899	null_5058_H	0.0505	0.642443391258557	0.848867825171143	0.436134314199347
1	5060	null_5059	L	H	870	841	186	0	0	103	1897	null_5059_H	0.0515	0.639430680021086	0.835529783869267	0.426658189317039
1	5061	null_5060	H	L	751	906	241	0	0	102	1898	null_5060_L	0.051	0.731296101159115	0.985247629083245	0.450453641512723
1	5062	null_5061	H	L	1018	734	150	0	0	98	1902	null_5061_L	0.049	0.543638275499474	0.70136698212408	0.405824407536038
1	5063	null_5062	H	L	538	969	398	0	0	95	1905	null_5062_L	0.0475	0.926509186351706	1.34435695538058	0.485937682986477
1	5064	null_5063	H	L	1366	494	36	0	0	104	1896	null_5063_L	0.052	0.298523206751055	0.336497890295359	0.247381785326426
1	5065	null_5064	H	L	976	778	151	0	0	95	1905	null_5064_L	0.0475	0.566929133858268	0.725459317585302	0.404050674768016
1	5066	null_5065	L	H	1689	190	2	0	0	119	1881	null_5065_H	0.0595	0.103136629452419	0.105263157894737	0.0946259935599313
1	5067	null_5066	L	H	1090	706	108	0	0	96	1904	null_5066_H	0.048	0.484243697478992	0.597689075630252	0.363197117082127
1	5068	null_5067	L	H	815	859	224	0	0	102	1898	null_5067_H	0.051	0.688619599578504	0.924657534246575	0.450460581322917
1	5069	null_5068	L	H	1363	491	50	0	0	96	1904	null_5068_H	0.048	0.310399159663866	0.362920168067227	0.266572529747193
1	5070	null_5069	H	L	1101	680	113	0	0	106	1894	null_5069_L	0.053	0.478352692713833	0.597676874340021	0.368855575713446
1	5071	null_5070	L	H	717	887	299	0	0	97	1903	null_5070_H	0.0485	0.780346820809249	1.09458749343142	0.485646332684323
1	5072	null_5071	H	L	856	848	199	0	0	97	1903	null_5071_L	0.0485	0.654755648975302	0.863899106673673	0.435194146808604
1	5073	null_5072	H	L	583	904	407	0	0	106	1894	null_5072_L	0.053	0.907074973600845	1.33685322069694	0.514068212963965
1	5074	null_5073	H	L	744	886	256	0	0	114	1886	null_5073_L	0.057	0.741251325556734	1.01272534464475	0.463271817005136
1	5075	null_5074	L	H	501	930	466	0	0	103	1897	null_5074_H	0.0515	0.981549815498155	1.47285187137586	0.509411831071395
1	5076	null_5075	H	L	885	812	202	0	0	101	1899	null_5075_L	0.0505	0.640337019483939	0.853080568720379	0.443049070198805
1	5077	null_5076	L	H	1707	193	6	0	0	94	1906	null_5076_H	0.047	0.107555089192025	0.113850996852046	0.102282899640942
1	5078	null_5077	L	H	941	791	166	0	0	102	1898	null_5077_H	0.051	0.591675447839831	0.766596417281349	0.416516581704884
1	5079	null_5078	H	L	1503	375	26	0	0	96	1904	null_5078_L	0.048	0.224264705882353	0.251575630252101	0.201280971947603
1	5080	null_5079	L	H	1607	299	12	0	0	82	1918	null_5079_H	0.041	0.168404588112617	0.180917622523462	0.152557517226082
1	5081	null_5080	L	H	515	986	397	0	0	102	1898	null_5080_H	0.051	0.937829293993678	1.35616438356164	0.476640598888964
1	5082	null_5081	H	L	670	903	317	0	0	110	1890	null_5081_L	0.055	0.813227513227513	1.14867724867725	0.487338260407044
1	5083	null_5082	H	L	722	882	312	0	0	84	1916	null_5082_L	0.042	0.786012526096033	1.11169102296451	0.493875331784642
1	5084	null_5083	H	L	1662	212	8	0	0	118	1882	null_5083_L	0.059	0.121147715196599	0.129649309245484	0.114972540348127
1	5085	null_5084	L	H	1203	618	79	0	0	100	1900	null_5084_H	0.05	0.408421052631579	0.491578947368421	0.324771191135734
1	5086	null_5085	H	L	638	927	339	0	0	96	1904	null_5085_L	0.048	0.84296218487395	1.19905462184874	0.488469376721277
1	5087	null_5086	H	L	1454	394	42	0	0	110	1890	null_5086_L	0.055	0.252910052910053	0.297354497354497	0.233391002491532
1	5088	null_5087	H	L	1396	462	38	0	0	104	1896	null_5087_L	0.052	0.283755274261603	0.323839662447257	0.24332260677598
1	5089	null_5088	H	L	1472	397	21	0	0	110	1890	null_5088_L	0.055	0.232275132275132	0.254497354497355	0.200545617423924
1	5090	null_5089	H	L	612	951	339	0	0	98	1902	null_5089_L	0.049	0.856466876971609	1.21293375394322	0.479398242593717
1	5091	null_5090	H	L	1355	506	44	0	0	95	1905	null_5090_L	0.0475	0.311811023622047	0.358005249343832	0.260779134891603
1	5092	null_5091	H	L	697	875	314	0	0	114	1886	null_5091_L	0.057	0.796924708377519	1.12990455991516	0.494815569092571
1	5093	null_5092	L	H	580	946	361	0	0	113	1887	null_5092_H	0.0565	0.883942766295708	1.26656067832538	0.485205864238877
1	5094	null_5093	H	L	1102	665	129	0	0	104	1896	null_5093_L	0.052	0.486814345991561	0.62289029535865	0.385902087895458
1	5095	null_5094	L	H	851	838	213	0	0	98	1902	null_5094_H	0.049	0.664563617245005	0.888538380651945	0.44689357928618
1	5096	null_5095	L	H	654	919	334	0	0	93	1907	null_5095_H	0.0465	0.832197168327216	1.18248557944415	0.489933452472317
1	5097	null_5096	H	L	894	788	213	0	0	105	1895	null_5096_L	0.0525	0.640633245382586	0.865435356200528	0.455024401111103
1	5098	null_5097	H	L	1253	574	73	0	0	100	1900	null_5097_L	0.05	0.378947368421053	0.455789473684211	0.31218836565097
1	5099	null_5098	L	H	1620	279	3	0	0	98	1902	null_5098_H	0.049	0.149842271293375	0.152996845425868	0.13054413915951
1	5100	null_5099	H	L	546	910	454	0	0	90	1910	null_5099_L	0.045	0.951832460732984	1.42722513089005	0.521240097585044
1	5101	null_5100	H	L	1108	667	124	0	0	101	1899	null_5100_L	0.0505	0.481832543443918	0.612427593470247	0.380264993548612
1	5102	null_5101	H	L	1126	658	101	0	0	115	1885	null_5101_L	0.0575	0.456233421750663	0.563395225464191	0.355246290341873
1	5103	null_5102	H	L	644	906	352	0	0	98	1902	null_5102_L	0.049	0.846477392218717	1.21661409043113	0.500090114893725
1	5104	null_5103	L	H	1430	431	33	0	0	106	1894	null_5103_H	0.053	0.262407602956705	0.297254487856389	0.228396737766905
1	5105	null_5104	H	L	918	806	176	0	0	100	1900	null_5104_L	0.05	0.609473684210526	0.794736842105263	0.423278670360111
1	5106	null_5105	H	L	1056	699	135	0	0	110	1890	null_5105_L	0.055	0.512698412698413	0.655555555555556	0.392695893172084
1	5107	null_5106	H	L	674	915	322	0	0	89	1911	null_5106_L	0.0445	0.815803244374673	1.15279958137101	0.487264647838767
1	5108	null_5107	H	L	500	947	447	0	0	106	1894	null_5107_L	0.053	0.972016895459345	1.44403379091869	0.499216945860267
1	5109	null_5108	H	L	751	875	276	0	0	98	1902	null_5108_L	0.049	0.750262881177708	1.04048370136698	0.477589310493907
1	5110	null_5109	L	H	1046	705	161	0	0	88	1912	null_5109_H	0.044	0.537133891213389	0.705543933054393	0.417031115964356
1	5111	null_5110	H	L	649	924	317	0	0	110	1890	null_5110_L	0.055	0.824338624338624	1.15978835978836	0.480254192211864
1	5112	null_5111	L	H	731	906	264	0	0	99	1901	null_5111_H	0.0495	0.754339821146765	1.03208837453972	0.463059808771983
1	5113	null_5112	H	L	508	940	441	0	0	111	1889	null_5112_L	0.0555	0.964531498147168	1.43144520910535	0.501124198187327
1	5114	null_5113	H	L	931	815	153	0	0	101	1899	null_5113_L	0.0505	0.590310689836756	0.75144813059505	0.402981420059503
1	5115	null_5114	H	L	997	765	116	0	0	122	1878	null_5114_L	0.061	0.530883919062833	0.654419595314164	0.372581859794652
1	5116	null_5115	H	L	1460	399	20	0	0	121	1879	null_5115_L	0.0605	0.233634912187334	0.254922831293241	0.200337559100458
1	5117	null_5116	L	H	734	906	258	0	0	102	1898	null_5116_H	0.051	0.749209694415174	1.02107481559536	0.459759649389685
1	5118	null_5117	H	L	584	929	386	0	0	101	1899	null_5117_L	0.0505	0.895734597156398	1.30226434965771	0.49992388111478
1	5119	null_5118	H	L	951	800	151	0	0	98	1902	null_5118_L	0.049	0.579390115667718	0.738170347003155	0.402477440869703
1	5120	null_5119	L	H	903	829	167	0	0	101	1899	null_5119_H	0.0505	0.612427593470247	0.788309636650869	0.41324207940711
1	5121	null_5120	L	H	512	955	434	0	0	99	1901	null_5120_H	0.0495	0.958968963703314	1.41557075223567	0.495949278889457
1	5122	null_5121	L	H	1562	321	19	0	0	98	1902	null_5121_H	0.049	0.188748685594111	0.208727655099895	0.17310158878639
1	5123	null_5122	H	L	570	911	399	0	0	120	1880	null_5122_L	0.06	0.909042553191489	1.33351063829787	0.507152274784971
1	5124	null_5123	H	L	1097	683	110	0	0	110	1890	null_5123_L	0.055	0.477777777777778	0.594179894179894	0.365908289241623
1	5125	null_5124	L	H	615	943	335	0	0	107	1893	null_5124_H	0.0535	0.852086634970946	1.20602218700475	0.479970553508645
1	5126	null_5125	H	L	1493	380	20	0	0	107	1893	null_5125_L	0.0535	0.221870047543582	0.243000528262018	0.193774210265027
1	5127	null_5126	H	L	1361	504	50	0	0	85	1915	null_5126_L	0.0425	0.315404699738903	0.367624020887728	0.268143896270341
1	5128	null_5127	H	L	1375	483	42	0	0	100	1900	null_5127_L	0.05	0.298421052631579	0.342631578947368	0.253576454293629
1	5129	null_5128	H	L	539	941	427	0	0	93	1907	null_5128_L	0.0465	0.941269008914525	1.38909281594127	0.503105468798336
1	5130	null_5129	H	L	1663	219	4	0	0	114	1886	null_5129_L	0.057	0.120360551431601	0.124602332979852	0.110115670638932
1	5131	null_5130	L	H	1150	664	93	0	0	93	1907	null_5130_H	0.0465	0.445726271630834	0.54326166754064	0.344589758318716
1	5132	null_5131	H	L	1441	411	34	0	0	114	1886	null_5131_L	0.057	0.253976670201485	0.290031813361612	0.225527664354978
1	5133	null_5132	H	L	793	847	259	0	0	101	1899	null_5132_L	0.0505	0.718799368088468	0.991574512901527	0.474901981337147
1	5134	null_5133	H	L	1049	716	133	0	0	102	1898	null_5133_L	0.051	0.517386722866175	0.657534246575342	0.389845225577142
1	5135	null_5134	L	H	620	932	357	0	0	91	1909	null_5134_H	0.0455	0.862231534834992	1.23624934520691	0.492806125543008
1	5136	null_5135	H	L	966	805	138	0	0	91	1909	null_5135_L	0.0455	0.566265060240964	0.710843373493976	0.390187255044273
1	5137	null_5136	L	H	640	937	322	0	0	101	1899	null_5136_H	0.0505	0.832543443917852	1.17166929963139	0.478540713620788
1	5138	null_5137	L	H	1368	491	48	0	0	93	1907	null_5137_H	0.0465	0.307813319349764	0.358154168851599	0.26340512928248
1	5139	null_5138	L	H	1245	590	64	0	0	101	1899	null_5138_H	0.0505	0.378093733543971	0.445497630331754	0.302542758986535
1	5140	null_5139	L	H	1263	569	65	0	0	103	1897	null_5139_H	0.0515	0.368476541908276	0.437005798629415	0.301230836692733
1	5141	null_5140	H	L	698	923	288	0	0	91	1909	null_5140_L	0.0455	0.785227867993714	1.08695652173913	0.470373717065177
1	5142	null_5141	L	H	1618	272	13	0	0	97	1903	null_5141_H	0.0485	0.156594850236469	0.170257488176563	0.145735541055981
1	5143	null_5142	L	H	1283	570	63	0	0	84	1916	null_5142_H	0.042	0.363256784968685	0.42901878914405	0.297063297318265
1	5144	null_5143	H	L	989	746	171	0	0	94	1906	null_5143_L	0.047	0.570828961175236	0.750262329485834	0.424416626569435
1	5145	null_5144	H	L	607	949	357	0	0	87	1913	null_5144_L	0.0435	0.869315211709357	1.24255096706743	0.486842029758149
1	5146	null_5145	H	L	566	935	389	0	0	110	1890	null_5145_L	0.055	0.906349206349206	1.31798941798942	0.496520534139582
1	5147	null_5146	H	L	1176	631	94	0	0	99	1901	null_5146_L	0.0495	0.430825881115203	0.529721199368753	0.344110259530063
1	5148	null_5147	H	L	1089	693	111	0	0	107	1893	null_5147_L	0.0535	0.483359746434231	0.600633914421553	0.366997269948589
1	5149	null_5148	L	H	821	817	256	0	0	106	1894	null_5148_H	0.053	0.70168954593453	0.972016895459345	0.479648676585538
1	5150	null_5149	L	H	876	852	181	0	0	91	1909	null_5149_H	0.0455	0.63593504452593	0.825563122053431	0.421149741197235
1	5151	null_5150	L	H	1561	336	18	0	0	85	1915	null_5150_H	0.0425	0.194255874673629	0.213054830287206	0.17531948544199
1	5152	null_5151	L	H	1719	183	6	0	0	92	1908	null_5151_H	0.046	0.102201257861635	0.108490566037736	0.0980454689292354
1	5153	null_5152	H	L	499	908	471	0	0	122	1878	null_5152_L	0.061	0.985090521831736	1.48668796592119	0.516284629718471
1	5154	null_5153	L	H	971	784	139	0	0	106	1894	null_5153_H	0.053	0.560718057022175	0.707497360084477	0.393092620613754
1	5155	null_5154	L	H	985	767	146	0	0	102	1898	null_5154_H	0.051	0.55795574288725	0.711801896733404	0.400487285712541
1	5156	null_5155	H	L	1602	288	9	0	0	101	1899	null_5155_L	0.0505	0.161137440758294	0.170616113744076	0.144650838929943
1	5157	null_5156	H	L	900	815	185	0	0	100	1900	null_5156_L	0.05	0.623684210526316	0.818421052631579	0.429439058171745
1	5158	null_5157	L	H	1524	362	18	0	0	96	1904	null_5157_H	0.048	0.209033613445378	0.227941176470588	0.184246124920556
1	5159	null_5158	H	L	521	965	411	0	0	103	1897	null_5158_L	0.0515	0.942013705851344	1.37532946758039	0.487939645568607
1	5160	null_5159	L	H	996	779	123	0	0	102	1898	null_5159_H	0.051	0.540042149631191	0.669652265542677	0.378006742164399
1	5161	null_5160	H	L	745	848	308	0	0	99	1901	null_5160_L	0.0495	0.770120988953183	1.09416096791163	0.501074630285398
1	5162	null_5161	L	H	1275	573	60	0	0	92	1908	null_5161_H	0.046	0.363207547169811	0.426100628930818	0.294180906609707
1	5163	null_5162	L	H	793	855	242	0	0	110	1890	null_5162_H	0.055	0.708465608465609	0.964550264550265	0.46262674617172
1	5164	null_5163	H	L	961	791	148	0	0	100	1900	null_5163_L	0.05	0.572105263157895	0.727894736842105	0.400590304709141
1	5165	null_5164	L	H	712	884	296	0	0	108	1892	null_5164_H	0.054	0.780126849894292	1.09302325581395	0.484425353887963
1	5166	null_5165	L	H	485	982	456	0	0	77	1923	null_5165_H	0.0385	0.984919396775871	1.45917836713469	0.48911214898934
1	5167	null_5166	L	H	547	960	397	0	0	96	1904	null_5166_H	0.048	0.921218487394958	1.33823529411765	0.489591792599393
1	5168	null_5167	L	H	483	942	480	0	0	95	1905	null_5167_H	0.0475	0.998425196850394	1.50236220472441	0.505509331018662
1	5169	null_5168	L	H	1328	510	46	0	0	116	1884	null_5168_H	0.058	0.319532908704883	0.368365180467091	0.266263900721688
1	5170	null_5169	H	L	1345	530	44	0	0	81	1919	null_5169_L	0.0405	0.322042730588848	0.367899947889526	0.264188427564404
1	5171	null_5170	H	L	899	811	173	0	0	117	1883	null_5170_L	0.0585	0.614445034519384	0.798194370685077	0.42065167023955
1	5172	null_5171	L	H	1090	711	104	0	0	95	1905	null_5171_H	0.0475	0.48241469816273	0.591601049868766	0.358877108865329
1	5173	null_5172	H	L	738	879	283	0	0	100	1900	null_5172_L	0.05	0.760526315789474	1.05842105263158	0.480020775623269
1	5174	null_5173	H	L	1653	229	12	0	0	106	1894	null_5173_L	0.053	0.133579725448786	0.146251319957761	0.128407776906788
1	5175	null_5174	L	H	1135	672	86	0	0	107	1893	null_5174_H	0.0535	0.445853143159007	0.536714210248283	0.337929184983517
1	5176	null_5175	H	L	807	853	256	0	0	84	1916	null_5175_L	0.042	0.712421711899791	0.97964509394572	0.472100398359491
1	5177	null_5176	L	H	639	912	331	0	0	118	1882	null_5176_H	0.059	0.83634431455898	1.18809776833156	0.488625955836432
1	5178	null_5177	H	L	608	908	386	0	0	98	1902	null_5177_L	0.049	0.883280757097792	1.28916929547844	0.508984399619196
1	5179	null_5178	L	H	837	852	208	0	0	103	1897	null_5178_H	0.0515	0.668423827095414	0.887717448603057	0.440927035974178
1	5180	null_5179	H	L	1554	333	11	0	0	102	1898	null_5179_L	0.051	0.187038988408851	0.198630136986301	0.163646553801295
1	5181	null_5180	L	H	1242	595	71	0	0	92	1908	null_5180_H	0.046	0.386268343815514	0.460691823899371	0.311488590465391
1	5182	null_5181	H	L	1638	249	13	0	0	100	1900	null_5181_L	0.05	0.144736842105263	0.158421052631579	0.137472299168975
1	5183	null_5182	H	L	615	928	346	0	0	111	1889	null_5182_L	0.0555	0.857596611964002	1.22392800423505	0.48845605538291
1	5184	null_5183	H	L	1437	432	27	0	0	104	1896	null_5183_L	0.052	0.256329113924051	0.284810126582279	0.21910551193719
1	5185	null_5184	H	L	583	910	408	0	0	99	1901	null_5184_L	0.0495	0.907943187795897	1.33719095213046	0.512830119865483
1	5186	null_5185	L	H	1135	674	81	0	0	110	1890	null_5185_H	0.055	0.442328042328042	0.528042328042328	0.33238823101257
1	5187	null_5186	H	L	785	873	247	0	0	95	1905	null_5186_L	0.0475	0.71758530183727	0.976902887139108	0.461974221726221
1	5188	null_5187	L	H	1353	518	39	0	0	90	1910	null_5187_H	0.045	0.312041884816754	0.352879581151832	0.25550944327184
1	5189	null_5188	H	L	1454	424	33	0	0	89	1911	null_5188_L	0.0445	0.256410256410256	0.290947148090005	0.225200928497632
1	5190	null_5189	L	H	1136	670	97	0	0	97	1903	null_5189_H	0.0485	0.454019968470836	0.555964266946926	0.349830135176667
1	5191	null_5190	H	L	673	920	325	0	0	82	1918	null_5190_L	0.041	0.818561001042753	1.15745568300313	0.487413570575015
1	5192	null_5191	L	H	744	896	254	0	0	106	1894	null_5191_H	0.053	0.741288278775079	1.00950369588173	0.459995383632412
1	5193	null_5192	H	L	507	915	478	0	0	100	1900	null_5192_L	0.05	0.984736842105263	1.48789473684211	0.518188088642659
1	5194	null_5193	L	H	1314	542	44	0	0	100	1900	null_5193_H	0.05	0.331578947368421	0.377894736842105	0.267950138504155
1	5195	null_5194	H	L	469	970	465	0	0	96	1904	null_5194_L	0.048	0.997899159663866	1.48634453781513	0.490541804957277
1	5196	null_5195	L	H	1100	665	123	0	0	112	1888	null_5195_H	0.056	0.482521186440678	0.61281779661017	0.37999110124605
1	5197	null_5196	H	L	980	752	153	0	0	115	1885	null_5196_L	0.0575	0.561273209549072	0.723607427055703	0.408579811298187
1	5198	null_5197	L	H	623	944	343	0	0	90	1910	null_5197_H	0.045	0.853403141361257	1.21256544502618	0.484268523340917
1	5199	null_5198	H	L	1191	651	81	0	0	77	1923	null_5198_L	0.0385	0.422776911076443	0.507020280811232	0.328279964271894
1	5200	null_5199	L	H	523	935	433	0	0	109	1891	null_5199_H	0.0545	0.952406134320465	1.41036488630354	0.503287441612291
1	5201	null_5200	H	L	1256	568	67	0	0	109	1891	null_5200_L	0.0545	0.37123215230037	0.4420941300899	0.304280819188334
1	5202	null_5201	H	L	455	977	453	0	0	115	1885	null_5201_L	0.0575	0.99893899204244	1.47957559681698	0.48169648699421
1	5203	null_5202	H	L	1438	426	29	0	0	107	1893	null_5202_L	0.0535	0.25567881669308	0.286318013734812	0.220946356429239
1	5204	null_5203	H	L	1531	354	15	0	0	100	1900	null_5203_L	0.05	0.202105263157895	0.217894736842105	0.177048199445983
1	5205	null_5204	H	L	1059	734	101	0	0	106	1894	null_5204_L	0.053	0.494192185850053	0.600844772967265	0.356618856412012
1	5206	null_5205	H	L	1315	533	54	0	0	98	1902	null_5205_L	0.049	0.337013669821241	0.393796004206099	0.280217790559719
1	5207	null_5206	H	L	1187	626	85	0	0	102	1898	null_5206_L	0.051	0.419388830347734	0.50895679662803	0.333069805607589
1	5208	null_5207	L	H	1398	457	45	0	0	100	1900	null_5207_H	0.05	0.287894736842105	0.335263157894737	0.252379778393352
1	5209	null_5208	H	L	1476	381	27	0	0	116	1884	null_5208_L	0.058	0.230891719745223	0.259554140127389	0.206243153880482
1	5210	null_5209	L	H	1608	286	9	0	0	97	1903	null_5209_H	0.0485	0.159747766684183	0.169206516027325	0.143687167066741
1	5211	null_5210	L	H	1266	568	72	0	0	94	1906	null_5210_H	0.047	0.373557187827912	0.449108079748164	0.309563107170266
1	5212	null_5211	H	L	833	848	232	0	0	87	1913	null_5211_L	0.0435	0.685833768949294	0.928384736016728	0.458016777385534
1	5213	null_5212	H	L	475	953	472	0	0	100	1900	null_5212_L	0.05	0.998421052631579	1.49526315789474	0.498418559556787
1	5214	null_5213	L	H	483	947	454	0	0	116	1884	null_5213_H	0.058	0.984607218683652	1.46656050955414	0.497109134470184
1	5215	null_5214	H	L	1025	734	147	0	0	94	1906	null_5214_L	0.047	0.539349422875131	0.693599160545645	0.402701360589908
1	5216	null_5215	L	H	784	863	249	0	0	104	1896	null_5215_H	0.052	0.717827004219409	0.980485232067511	0.465209624080899
1	5217	null_5216	H	L	1119	664	122	0	0	95	1905	null_5216_L	0.0475	0.476640419947507	0.604724409448819	0.377538319521084
1	5218	null_5217	H	L	842	835	220	0	0	103	1897	null_5217_L	0.0515	0.672113863995783	0.904059040590406	0.452321994415064
1	5219	null_5218	H	L	1563	315	17	0	0	105	1895	null_5218_L	0.0525	0.184168865435356	0.202110817941953	0.168192646946206
1	5220	null_5219	H	L	669	914	310	0	0	107	1893	null_5219_L	0.0535	0.810353935552034	1.1378763866878	0.481202885823127
1	5221	null_5220	H	L	1731	171	5	0	0	93	1907	null_5220_L	0.0465	0.0949134766649187	0.100157315154693	0.0911487471020712
1	5222	null_5221	H	L	1472	399	32	0	0	97	1903	null_5221_L	0.0485	0.243300052548607	0.276931161324225	0.21773624575407
1	5223	null_5222	L	H	646	916	341	0	0	97	1903	null_5222_H	0.0485	0.839726747241198	1.19810825013137	0.492967240099089
1	5224	null_5223	L	H	1357	494	44	0	0	105	1895	null_5223_H	0.0525	0.30712401055409	0.353562005277045	0.259236847418216
1	5225	null_5224	H	L	1101	693	106	0	0	100	1900	null_5224_L	0.05	0.476315789473684	0.587894736842105	0.361018005540166
1	5226	null_5225	L	H	1254	567	63	0	0	116	1884	null_5225_H	0.058	0.367834394904459	0.434713375796178	0.299411233721449
1	5227	null_5226	L	H	593	923	379	0	0	105	1895	null_5226_H	0.0525	0.887071240105541	1.28707124010554	0.500175855083159
1	5228	null_5227	L	H	694	932	292	0	0	82	1918	null_5227_H	0.041	0.790406673618353	1.09489051094891	0.470147801248476
1	5229	null_5228	L	H	1504	388	20	0	0	88	1912	null_5228_H	0.044	0.223849372384937	0.244769874476987	0.194661332959857
1	5230	null_5229	L	H	929	785	173	0	0	113	1887	null_5229_H	0.0565	0.599364069952305	0.782723900370959	0.423486612021167
1	5231	null_5230	H	L	1397	445	47	0	0	111	1889	null_5230_L	0.0555	0.285336156696665	0.335097935415564	0.25368121309714
1	5232	null_5231	L	H	944	810	161	0	0	85	1915	null_5231_H	0.0425	0.5911227154047	0.759268929503917	0.409842864836491
1	5233	null_5232	H	L	1419	442	29	0	0	110	1890	null_5232_L	0.055	0.264550264550265	0.295238095238095	0.22525125276448
1	5234	null_5233	L	H	548	983	358	0	0	111	1889	null_5233_H	0.0555	0.899417681312864	1.27845420857597	0.469502043117758
1	5235	null_5234	L	H	623	930	360	0	0	87	1913	null_5234_H	0.0435	0.862519602718244	1.2388917929953	0.494951727922059
1	5236	null_5235	L	H	1125	686	101	0	0	88	1912	null_5235_H	0.044	0.464435146443515	0.570083682008368	0.354383676756359
1	5237	null_5236	H	L	1394	475	39	0	0	92	1908	null_5236_L	0.046	0.289832285115304	0.330712788259958	0.246710034764799
1	5238	null_5237	H	L	826	841	235	0	0	98	1902	null_5237_L	0.049	0.689274447949527	0.936382754994742	0.461283490398617
1	5239	null_5238	H	L	829	868	207	0	0	96	1904	null_5238_L	0.048	0.673319327731092	0.890756302521008	0.437397385424758
1	5240	null_5239	L	H	1004	774	137	0	0	85	1915	null_5239_H	0.0425	0.547258485639687	0.690339425587467	0.390847575482824
1	5241	null_5240	L	H	778	872	281	0	0	69	1931	null_5240_H	0.0345	0.742620403935785	1.03366131538063	0.482176251038884
1	5242	null_5241	L	H	1358	518	39	0	0	85	1915	null_5241_H	0.0425	0.311227154046997	0.351958224543081	0.255095883126887
1	5243	null_5242	H	L	587	909	393	0	0	111	1889	null_5242_L	0.0555	0.897300158814188	1.31339332980413	0.508245754796163
1	5244	null_5243	H	L	1567	317	13	0	0	103	1897	null_5243_L	0.0515	0.180811808118081	0.194517659462309	0.161824749507379
1	5245	null_5244	H	L	1559	337	13	0	0	91	1909	null_5244_L	0.0455	0.190151911995809	0.203771608171818	0.167613858536156
1	5246	null_5245	L	H	1009	744	149	0	0	98	1902	null_5245_H	0.049	0.547844374342797	0.704521556256572	0.404388097757521
1	5247	null_5246	H	L	625	935	346	0	0	94	1906	null_5246_L	0.047	0.853620146904512	1.21668415529906	0.488016800097775
1	5248	null_5247	H	L	720	883	289	0	0	108	1892	null_5247_L	0.054	0.772198731501057	1.0776955602537	0.481404679321858
1	5249	null_5248	L	H	1296	547	52	0	0	105	1895	null_5248_H	0.0525	0.34353562005277	0.398416886543536	0.280400164298494
1	5250	null_5249	L	H	665	932	310	0	0	93	1907	null_5249_H	0.0465	0.813843733613005	1.13896171997902	0.476620097237869
1	5251	null_5250	H	L	940	789	169	0	0	102	1898	null_5250_L	0.051	0.593782929399368	0.77186512118019	0.419286953934095
1	5252	null_5251	H	L	714	926	262	0	0	98	1902	null_5251_L	0.049	0.762355415352261	1.03785488958991	0.456669110272987
1	5253	null_5252	L	H	1099	696	113	0	0	92	1908	null_5252_H	0.046	0.483228511530398	0.60167714884696	0.368167354491076
1	5254	null_5253	H	L	1493	375	30	0	0	102	1898	null_5253_L	0.051	0.229188619599579	0.260800842992624	0.208273419638663
1	5255	null_5254	L	H	576	949	373	0	0	102	1898	null_5254_H	0.051	0.89304531085353	1.28609062170706	0.488560694469582
1	5256	null_5255	L	H	1190	591	86	0	0	133	1867	null_5255_H	0.0665	0.408677021960364	0.500803427959293	0.333786519680901
1	5257	null_5256	L	H	1288	576	43	0	0	93	1907	null_5256_H	0.0465	0.347142108023073	0.392239119035134	0.271731475872431
1	5258	null_5257	L	H	1622	267	10	0	0	101	1899	null_5257_H	0.0505	0.151132174828857	0.161664033701948	0.138823099433448
1	5259	null_5258	L	H	1002	750	151	0	0	97	1903	null_5258_H	0.0485	0.552811350499212	0.711508145034157	0.405907755793394
1	5260	null_5259	L	H	1236	593	64	0	0	107	1893	null_5259_H	0.0535	0.380876914949815	0.448494453248811	0.303427228907123
1	5261	null_5260	H	L	824	835	231	0	0	110	1890	null_5260_L	0.055	0.686243386243386	0.930687830687831	0.459757845525041
1	5262	null_5261	H	L	601	945	359	0	0	95	1905	null_5261_L	0.0475	0.872965879265092	1.2498687664042	0.487799340043125
1	5263	null_5262	L	H	694	913	278	0	0	115	1885	null_5262_H	0.0575	0.779310344827586	1.07427055702918	0.466945943473886
1	5264	null_5263	H	L	1634	241	5	0	0	120	1880	null_5263_L	0.06	0.133510638297872	0.138829787234043	0.121004696695337
1	5265	null_5264	L	H	1154	660	94	0	0	92	1908	null_5264_H	0.046	0.444444444444444	0.542976939203354	0.345446075005823
1	5266	null_5265	H	L	1434	435	42	0	0	89	1911	null_5265_L	0.0445	0.271585557299843	0.315541601255887	0.241782886322021
1	5267	null_5266	L	H	1506	380	18	0	0	96	1904	null_5266_H	0.048	0.218487394957983	0.237394957983193	0.189658216227668
1	5268	null_5267	H	L	1507	377	21	0	0	95	1905	null_5267_L	0.0475	0.21994750656168	0.241994750656168	0.193617845013468
1	5269	null_5268	L	H	836	855	196	0	0	113	1887	null_5268_H	0.0565	0.660837307896131	0.868574456809751	0.431868509302345
1	5270	null_5269	L	H	1413	447	42	0	0	98	1902	null_5269_H	0.049	0.279179810725552	0.323343848580442	0.245402481863687
1	5271	null_5270	H	L	917	808	181	0	0	94	1906	null_5270_L	0.047	0.613850996852046	0.803777544596013	0.426964498259762
1	5272	null_5271	L	H	1417	449	27	0	0	107	1893	null_5271_H	0.0535	0.265715795034337	0.294241944004226	0.223637060273496
1	5273	null_5272	L	H	1366	482	51	0	0	101	1899	null_5272_H	0.0505	0.30753027909426	0.361242759347025	0.266667886787231
1	5274	null_5273	H	L	819	826	252	0	0	103	1897	null_5273_L	0.0515	0.701107011070111	0.966789667896679	0.475238626925015
1	5275	null_5274	L	H	679	921	307	0	0	93	1907	null_5274_H	0.0465	0.804929208180388	1.12690089145254	0.478989861270637
1	5276	null_5275	L	H	682	900	320	0	0	98	1902	null_5275_H	0.049	0.809674027339642	1.14616193480547	0.490589904257072
1	5277	null_5276	H	L	1372	495	43	0	0	90	1910	null_5276_L	0.045	0.304188481675393	0.349214659685864	0.256684027301883
1	5278	null_5277	H	L	481	989	419	0	0	111	1889	null_5277_L	0.0555	0.967178401270514	1.41079936474325	0.475365304859064
1	5279	null_5278	H	L	1593	299	12	0	0	96	1904	null_5278_L	0.048	0.169642857142857	0.182247899159664	0.153469200180072
1	5280	null_5279	L	H	533	962	401	0	0	104	1896	null_5279_H	0.052	0.930379746835443	1.35337552742616	0.487769054104577
1	5281	null_5280	H	L	575	974	355	0	0	96	1904	null_5280_L	0.048	0.884453781512605	1.25735294117647	0.475094449544524
1	5282	null_5281	L	H	867	827	195	0	0	111	1889	null_5281_H	0.0555	0.64425622022234	0.850714663843303	0.435648586548127
1	5283	null_5282	L	H	827	835	232	0	0	106	1894	null_5282_H	0.053	0.685850052798311	0.930834213305174	0.460443918381729
1	5284	null_5283	L	H	626	941	315	0	0	118	1882	null_5283_H	0.059	0.834750265674814	1.16950053134963	0.472692525305456
1	5285	null_5284	H	L	1174	643	89	0	0	94	1906	null_5284_L	0.047	0.430745015739769	0.524134312696747	0.338593044112093
1	5286	null_5285	H	L	1101	680	126	0	0	93	1907	null_5285_L	0.0465	0.488725747246985	0.620870477189303	0.382017621167179
1	5287	null_5286	L	H	1667	209	12	0	0	112	1888	null_5286_H	0.056	0.123411016949153	0.136122881355932	0.120892602251508
1	5288	null_5287	H	L	726	911	281	0	0	82	1918	null_5287_L	0.041	0.767987486965589	1.06100104275287	0.471196262617147
1	5289	null_5288	L	H	546	939	422	0	0	93	1907	null_5288_H	0.0465	0.934976402726796	1.37755637126377	0.503375497607825
1	5290	null_5289	H	L	521	956	410	0	0	113	1887	null_5289_L	0.0565	0.941176470588235	1.37572866984632	0.48991552105739
1	5291	null_5290	L	H	772	904	239	0	0	85	1915	null_5290_H	0.0425	0.721671018276762	0.971279373368146	0.450470314747527
1	5292	null_5291	L	H	1300	549	55	0	0	96	1904	null_5291_H	0.048	0.346113445378151	0.403886554621849	0.284092037550314
1	5293	null_5292	L	H	1164	646	96	0	0	94	1906	null_5292_H	0.047	0.439664218258132	0.540398740818468	0.347094116001933
1	5294	null_5293	L	H	785	892	234	0	0	89	1911	null_5293_H	0.0445	0.711669283097855	0.956567242281528	0.450094073776514
1	5295	null_5294	H	L	639	950	315	0	0	96	1904	null_5294_L	0.048	0.829831932773109	1.16071428571429	0.472093249064332
1	5296	null_5295	H	L	1492	389	28	0	0	91	1909	null_5295_L	0.0455	0.233106338397067	0.262441068622315	0.208102503621428
1	5297	null_5296	L	H	486	963	444	0	0	107	1893	null_5296_H	0.0535	0.977812995245642	1.44690966719493	0.490791413523675
1	5298	null_5297	H	L	1277	563	56	0	0	104	1896	null_5297_L	0.052	0.356012658227848	0.415084388185654	0.288339375367195
1	5299	null_5298	H	L	472	990	456	0	0	82	1918	null_5298_L	0.041	0.991657977059437	1.46715328467153	0.483767741205918
1	5300	null_5299	H	L	592	886	417	0	0	105	1895	null_5299_L	0.0525	0.907651715039578	1.34775725593668	0.523925620122388
1	5301	null_5300	H	L	1688	212	3	0	0	97	1903	null_5300_L	0.0485	0.114555964266947	0.117708880714661	0.104585811765531
1	5302	null_5301	H	L	734	900	274	0	0	92	1908	null_5301_L	0.046	0.758909853249476	1.0461215932914	0.470177427932264
1	5303	null_5302	L	H	469	965	469	0	0	97	1903	null_5302_H	0.0485	1	1.49290593799264	0.492905937992643
1	5304	null_5303	H	L	969	749	175	0	0	107	1893	null_5303_L	0.0535	0.580559957739039	0.765451664025357	0.428401799495402
1	5305	null_5304	L	H	1139	670	85	0	0	106	1894	null_5304_H	0.053	0.44350580781415	0.533262935586061	0.33656553402118
1	5306	null_5305	H	L	578	941	368	0	0	113	1887	null_5305_L	0.0565	0.888712241653418	1.27874933757287	0.488939889108224
1	5307	null_5306	L	H	1270	561	63	0	0	106	1894	null_5306_H	0.053	0.36272439281943	0.429250263991552	0.297681278845328
1	5308	null_5307	L	H	955	786	140	0	0	119	1881	null_5307_H	0.0595	0.566719829877725	0.715576820839979	0.394405455263342
1	5309	null_5308	L	H	1506	378	17	0	0	99	1901	null_5308_H	0.0495	0.216728037874803	0.234613361388743	0.187642318987681
1	5310	null_5309	H	L	861	807	221	0	0	111	1889	null_5309_L	0.0555	0.661196400211752	0.895182636315511	0.458001956662531
1	5311	null_5310	H	L	1662	233	10	0	0	95	1905	null_5310_L	0.0475	0.132808398950131	0.143307086614173	0.125669015782476
1	5312	null_5311	H	L	847	832	233	0	0	88	1912	null_5311_L	0.044	0.678870292887029	0.922594142259414	0.461729267694893
1	5313	null_5312	L	H	667	893	337	0	0	103	1897	null_5312_H	0.0515	0.826041117554033	1.18133895624671	0.49899502835679
1	5314	null_5313	H	L	756	906	243	0	0	95	1905	null_5313_L	0.0475	0.730708661417323	0.985826771653543	0.451891623783248
1	5315	null_5314	H	L	1575	307	15	0	0	103	1897	null_5314_L	0.0515	0.177648919346336	0.193463363205061	0.16190422466014
1	5316	null_5315	H	L	571	932	395	0	0	102	1898	null_5315_L	0.051	0.9072708113804	1.32349841938883	0.50035809420598
1	5317	null_5316	L	H	926	783	179	0	0	112	1888	null_5316_H	0.056	0.604343220338983	0.79396186440678	0.428731136437087
1	5318	null_5317	H	L	640	902	362	0	0	96	1904	null_5317_L	0.048	0.853991596638655	1.23424369747899	0.504942050349552
1	5319	null_5318	L	H	483	954	454	0	0	109	1891	null_5318_H	0.0545	0.984664198836594	1.46483342147012	0.495269836999609
1	5320	null_5319	H	L	471	964	464	0	0	101	1899	null_5319_L	0.0505	0.996313849394418	1.48499210110585	0.492350814610722
1	5321	null_5320	L	H	1191	612	90	0	0	107	1893	null_5320_H	0.0535	0.41838351822504	0.513470681458003	0.338425913135641
1	5322	null_5321	L	H	1237	595	78	0	0	90	1910	null_5321_H	0.045	0.393193717277487	0.474869109947644	0.320267810641156
1	5323	null_5322	L	H	963	789	168	0	0	80	1920	null_5322_H	0.04	0.5859375	0.7609375	0.41761474609375
1	5324	null_5323	H	L	512	958	422	0	0	108	1892	null_5323_L	0.054	0.952431289640592	1.3985200845666	0.491394723080155
1	5325	null_5324	L	H	483	954	459	0	0	104	1896	null_5324_H	0.052	0.987341772151899	1.47151898734177	0.49667521230572
1	5326	null_5325	H	L	730	918	265	0	0	87	1913	null_5325_L	0.0435	0.756926293779404	1.03397804495557	0.461040630740942
1	5327	null_5326	L	H	665	913	317	0	0	105	1895	null_5326_H	0.0525	0.816358839050132	1.1509234828496	0.484481728754325
1	5328	null_5327	H	L	1584	298	13	0	0	105	1895	null_5327_L	0.0525	0.170976253298153	0.184696569920844	0.15546369072897
1	5329	null_5328	L	H	560	945	392	0	0	103	1897	null_5328_H	0.0515	0.911439114391144	1.32472324723247	0.49400198799036
1	5330	null_5329	H	L	1630	245	12	0	0	113	1887	null_5329_L	0.0565	0.142554319024907	0.155272919978802	0.134951186106147
1	5331	null_5330	L	H	774	914	222	0	0	90	1910	null_5330_H	0.045	0.710994764397906	0.943455497382199	0.437941942380965
1	5332	null_5331	L	H	1229	602	71	0	0	98	1902	null_5331_H	0.049	0.391167192429022	0.465825446898002	0.312813674465199
1	5333	null_5332	L	H	636	926	320	0	0	118	1882	null_5332_H	0.059	0.832093517534538	1.1721572794899	0.479777657566904
1	5334	null_5333	H	L	961	815	144	0	0	80	1920	null_5333_L	0.04	0.574479166666667	0.724479166666667	0.394452853732639
1	5335	null_5334	H	L	1103	688	101	0	0	108	1892	null_5334_L	0.054	0.470401691331924	0.577167019027484	0.35588926781955
1	5336	null_5335	L	H	1705	185	6	0	0	104	1896	null_5335_H	0.052	0.103902953586498	0.110232067510549	0.0994362437465506
1	5337	null_5336	H	L	1408	455	42	0	0	95	1905	null_5336_L	0.0475	0.282939632545932	0.327034120734908	0.246979285069681
1	5338	null_5337	H	L	1191	606	101	0	0	102	1898	null_5337_L	0.051	0.425711275026344	0.532139093782929	0.350909004098374
1	5339	null_5338	H	L	630	915	344	0	0	111	1889	null_5338_L	0.0555	0.848597141344627	1.21281101111699	0.492693902818721
1	5340	null_5339	L	H	805	864	211	0	0	120	1880	null_5339_H	0.06	0.684042553191489	0.908510638297872	0.440596423721141
1	5341	null_5340	H	L	1671	222	9	0	0	98	1902	null_5340_L	0.049	0.126182965299685	0.135646687697161	0.119724546965339
1	5342	null_5341	H	L	1335	502	65	0	0	98	1902	null_5341_L	0.049	0.332281808622503	0.400630914826498	0.290219714485057
1	5343	null_5342	H	L	1388	475	41	0	0	96	1904	null_5342_L	0.048	0.292542016806723	0.335609243697479	0.250028412100134
1	5344	null_5343	H	L	977	782	153	0	0	88	1912	null_5343_L	0.044	0.569037656903766	0.72907949790795	0.405275642933422
1	5345	null_5344	H	L	716	920	273	0	0	91	1909	null_5344_L	0.0455	0.76794133053955	1.05395495023573	0.464221063084872
1	5346	null_5345	L	H	671	862	354	0	0	113	1887	null_5345_H	0.0565	0.832008479067303	1.20720720720721	0.514969097967321
1	5347	null_5346	H	L	547	925	432	0	0	96	1904	null_5346_L	0.048	0.939600840336134	1.39338235294118	0.510532613780806
1	5348	null_5347	H	L	543	956	405	0	0	96	1904	null_5347_L	0.048	0.927521008403361	1.35294117647059	0.492645955441
1	5349	null_5348	L	H	939	769	182	0	0	110	1890	null_5348_H	0.055	0.5994708994709	0.792063492063492	0.432698132751043
1	5350	null_5349	L	H	484	973	442	0	0	101	1899	null_5349_H	0.0505	0.977883096366509	1.44339125855714	0.487135908397785
1	5351	null_5350	L	H	1118	659	103	0	0	120	1880	null_5350_H	0.06	0.460106382978723	0.56968085106383	0.357982967406066
1	5352	null_5351	H	L	1440	436	34	0	0	90	1910	null_5351_L	0.045	0.263874345549738	0.299476439790576	0.229846769551273
1	5353	null_5352	H	L	1344	515	38	0	0	103	1897	null_5352_L	0.0515	0.311544544016869	0.351607801792304	0.254547798885625
1	5354	null_5353	L	H	1285	553	54	0	0	108	1892	null_5353_H	0.054	0.349365750528541	0.406448202959831	0.28439177531746
1	5355	null_5354	H	L	465	974	453	0	0	108	1892	null_5354_L	0.054	0.993657505285412	1.47251585623679	0.485160618426757
1	5356	null_5355	H	L	1181	635	88	0	0	96	1904	null_5355_L	0.048	0.42594537815126	0.518382352941177	0.336952887772756
1	5357	null_5356	H	L	967	761	184	0	0	88	1912	null_5356_L	0.044	0.590481171548117	0.782949790794979	0.434281776842142
1	5358	null_5357	H	L	1256	572	70	0	0	102	1898	null_5357_L	0.051	0.375131717597471	0.448893572181243	0.308169766633615
1	5359	null_5358	L	H	809	870	207	0	0	114	1886	null_5358_H	0.057	0.680805938494168	0.900318133616119	0.436821407727194
1	5360	null_5359	L	H	1126	675	87	0	0	112	1888	null_5359_H	0.056	0.449682203389831	0.541843220338983	0.33962913629345
1	5361	null_5360	H	L	1612	266	15	0	0	107	1893	null_5360_L	0.0535	0.156365557316429	0.172213417855256	0.147763230340379
1	5362	null_5361	L	H	1249	566	99	0	0	86	1914	null_5361_H	0.043	0.399164054336468	0.502612330198537	0.34328038792421
1	5363	null_5362	H	L	700	895	294	0	0	111	1889	null_5362_L	0.0555	0.78507146638433	1.09634727368978	0.48001006635894
1	5364	null_5363	L	H	580	945	368	0	0	107	1893	null_5363_H	0.0535	0.888008452192288	1.27680929741152	0.488250286246574
1	5365	null_5364	H	L	1577	304	14	0	0	105	1895	null_5364_L	0.0525	0.175197889182058	0.189973614775726	0.159279314401877
1	5366	null_5365	L	H	822	847	240	0	0	91	1909	null_5365_H	0.0455	0.695128339444736	0.946568884232583	0.463365475933387
1	5367	null_5366	L	H	803	859	247	0	0	91	1909	null_5366_H	0.0455	0.708748035620744	0.967522262964903	0.46519848496864
1	5368	null_5367	L	H	1103	708	107	0	0	82	1918	null_5367_H	0.041	0.480709071949948	0.592283628779979	0.361202416924999
1	5369	null_5368	H	L	676	912	308	0	0	104	1896	null_5368_L	0.052	0.805907172995781	1.13080168776371	0.481315316277662
1	5370	null_5369	L	H	1647	228	9	0	0	116	1884	null_5369_H	0.058	0.130573248407643	0.140127388535032	0.123078015335308
1	5371	null_5370	H	L	1288	560	55	0	0	97	1903	null_5370_L	0.0485	0.352075669994745	0.409879138202838	0.285921860800589
1	5372	null_5371	H	L	860	828	188	0	0	124	1876	null_5371_L	0.062	0.641791044776119	0.842217484008529	0.430321738853706
1	5373	null_5372	L	H	602	937	370	0	0	91	1909	null_5372_H	0.0455	0.878470403352541	1.26610790990047	0.494397660334096
1	5374	null_5373	H	L	840	847	211	0	0	102	1898	null_5373_L	0.051	0.668598524762908	0.890937829293994	0.443913841978856
1	5375	null_5374	L	H	1542	338	10	0	0	110	1890	null_5374_H	0.055	0.189417989417989	0.2	0.164120825284846
1	5376	null_5375	H	L	1617	268	9	0	0	106	1894	null_5375_L	0.053	0.151003167898627	0.160506863780359	0.137704907064938
1	5377	null_5376	H	L	1544	334	28	0	0	94	1906	null_5376_L	0.047	0.204616998950682	0.233997901364113	0.19212978510453
1	5378	null_5377	L	H	708	883	313	0	0	96	1904	null_5377_H	0.048	0.792542016806723	1.12132352941176	0.493200681007697
1	5379	null_5378	H	L	520	910	462	0	0	108	1892	null_5378_L	0.054	0.969344608879492	1.45771670190275	0.518087731139012
1	5380	null_5379	L	H	635	913	358	0	0	94	1906	null_5379_H	0.047	0.854669464847849	1.23032528856243	0.499865394419126
1	5381	null_5380	H	L	1634	248	9	0	0	109	1891	null_5380_L	0.0545	0.140666314119514	0.15018508725542	0.130398075327451
1	5382	null_5381	H	L	697	924	276	0	0	103	1897	null_5381_L	0.0515	0.778070637849236	1.06905640484976	0.463662487366647
1	5383	null_5382	H	L	1192	645	82	0	0	81	1919	null_5382_L	0.0405	0.421573736321001	0.507034914017718	0.329310498862069
1	5384	null_5383	L	H	697	916	288	0	0	99	1901	null_5383_H	0.0495	0.784850078905839	1.08784850078906	0.471858854430557
1	5385	null_5384	L	H	865	844	191	0	0	100	1900	null_5384_H	0.05	0.645263157894737	0.846315789473684	0.429951246537396
1	5386	null_5385	H	L	492	947	448	0	0	113	1887	null_5385_L	0.0565	0.976682564917859	1.45151033386328	0.497601501248747
1	5387	null_5386	H	L	1422	444	37	0	0	97	1903	null_5386_L	0.0485	0.272201786652654	0.311087756174461	0.236993943517565
1	5388	null_5387	H	L	723	872	277	0	0	128	1872	null_5387_L	0.064	0.761752136752137	1.05769230769231	0.477425989845862
1	5389	null_5388	H	L	1428	433	28	0	0	111	1889	null_5388_L	0.0555	0.258867125463208	0.28851244044468	0.221500251799095
1	5390	null_5389	L	H	1312	521	58	0	0	109	1891	null_5389_H	0.0545	0.336858804865151	0.398202009518773	0.284728155103595
1	5391	null_5390	L	H	786	871	251	0	0	92	1908	null_5390_H	0.046	0.719601677148847	0.982704402515723	0.46487782876029
1	5392	null_5391	H	L	1124	676	98	0	0	102	1898	null_5391_L	0.051	0.459430979978925	0.562697576396207	0.351620751031811
1	5393	null_5392	L	H	683	906	324	0	0	87	1913	null_5392_H	0.0435	0.812336644014637	1.15107161526398	0.491180792055021
1	5394	null_5393	L	H	1596	310	11	0	0	83	1917	null_5393_H	0.0415	0.173187271778821	0.184663536776213	0.154669705670022
1	5395	null_5394	L	H	471	975	451	0	0	103	1897	null_5394_H	0.0515	0.989457037427517	1.46494464944649	0.485919420531655
1	5396	null_5395	L	H	1696	191	2	0	0	111	1889	null_5395_H	0.0555	0.103229221810482	0.105346744309158	0.0946904720735607
1	5397	null_5396	H	L	449	1024	424	0	0	103	1897	null_5396_L	0.0515	0.986821296784396	1.43384290985767	0.460026638070432
1	5398	null_5397	L	H	1522	352	28	0	0	98	1902	null_5397_H	0.049	0.214511041009464	0.243953732912723	0.19793874619776
1	5399	null_5398	L	H	1235	587	61	0	0	117	1883	null_5398_H	0.0585	0.376526818906001	0.441317047265003	0.29954460190953
1	5400	null_5399	H	L	599	926	386	0	0	89	1911	null_5399_L	0.0445	0.888540031397174	1.29251700680272	0.50301361940743
1	5401	null_5400	L	H	480	956	460	0	0	104	1896	null_5400_H	0.052	0.989451476793249	1.4746835443038	0.495669319375456
1	5402	null_5401	H	L	1193	636	80	0	0	91	1909	null_5401_L	0.0455	0.41697223677318	0.500785751702462	0.326919905462833
1	5403	null_5402	L	H	877	815	207	0	0	101	1899	null_5402_H	0.0505	0.647182727751448	0.865192206424434	0.446346723324629
1	5404	null_5403	H	L	520	980	389	0	0	111	1889	null_5403_L	0.0555	0.930651138168343	1.34250926416093	0.4763977231869
1	5405	null_5404	L	H	523	997	391	0	0	89	1911	null_5404_H	0.0445	0.930926216640502	1.34013605442177	0.473512433593169
1	5406	null_5405	L	H	1159	642	94	0	0	105	1895	null_5405_H	0.0525	0.437994722955145	0.537203166226913	0.345363788890359
1	5407	null_5406	L	H	1252	601	63	0	0	84	1916	null_5406_H	0.042	0.379436325678497	0.445198329853862	0.301226404609464
1	5408	null_5407	H	L	1580	303	13	0	0	104	1896	null_5407_L	0.052	0.173523206751055	0.187236286919831	0.157125983638662
1	5409	null_5408	L	H	1601	281	15	0	0	103	1897	null_5408_H	0.0515	0.163943068002109	0.179757511860833	0.152880182314889
1	5410	null_5409	L	H	1696	210	3	0	0	91	1909	null_5409_H	0.0455	0.113148245154531	0.116291251964379	0.103488726582829
1	5411	null_5410	L	H	487	963	449	0	0	101	1899	null_5410_H	0.0505	0.979989468141127	1.45286993154292	0.492490573875389
1	5412	null_5411	L	H	1001	759	132	0	0	108	1892	null_5411_H	0.054	0.540697674418605	0.680232558139535	0.387878583017848
1	5413	null_5412	L	H	1434	427	36	0	0	103	1897	null_5412_H	0.0515	0.263046916183448	0.301001581444386	0.231807901330764
1	5414	null_5413	H	L	631	907	359	0	0	103	1897	null_5413_L	0.0515	0.856615709014233	1.23510806536637	0.501317592436411
1	5415	null_5414	H	L	1330	520	43	0	0	107	1893	null_5414_L	0.0535	0.320126782884311	0.365557316428949	0.26307615930909
1	5416	null_5415	L	H	944	783	160	0	0	113	1887	null_5415_H	0.0565	0.584525702172761	0.754107048224695	0.412436751724136
1	5417	null_5416	H	L	658	934	301	0	0	107	1893	null_5416_L	0.0535	0.811410459587956	1.12942419440042	0.471037260471685
1	5418	null_5417	H	L	778	889	226	0	0	107	1893	null_5417_L	0.0535	0.708399366085578	0.947173798203909	0.44534413633346
1	5419	null_5418	H	L	845	827	218	0	0	110	1890	null_5418_L	0.055	0.668253968253968	0.898941798941799	0.452378432854623
1	5420	null_5419	H	L	1593	289	5	0	0	113	1887	null_5419_L	0.0565	0.158452570217276	0.163751987281399	0.138644770272938
1	5421	null_5420	H	L	822	862	215	0	0	101	1899	null_5420_L	0.0505	0.680358083201685	0.906793048973144	0.443905927595273
1	5422	null_5421	L	H	1606	299	8	0	0	87	1913	null_5421_H	0.0435	0.16466283324621	0.173026659696811	0.145912811044142
1	5423	null_5422	L	H	664	922	312	0	0	102	1898	null_5422_H	0.051	0.814541622760801	1.14330874604847	0.479830690838673
1	5424	null_5423	L	H	610	905	383	0	0	102	1898	null_5423_H	0.051	0.880400421496312	1.28398314014752	0.50887823797664
1	5425	null_5424	L	H	624	938	333	0	0	105	1895	null_5424_H	0.0525	0.846437994722955	1.19788918205805	0.48143190314743
1	5426	null_5425	H	L	529	995	368	0	0	108	1892	null_5425_L	0.054	0.914904862579281	1.303911205074	0.466860297502783
1	5427	null_5426	L	H	659	944	288	0	0	109	1891	null_5426_H	0.0545	0.803807509254363	1.10840824960338	0.462301737669682
1	5428	null_5427	H	L	511	932	452	0	0	105	1895	null_5427_L	0.0525	0.9688654353562	1.44591029023747	0.507210058409507
1	5429	null_5428	L	H	790	844	271	0	0	95	1905	null_5428_H	0.0475	0.72755905511811	1.01207349081365	0.482731312129291
1	5430	null_5429	L	H	944	780	175	0	0	101	1899	null_5429_H	0.0505	0.595050026329647	0.779357556608741	0.425273022773828
1	5431	null_5430	H	L	1560	306	13	0	0	121	1879	null_5430_L	0.0605	0.176689728579031	0.190526875997871	0.159307615812539
1	5432	null_5431	H	L	1311	517	68	0	0	104	1896	null_5431_L	0.052	0.344409282700422	0.416139240506329	0.29752148649611
1	5433	null_5432	L	H	1095	679	114	0	0	112	1888	null_5432_H	0.056	0.480402542372881	0.601165254237288	0.37037865151896
1	5434	null_5433	H	L	745	898	265	0	0	92	1908	null_5433_L	0.046	0.748427672955975	1.02620545073375	0.466061469087457
1	5435	null_5434	H	L	485	992	434	0	0	89	1911	null_5434_L	0.0445	0.973312401883831	1.42752485609628	0.480187824435414
1	5436	null_5435	L	H	886	834	177	0	0	103	1897	null_5435_H	0.0515	0.626251976805482	0.812862414338429	0.420670875885655
1	5437	null_5436	H	L	1257	573	58	0	0	112	1888	null_5436_L	0.056	0.364936440677966	0.426377118644068	0.293198512909365
1	5438	null_5437	L	H	680	934	281	0	0	105	1895	null_5437_H	0.0525	0.789445910290238	1.08601583113456	0.462790985860583
1	5439	null_5438	L	H	979	761	166	0	0	94	1906	null_5438_H	0.047	0.573452256033578	0.747639034627492	0.418791544677492
1	5440	null_5439	H	L	1069	720	113	0	0	98	1902	null_5439_L	0.049	0.497371188222923	0.616193480546793	0.36881538167251
1	5441	null_5440	L	H	638	923	348	0	0	91	1909	null_5440_H	0.0455	0.848088004190676	1.21267679413305	0.49342353128093
1	5442	null_5441	H	L	1306	545	62	0	0	87	1913	null_5441_L	0.0435	0.349712493465761	0.41453214845792	0.29223332037188
1	5443	null_5442	H	L	662	928	323	0	0	87	1913	null_5442_L	0.0435	0.822791427077888	1.16048092002091	0.483495187548042
1	5444	null_5443	L	H	709	908	301	0	0	82	1918	null_5443_H	0.041	0.787278415015641	1.10114702815433	0.481339725404787
1	5445	null_5444	L	H	1220	585	79	0	0	116	1884	null_5444_H	0.058	0.394373673036093	0.478237791932059	0.32270719794808
1	5446	null_5445	H	L	1572	326	14	0	0	88	1912	null_5445_L	0.044	0.185146443514644	0.19979079497908	0.165511589432958
1	5447	null_5446	H	L	912	790	204	0	0	94	1906	null_5446_L	0.047	0.628541448058762	0.842602308499475	0.44753795657167
1	5448	null_5447	H	L	559	916	428	0	0	97	1903	null_5447_L	0.0485	0.931161324224908	1.38097740409879	0.513915992366507
1	5449	null_5448	L	H	1176	639	101	0	0	84	1916	null_5448_H	0.042	0.438935281837161	0.544363256784969	0.351699075143501
1	5450	null_5449	L	H	933	792	190	0	0	85	1915	null_5449_H	0.0425	0.61201044386423	0.810443864229765	0.435887080830874
1	5451	null_5450	L	H	1380	483	54	0	0	83	1917	null_5450_H	0.0415	0.30829420970266	0.364632237871674	0.269586918135487
1	5452	null_5451	H	L	1527	344	24	0	0	105	1895	null_5451_L	0.0525	0.206860158311346	0.232189973614776	0.189398848518181
1	5453	null_5452	L	H	911	823	175	0	0	91	1909	null_5452_H	0.0455	0.614457831325301	0.797799895233106	0.420241468756114
1	5454	null_5453	L	H	820	836	228	0	0	116	1884	null_5453_H	0.058	0.685774946921444	0.927813163481953	0.457525885656844
1	5455	null_5454	L	H	1297	547	55	0	0	101	1899	null_5454_H	0.0505	0.345971563981043	0.403896787783044	0.284200464699555
1	5456	null_5455	L	H	1662	229	12	0	0	97	1903	null_5455_H	0.0485	0.132947976878613	0.145559642669469	0.127884478113353
1	5457	null_5456	H	L	617	905	375	0	0	103	1897	null_5456_L	0.0515	0.872430152872957	1.26779124934106	0.506656877699133
1	5458	null_5457	H	L	1361	484	48	0	0	107	1893	null_5457_L	0.0535	0.306391970417327	0.357105124141574	0.263229084605362
1	5459	null_5458	H	L	1012	751	131	0	0	106	1894	null_5458_L	0.053	0.534846884899683	0.673178458289335	0.38711726800244
1	5460	null_5459	L	H	589	912	385	0	0	114	1886	null_5459_H	0.057	0.891834570519618	1.30010604453871	0.504737143364794
1	5461	null_5460	L	H	1122	678	104	0	0	96	1904	null_5460_H	0.048	0.465336134453782	0.574579831932773	0.358042113904385
1	5462	null_5461	L	H	589	906	393	0	0	112	1888	null_5461_H	0.056	0.896186440677966	1.3125	0.509349863544958
1	5463	null_5462	H	L	1663	239	11	0	0	87	1913	null_5462_L	0.0435	0.136434918975431	0.147935180345008	0.129320693229175
1	5464	null_5463	H	L	1522	362	15	0	0	101	1899	null_5463_L	0.0505	0.206424433912586	0.222222222222222	0.179611175306091
1	5465	null_5464	L	H	844	852	204	0	0	100	1900	null_5464_H	0.05	0.663157894736842	0.877894736842105	0.438116343490305
1	5466	null_5465	H	L	763	878	255	0	0	104	1896	null_5465_L	0.052	0.732067510548523	1.00105485232068	0.465132012319963
1	5467	null_5466	H	L	625	895	370	0	0	110	1890	null_5466_L	0.055	0.865079365079365	1.25661375661376	0.508251448727639
1	5468	null_5467	L	H	1550	345	13	0	0	92	1908	null_5467_H	0.046	0.194444444444444	0.208071278825996	0.170262636850687
1	5469	null_5468	H	L	1318	542	47	0	0	93	1907	null_5468_L	0.0465	0.333508127949659	0.38280020975354	0.271572538345053
1	5470	null_5469	L	H	638	906	359	0	0	97	1903	null_5469_H	0.0485	0.853389385181293	1.23068838675775	0.502414944017646
1	5471	null_5470	L	H	971	801	129	0	0	99	1901	null_5470_H	0.0495	0.557075223566544	0.692793266701736	0.382460461990021
1	5472	null_5471	H	L	1165	664	82	0	0	89	1911	null_5471_L	0.0445	0.433281004709576	0.519099947671376	0.331367518629237
1	5473	null_5472	L	H	1448	431	33	0	0	88	1912	null_5472_H	0.044	0.259937238493724	0.294456066945607	0.226888698989864
1	5474	null_5473	H	L	1310	544	56	0	0	90	1910	null_5473_L	0.045	0.343455497382199	0.402094240837696	0.284132562155643
1	5475	null_5474	H	L	1309	523	52	0	0	116	1884	null_5474_L	0.058	0.332802547770701	0.388004246284501	0.277246710481832
1	5476	null_5475	L	H	865	837	190	0	0	108	1892	null_5475_H	0.054	0.64323467230444	0.844080338266385	0.430329494611785
1	5477	null_5476	H	L	1284	580	50	0	0	86	1914	null_5476_L	0.043	0.355276907001045	0.407523510971787	0.281301830323558
1	5478	null_5477	H	L	1229	601	70	0	0	100	1900	null_5477_L	0.05	0.39	0.463684210526316	0.311584210526316
1	5479	null_5478	L	H	965	767	163	0	0	105	1895	null_5478_H	0.0525	0.576781002638522	0.748812664907652	0.416136339902953
1	5480	null_5479	H	L	927	801	164	0	0	108	1892	null_5479_L	0.054	0.596723044397463	0.770084566596195	0.414006174881218
1	5481	null_5480	L	H	980	779	149	0	0	92	1908	null_5480_H	0.046	0.564465408805032	0.720649895178197	0.402028697440766
1	5482	null_5481	L	H	641	934	305	0	0	120	1880	null_5481_H	0.06	0.821276595744681	1.14574468085106	0.471249434133092
1	5483	null_5482	L	H	604	893	401	0	0	102	1898	null_5482_H	0.051	0.89304531085353	1.31559536354057	0.518065436303091
1	5484	null_5483	H	L	1232	587	79	0	0	102	1898	null_5483_L	0.051	0.392518440463646	0.475763962065332	0.321693235961319
1	5485	null_5484	L	H	1389	469	34	0	0	108	1892	null_5484_H	0.054	0.283826638477801	0.319767441860465	0.239209881150857
1	5486	null_5485	L	H	576	922	395	0	0	107	1893	null_5485_H	0.0535	0.904384574749075	1.32171156893819	0.503800109894127
1	5487	null_5486	H	L	1451	400	33	0	0	116	1884	null_5486_L	0.058	0.247346072186837	0.282377919320594	0.221197839894339
1	5488	null_5487	L	H	1545	326	22	0	0	107	1893	null_5487_H	0.0535	0.195456946645536	0.218700475435816	0.18049705744382
1	5489	null_5488	L	H	1066	683	151	0	0	100	1900	null_5488_H	0.05	0.518421052631579	0.677368421052632	0.408608033240997
1	5490	null_5489	L	H	535	931	439	0	0	95	1905	null_5489_H	0.0475	0.949606299212599	1.41049868766404	0.508746564159795
1	5491	null_5490	L	H	593	956	354	0	0	97	1903	null_5490_H	0.0485	0.874408828166054	1.24645296899632	0.481862170221591
1	5492	null_5491	H	L	744	901	264	0	0	91	1909	null_5491_L	0.0455	0.748559455212153	1.02514405447878	0.46480279649127
1	5493	null_5492	H	L	1258	608	53	0	0	81	1919	null_5492_L	0.0405	0.372068785825951	0.427305888483585	0.288870707097588
1	5494	null_5493	L	H	1259	570	71	0	0	100	1900	null_5493_H	0.05	0.374736842105263	0.449473684210526	0.309045983379501
1	5495	null_5494	L	H	1497	368	33	0	0	102	1898	null_5494_H	0.051	0.228661749209694	0.263435194942044	0.211148999390407
1	5496	null_5495	L	H	589	905	403	0	0	103	1897	null_5495_H	0.0515	0.901950448075909	1.32683183974697	0.513317228962635
1	5497	null_5496	L	H	1574	316	9	0	0	101	1899	null_5496_H	0.0505	0.175882043180621	0.185360716166403	0.154426223053013
1	5498	null_5497	L	H	1159	625	95	0	0	121	1879	null_5497_H	0.0605	0.433741351782863	0.534858967535923	0.346727407289498
1	5499	null_5498	L	H	790	838	274	0	0	98	1902	null_5498_H	0.049	0.728706624605678	1.01682439537329	0.48581105062909
1	5500	null_5499	L	H	1499	372	28	0	0	101	1899	null_5499_H	0.0505	0.22538177988415	0.254870984728805	0.204074038025057
1	5501	null_5500	H	L	775	882	241	0	0	102	1898	null_5500_L	0.051	0.718651211801897	0.972602739726027	0.456143175501693
1	5502	null_5501	L	H	975	787	138	0	0	100	1900	null_5501_H	0.05	0.559473684210526	0.704736842105263	0.391726038781163
1	5503	null_5502	H	L	1491	384	27	0	0	98	1902	null_5502_L	0.049	0.230283911671924	0.258675078864353	0.205644398889431
1	5504	null_5503	L	H	628	935	347	0	0	90	1910	null_5503_H	0.045	0.852879581151833	1.21623036649215	0.488826786546421
1	5505	null_5504	H	L	1210	607	94	0	0	89	1911	null_5504_L	0.0445	0.416012558869702	0.514390371533229	0.341323922395912
1	5506	null_5505	L	H	1265	569	64	0	0	102	1898	null_5505_H	0.051	0.36722866174921	0.434668071654373	0.299811181644258
1	5507	null_5506	L	H	509	944	449	0	0	98	1902	null_5506_H	0.049	0.968454258675079	1.44058885383807	0.502685202692169
1	5508	null_5507	L	H	848	841	208	0	0	103	1897	null_5507_H	0.0515	0.662625197680548	0.881918819188192	0.442846666587006
1	5509	null_5508	L	H	680	900	316	0	0	104	1896	null_5508_H	0.052	0.808016877637131	1.14135021097046	0.488458936424006
1	5510	null_5509	L	H	987	762	150	0	0	101	1899	null_5509_H	0.0505	0.559241706161138	0.717219589257504	0.404468303347484
1	5511	null_5510	H	L	659	907	323	0	0	111	1889	null_5510_L	0.0555	0.82212811011117	1.16410799364743	0.488213364212469
1	5512	null_5511	L	H	1701	213	7	0	0	79	1921	null_5511_H	0.0395	0.118167621030713	0.125455491931286	0.111491905271228
1	5513	null_5512	L	H	727	914	260	0	0	99	1901	null_5512_H	0.0495	0.754339821146765	1.02788006312467	0.458851497356938
1	5514	null_5513	H	L	951	754	198	0	0	97	1903	null_5513_L	0.0485	0.604308985811876	0.812401471361009	0.447212121028031
1	5515	null_5514	L	H	816	847	215	0	0	122	1878	null_5514_H	0.061	0.679978700745474	0.908945686900958	0.446574653433456
1	5516	null_5515	L	H	1257	574	51	0	0	118	1882	null_5515_H	0.059	0.359192348565356	0.413390010626993	0.284370867359096
1	5517	null_5516	H	L	714	916	256	0	0	114	1886	null_5516_L	0.057	0.757158006362672	1.02863202545069	0.455343778851593
1	5518	null_5517	L	H	807	868	221	0	0	104	1896	null_5517_H	0.052	0.690928270042194	0.924050632911392	0.446668758567893
1	5519	null_5518	H	L	851	842	202	0	0	105	1895	null_5518_L	0.0525	0.657519788918206	0.870712401055409	0.438380128236367
1	5520	null_5519	L	H	1710	192	8	0	0	90	1910	null_5519_H	0.045	0.108900523560209	0.117277486910995	0.105418162879307
1	5521	null_5520	L	H	576	928	388	0	0	108	1892	null_5520_H	0.054	0.900634249471459	1.3107822410148	0.499640189693781
1	5522	null_5521	H	L	1251	587	70	0	0	92	1908	null_5521_L	0.046	0.381027253668763	0.454402515723271	0.309220747684911
1	5523	null_5522	H	L	869	843	187	0	0	101	1899	null_5522_L	0.0505	0.640863612427594	0.837809373354397	0.427103203620652
1	5524	null_5523	H	L	538	955	411	0	0	96	1904	null_5523_L	0.048	0.933298319327731	1.36502100840336	0.493975255543394
1	5525	null_5524	L	H	1087	704	107	0	0	102	1898	null_5524_H	0.051	0.483667017913593	0.596417281348788	0.36248349713136
1	5526	null_5525	L	H	736	895	283	0	0	86	1914	null_5525_H	0.043	0.763322884012539	1.05903866248694	0.476376837229718
1	5527	null_5526	L	H	1591	301	14	0	0	94	1906	null_5526_H	0.047	0.172612801678909	0.187303252885624	0.157508073582182
1	5528	null_5527	L	H	1077	712	109	0	0	102	1898	null_5527_H	0.051	0.489989462592202	0.604847207586934	0.364757534135538
1	5529	null_5528	L	H	1175	641	81	0	0	103	1897	null_5528_H	0.0515	0.423299947285187	0.508697944122298	0.329515098750656
1	5530	null_5529	L	H	714	910	277	0	0	99	1901	null_5529_H	0.0495	0.770120988953183	1.06154655444503	0.468460216818801
1	5531	null_5530	H	L	1595	295	8	0	0	102	1898	null_5530_L	0.051	0.163856691253952	0.172286617492097	0.145437602223404
1	5532	null_5531	H	L	776	903	237	0	0	84	1916	null_5531_L	0.042	0.718684759916493	0.966075156576201	0.449567372439974
1	5533	null_5532	H	L	567	944	399	0	0	90	1910	null_5532_L	0.045	0.912041884816754	1.32984293193717	0.498022532277076
1	5534	null_5533	H	L	805	855	239	0	0	101	1899	null_5533_L	0.0505	0.701948393891522	0.953659820958399	0.460928273271512
1	5535	null_5534	L	H	815	878	208	0	0	99	1901	null_5534_H	0.0495	0.680694371383483	0.899526564965808	0.436181737732653
1	5536	null_5535	L	H	1360	504	49	0	0	87	1913	null_5535_H	0.0435	0.314688970203868	0.3659174072138	0.266888259245829
1	5537	null_5536	H	L	745	896	260	0	0	99	1901	null_5536_L	0.0495	0.744871120462914	1.01841136244082	0.463578376341143
1	5538	null_5537	H	L	1580	311	17	0	0	92	1908	null_5537_L	0.046	0.180817610062893	0.198637316561845	0.165942308452988
1	5539	null_5538	H	L	1000	754	131	0	0	115	1885	null_5538_L	0.0575	0.538992042440318	0.677984084880637	0.387471663066651
1	5540	null_5539	L	H	889	819	179	0	0	113	1887	null_5539_H	0.0565	0.623741388447271	0.813460519342872	0.424407199680743
1	5541	null_5540	L	H	783	869	253	0	0	95	1905	null_5540_H	0.0475	0.721784776902887	0.98740157480315	0.466428310634399
1	5542	null_5541	L	H	779	903	235	0	0	83	1917	null_5541_H	0.0415	0.71622326551904	0.961398017736046	0.448422251665289
1	5543	null_5542	L	H	834	837	229	0	0	100	1900	null_5542_H	0.05	0.681578947368421	0.922631578947368	0.458081717451524
1	5544	null_5543	L	H	492	969	426	0	0	113	1887	null_5543_H	0.0565	0.965023847376789	1.41653418124006	0.485263155234164
1	5545	null_5544	L	H	586	915	409	0	0	90	1910	null_5544_H	0.045	0.907329842931937	1.33560209424084	0.512354650365944
1	5546	null_5545	L	H	1055	750	96	0	0	99	1901	null_5545_H	0.0495	0.495528669121515	0.596528143082588	0.350979481161248
1	5547	null_5546	L	H	693	894	329	0	0	84	1916	null_5546_H	0.042	0.810020876826722	1.15344467640919	0.497310855514054
1	5548	null_5547	H	L	929	803	164	0	0	104	1896	null_5547_L	0.052	0.596518987341772	0.769514767932489	0.413679865673236
1	5549	null_5548	H	L	1392	472	39	0	0	97	1903	null_5548_L	0.0485	0.289017341040462	0.330005254860746	0.246474231438647
1	5550	null_5549	L	H	861	861	184	0	0	94	1906	null_5549_H	0.047	0.644805876180483	0.83788037775446	0.42210575979758
1	5551	null_5550	H	L	1697	187	9	0	0	107	1893	null_5550_L	0.0535	0.108293713681986	0.117802430005283	0.106074901582247
1	5552	null_5551	L	H	745	876	289	0	0	90	1910	null_5551_H	0.045	0.761256544502618	1.06387434554974	0.484362819001672
1	5553	null_5552	H	L	1184	619	101	0	0	96	1904	null_5552_L	0.048	0.431197478991597	0.537289915966387	0.351358650077678
1	5554	null_5553	L	H	625	925	369	0	0	81	1919	null_5553_H	0.0405	0.866597186034393	1.25117248566962	0.500181802826891
1	5555	null_5554	L	H	1328	519	48	0	0	105	1895	null_5554_H	0.0525	0.324538258575198	0.375197889182058	0.269872807903036
1	5556	null_5555	L	H	910	805	177	0	0	108	1892	null_5555_H	0.054	0.612579281183932	0.799682875264271	0.424429499528447
1	5557	null_5556	L	H	1254	587	62	0	0	97	1903	null_5556_H	0.0485	0.373620599054125	0.438780872306884	0.299188520269321
1	5558	null_5557	H	L	914	783	185	0	0	118	1882	null_5557_L	0.059	0.612646121147715	0.809245483528162	0.433910213770821
1	5559	null_5558	H	L	793	854	263	0	0	90	1910	null_5558_L	0.045	0.722513089005236	0.997905759162304	0.475880595378416
1	5560	null_5559	L	H	595	945	352	0	0	108	1892	null_5559_H	0.054	0.871564482029598	1.24365750528541	0.48403285894989
1	5561	null_5560	H	L	783	862	263	0	0	92	1908	null_5560_L	0.046	0.727463312368973	1.00314465408805	0.473941783245213
1	5562	null_5561	H	L	703	895	307	0	0	95	1905	null_5561_L	0.0475	0.792125984251968	1.11443569553806	0.486972120610908
1	5563	null_5562	H	L	583	921	406	0	0	90	1910	null_5562_L	0.045	0.907329842931937	1.33246073298429	0.509213289109399
1	5564	null_5563	H	L	662	923	334	0	0	81	1919	null_5563_L	0.0405	0.829077644606566	1.17717561229807	0.489805871511701
1	5565	null_5564	L	H	822	859	227	0	0	92	1908	null_5564_H	0.046	0.688155136268344	0.926100628930818	0.452543137358315
1	5566	null_5565	L	H	1188	633	88	0	0	91	1909	null_5565_H	0.0455	0.423782084861184	0.515976951283395	0.336385695834103
1	5567	null_5566	L	H	1053	715	133	0	0	99	1901	null_5566_H	0.0495	0.516044187269858	0.655970541820095	0.389668938605086
1	5568	null_5567	H	L	617	930	343	0	0	110	1890	null_5567_L	0.055	0.855026455026455	1.21798941798942	0.486919179194311
1	5569	null_5568	H	L	614	942	347	0	0	97	1903	null_5568_L	0.0485	0.859695218076721	1.22438255386232	0.485306685878342
1	5570	null_5569	H	L	1600	273	19	0	0	108	1892	null_5569_L	0.054	0.164376321353066	0.18446088794926	0.157441312927694
1	5571	null_5570	L	H	679	916	295	0	0	110	1890	null_5570_H	0.055	0.796825396825397	1.10899470899471	0.474063995968758
1	5572	null_5571	H	L	560	951	397	0	0	92	1908	null_5571_L	0.046	0.914570230607966	1.33071278825996	0.494274081545649
1	5573	null_5572	L	H	621	924	363	0	0	92	1908	null_5572_H	0.046	0.864779874213837	1.24528301886792	0.497438788022626
1	5574	null_5573	H	L	1703	197	7	0	0	93	1907	null_5573_L	0.0465	0.110644992134242	0.117986366019927	0.10574405173554
1	5575	null_5574	H	L	543	933	435	0	0	89	1911	null_5574_L	0.0445	0.943485086342229	1.39874411302983	0.508580004879624
1	5576	null_5575	H	L	1612	272	11	0	0	105	1895	null_5575_L	0.0525	0.155145118733509	0.166754617414248	0.142684609547413
1	5577	null_5576	H	L	1649	230	12	0	0	109	1891	null_5576_L	0.0545	0.134320465362242	0.147012162876785	0.128970175461655
1	5578	null_5577	L	H	709	907	314	0	0	70	1930	null_5577_H	0.035	0.795336787564767	1.12072538860104	0.488164782947193
1	5579	null_5578	H	L	1284	548	63	0	0	105	1895	null_5578_L	0.0525	0.355672823218997	0.422163588390501	0.295660431213929
1	5580	null_5579	H	L	473	980	461	0	0	86	1914	null_5579_L	0.043	0.993730407523511	1.47544409613375	0.487943973296908
1	5581	null_5580	H	L	669	929	296	0	0	106	1894	null_5580_L	0.053	0.803062302006336	1.1156282998944	0.470719238990688
1	5582	null_5581	H	L	1344	489	55	0	0	112	1888	null_5581_L	0.056	0.317266949152542	0.375529661016949	0.274871343992387
1	5583	null_5582	L	H	1222	603	78	0	0	97	1903	null_5582_H	0.0485	0.398843930635838	0.480819758276406	0.32174327727136
1	5584	null_5583	H	L	1289	553	68	0	0	90	1910	null_5583_L	0.045	0.360732984293194	0.431937172774869	0.301808886817796
1	5585	null_5584	L	H	1391	464	35	0	0	110	1890	null_5584_H	0.055	0.282539682539683	0.31957671957672	0.239748047367095
1	5586	null_5585	H	L	1189	619	89	0	0	103	1897	null_5585_L	0.0515	0.420137058513442	0.51396942540854	0.337454277472212
1	5587	null_5586	L	H	832	850	211	0	0	107	1893	null_5586_H	0.0535	0.671949286846276	0.894875858425779	0.443360014332561
1	5588	null_5587	H	L	636	903	353	0	0	108	1892	null_5587_L	0.054	0.850422832980973	1.22357293868922	0.500353943833835
1	5589	null_5588	L	H	1193	623	76	0	0	108	1892	null_5588_H	0.054	0.409619450317125	0.489957716701903	0.322169622623799
1	5590	null_5589	L	H	1280	565	56	0	0	99	1901	null_5589_H	0.0495	0.356128353498159	0.415044713308785	0.288217309143475
1	5591	null_5590	L	H	779	891	249	0	0	81	1919	null_5590_H	0.0405	0.723814486711829	0.983324648254299	0.45941723708039
1	5592	null_5591	L	H	1212	619	79	0	0	90	1910	null_5591_H	0.045	0.406806282722513	0.489528795811518	0.324037444149009
1	5593	null_5592	L	H	935	779	196	0	0	90	1910	null_5592_H	0.045	0.613089005235602	0.818324607329843	0.442446478989063
1	5594	null_5593	L	H	1698	212	1	0	0	89	1911	null_5593_H	0.0445	0.111983254840398	0.113029827315542	0.100489577950892
1	5595	null_5594	H	L	1478	393	22	0	0	107	1893	null_5594_L	0.0535	0.230850501848917	0.254094030639197	0.2008020764353
1	5596	null_5595	L	H	517	929	461	0	0	93	1907	null_5595_H	0.0465	0.970634504457263	1.45411641321447	0.511985071971477
1	5597	null_5596	L	H	1008	741	157	0	0	94	1906	null_5596_H	0.047	0.553515215110178	0.718258132214061	0.411879038855594
1	5598	null_5597	H	L	1143	661	112	0	0	84	1916	null_5597_L	0.042	0.461899791231733	0.578810020876827	0.365458603736908
1	5599	null_5598	L	H	680	869	343	0	0	108	1892	null_5598_H	0.054	0.821881606765328	1.18446088794926	0.508971512410103
1	5600	null_5599	H	L	1229	601	66	0	0	104	1896	null_5599_L	0.052	0.386603375527426	0.456223628691983	0.306761458722783
1	5601	null_5600	H	L	1167	625	98	0	0	110	1890	null_5600_L	0.055	0.434391534391534	0.538095238095238	0.349399232944207
1	5602	null_5601	L	H	529	925	446	0	0	100	1900	null_5601_H	0.05	0.956315789473684	1.42578947368421	0.511249584487535
1	5603	null_5602	L	H	537	955	418	0	0	90	1910	null_5602_H	0.045	0.937696335078534	1.37539267015707	0.496118253337354
1	5604	null_5603	L	H	512	964	413	0	0	111	1889	null_5603_H	0.0555	0.947591318157756	1.38485971413446	0.48693040788651
1	5605	null_5604	L	H	990	782	146	0	0	82	1918	null_5604_H	0.041	0.559958289885297	0.712200208550574	0.398646922139307
1	5606	null_5605	L	H	1448	423	39	0	0	90	1910	null_5605_H	0.045	0.262303664921466	0.303141361256545	0.234338148625312
1	5607	null_5606	H	L	744	888	264	0	0	104	1896	null_5606_L	0.052	0.746835443037975	1.0253164556962	0.467553276718475
1	5608	null_5607	L	H	1606	283	13	0	0	98	1902	null_5607_H	0.049	0.162460567823344	0.176130389064143	0.14973695296666
1	5609	null_5608	L	H	784	873	237	0	0	106	1894	null_5608_H	0.053	0.711193241816262	0.961457233368532	0.455661406163408
1	5610	null_5609	H	L	1456	409	29	0	0	106	1894	null_5609_L	0.053	0.246568109820486	0.277191129883844	0.216395297103397
1	5611	null_5610	L	H	957	791	168	0	0	84	1916	null_5610_H	0.042	0.588204592901879	0.76356993736952	0.417585294258655
1	5612	null_5611	H	L	1092	684	132	0	0	92	1908	null_5611_L	0.046	0.49685534591195	0.635220125786164	0.38835489102488
1	5613	null_5612	H	L	639	965	287	0	0	109	1891	null_5612_L	0.0545	0.813855103120042	1.11739820200952	0.455038073134984
1	5614	null_5613	L	H	1154	658	89	0	0	99	1901	null_5613_H	0.0495	0.439768542872173	0.533403471856917	0.340007100557004
1	5615	null_5614	H	L	1510	358	18	0	0	114	1886	null_5614_L	0.057	0.208907741251326	0.227995758218452	0.184353313863721
1	5616	null_5615	L	H	1030	755	109	0	0	106	1894	null_5615_H	0.053	0.513727560718057	0.62882787750792	0.364911870866595
1	5617	null_5616	H	L	609	915	376	0	0	100	1900	null_5616_L	0.05	0.877368421052632	1.27315789473684	0.503382548476454
1	5618	null_5617	H	L	1435	453	26	0	0	86	1914	null_5617_L	0.043	0.263845350052247	0.291013584117032	0.22139921537284
1	5619	null_5618	H	L	530	947	426	0	0	97	1903	null_5618_L	0.0485	0.945349448239622	1.39306358381503	0.499378004528072
1	5620	null_5619	H	L	1056	727	110	0	0	107	1893	null_5619_L	0.0535	0.500264131008981	0.61648177496038	0.36621757418621
1	5621	null_5620	H	L	823	860	221	0	0	96	1904	null_5620_L	0.048	0.683823529411765	0.915966386554622	0.448351767177459
1	5622	null_5621	L	H	1059	742	98	0	0	101	1899	null_5621_H	0.0505	0.493944181147973	0.597156398104265	0.353175544014324
1	5623	null_5622	L	H	1171	643	78	0	0	108	1892	null_5622_H	0.054	0.4223044397463	0.504756871035941	0.326415831206504
1	5624	null_5623	L	H	916	801	190	0	0	93	1907	null_5623_H	0.0465	0.61929732564237	0.818563188253802	0.43503401070601
1	5625	null_5624	H	L	1002	759	123	0	0	116	1884	null_5624_L	0.058	0.53343949044586	0.664012738853503	0.379455048886365
1	5626	null_5625	H	L	936	782	177	0	0	105	1895	null_5625_L	0.0525	0.599472295514512	0.786279683377309	0.426912650287871
1	5627	null_5626	H	L	1383	461	34	0	0	122	1878	null_5626_L	0.061	0.281682641107561	0.317891373801917	0.238546263500586
1	5628	null_5627	H	L	872	793	230	0	0	105	1895	null_5627_L	0.0525	0.661213720316623	0.903957783641161	0.466754199706212
1	5629	null_5628	L	H	691	894	306	0	0	109	1891	null_5628_H	0.0545	0.796404019037546	1.12004230565838	0.485782944119225
1	5630	null_5629	L	H	1345	512	45	0	0	98	1902	null_5629_H	0.049	0.316508937960042	0.363827549947424	0.26364964213883
1	5631	null_5630	L	H	1228	615	61	0	0	96	1904	null_5630_H	0.048	0.387079831932773	0.451155462184874	0.30132466589577
1	5632	null_5631	H	L	995	769	131	0	0	105	1895	null_5631_L	0.0525	0.544063324538259	0.682321899736148	0.386316998628525
1	5633	null_5632	L	H	710	911	288	0	0	91	1909	null_5632_H	0.0455	0.778941854374018	1.08067050811943	0.473920095623801
1	5634	null_5633	L	H	1338	507	42	0	0	113	1887	null_5633_H	0.0565	0.313195548489666	0.357710651828299	0.259619200234556
1	5635	null_5634	H	L	1575	307	21	0	0	97	1903	null_5634_L	0.0485	0.183394640042039	0.205465055176038	0.171831461179889
1	5636	null_5635	L	H	1273	581	56	0	0	90	1910	null_5635_H	0.045	0.36282722513089	0.421465968586387	0.289822373290206
1	5637	null_5636	L	H	677	919	318	0	0	86	1914	null_5636_H	0.043	0.812434691745037	1.14472309299896	0.484672964648103
1	5638	null_5637	L	H	1576	329	8	0	0	87	1913	null_5637_H	0.0435	0.180345007841087	0.188708834291688	0.156184512438487
1	5639	null_5638	L	H	618	919	340	0	0	123	1877	null_5638_H	0.0615	0.851891315929675	1.2141715503463	0.488452736189904
1	5640	null_5639	H	L	628	932	335	0	0	105	1895	null_5639_L	0.0525	0.845382585751979	1.19894459102902	0.484272874736322
1	5641	null_5640	H	L	1394	463	46	0	0	97	1903	null_5640_L	0.0485	0.291644771413558	0.339989490278508	0.254932817585641
1	5642	null_5641	H	L	814	873	222	0	0	91	1909	null_5641_L	0.0455	0.689889994761655	0.922472498690414	0.446524293818177
1	5643	null_5642	L	H	1582	296	20	0	0	102	1898	null_5642_H	0.051	0.177028451001054	0.198103266596417	0.166764194132585
1	5644	null_5643	L	H	1028	762	124	0	0	86	1914	null_5643_H	0.043	0.527690700104493	0.657262277951933	0.378804802975163
1	5645	null_5644	H	L	998	775	136	0	0	91	1909	null_5644_L	0.0455	0.548454688318491	0.690937663698271	0.390135118559738
1	5646	null_5645	L	H	1704	195	2	0	0	99	1901	null_5645_H	0.0495	0.104681746449237	0.10678590215676	0.0958276341170972
1	5647	null_5646	L	H	1289	542	68	0	0	101	1899	null_5646_H	0.0505	0.357030015797788	0.428646656134808	0.301176223954239
1	5648	null_5647	H	L	852	867	205	0	0	76	1924	null_5647_L	0.038	0.663721413721414	0.876819126819127	0.436293011786775
1	5649	null_5648	L	H	1044	732	123	0	0	101	1899	null_5648_H	0.0505	0.515007898894155	0.644549763033175	0.379316627109803
1	5650	null_5649	L	H	1159	649	71	0	0	121	1879	null_5649_H	0.0605	0.420968600319319	0.49654071314529	0.319326150690484
1	5651	null_5650	L	H	625	902	370	0	0	103	1897	null_5650_H	0.0515	0.865577227200843	1.25566684238271	0.506442906134009
1	5652	null_5651	L	H	666	911	317	0	0	106	1894	null_5651_H	0.053	0.815733896515311	1.15047518479409	0.485053394870034
1	5653	null_5652	L	H	1517	370	16	0	0	97	1903	null_5652_H	0.0485	0.211245401996847	0.228060956384656	0.183436336519846
1	5654	null_5653	H	L	1094	699	101	0	0	106	1894	null_5653_L	0.053	0.47571277719113	0.582365364308342	0.356062717925445
1	5655	null_5654	H	L	973	751	182	0	0	94	1906	null_5654_L	0.047	0.584994753410283	0.775970619097587	0.433751757580028
1	5656	null_5655	L	H	635	967	301	0	0	97	1903	null_5655_H	0.0485	0.824487651077246	1.1408302679979	0.461050381219023
1	5657	null_5656	L	H	500	1000	393	0	0	107	1893	null_5656_H	0.0535	0.943475964078183	1.35868991019546	0.468543015402201
1	5658	null_5657	H	L	635	971	298	0	0	96	1904	null_5657_L	0.048	0.823004201680672	1.13602941176471	0.458693495780665
1	5659	null_5658	H	L	526	961	417	0	0	96	1904	null_5658_L	0.048	0.942752100840336	1.38077731092437	0.491995787285502
1	5660	null_5659	H	L	1391	478	34	0	0	97	1903	null_5659_L	0.0485	0.286915396741986	0.32264844981608	0.240328004928468
1	5661	null_5660	H	L	1098	681	120	0	0	101	1899	null_5660_L	0.0505	0.484992101105845	0.611374407582938	0.376157069447876
1	5662	null_5661	L	H	599	924	376	0	0	101	1899	null_5661_H	0.0505	0.882569773565034	1.27856766719326	0.499638261982624
1	5663	null_5662	H	L	504	945	458	0	0	93	1907	null_5662_L	0.0465	0.975878342947037	1.45621394861038	0.503875408377328
1	5664	null_5663	L	H	1672	234	7	0	0	87	1913	null_5663_H	0.0435	0.129639309984318	0.136957658128594	0.120151307435384
1	5665	null_5664	L	H	744	865	285	0	0	106	1894	null_5664_H	0.053	0.75765575501584	1.05860612460401	0.484563881495391
1	5666	null_5665	L	H	1310	527	67	0	0	96	1904	null_5665_H	0.048	0.347163865546218	0.417542016806723	0.29701926726573
1	5667	null_5666	H	L	713	940	252	0	0	95	1905	null_5666_L	0.0475	0.758005249343832	1.02257217847769	0.448000220444885
1	5668	null_5667	L	H	1134	683	90	0	0	93	1907	null_5667_H	0.0465	0.452543261667541	0.546932354483482	0.342136950802786
1	5669	null_5668	H	L	1076	717	113	0	0	94	1906	null_5668_L	0.047	0.494753410283316	0.613326337880378	0.368545400893407
1	5670	null_5669	L	H	709	910	296	0	0	85	1915	null_5669_H	0.0425	0.784334203655352	1.0934725848564	0.478292441832721
1	5671	null_5670	L	H	1353	498	51	0	0	98	1902	null_5670_H	0.049	0.315457413249211	0.369085173501577	0.269571793927694
1	5672	null_5671	H	L	1002	733	157	0	0	108	1892	null_5671_L	0.054	0.55338266384778	0.719344608879493	0.413112236232227
1	5673	null_5672	H	L	974	783	149	0	0	94	1906	null_5672_L	0.047	0.567156348373557	0.723504721930745	0.401838398430317
1	5674	null_5673	L	H	917	819	162	0	0	102	1898	null_5673_H	0.051	0.602212855637513	0.772918861959958	0.41025853846487
1	5675	null_5674	L	H	504	929	454	0	0	113	1887	null_5674_H	0.0565	0.973502914679385	1.45468998410175	0.50698205921249
1	5676	null_5675	L	H	1192	646	77	0	0	85	1915	null_5675_H	0.0425	0.417754569190601	0.498172323759791	0.323653443680167
1	5677	null_5676	H	L	665	913	316	0	0	106	1894	null_5676_L	0.053	0.815733896515311	1.14941921858501	0.483997428660952
1	5678	null_5677	L	H	513	928	460	0	0	99	1901	null_5677_H	0.0495	0.972119936875329	1.45607574960547	0.511058577934978
1	5679	null_5678	H	L	508	969	439	0	0	84	1916	null_5678_L	0.042	0.963987473903967	1.42223382045929	0.49296197061554
1	5680	null_5679	L	H	513	913	465	0	0	109	1891	null_5679_H	0.0545	0.974616604970915	1.46641988365944	0.516542356974407
1	5681	null_5680	H	L	609	947	351	0	0	93	1907	null_5680_L	0.0465	0.864708966963818	1.23282642894599	0.485104831398356
1	5682	null_5681	L	H	699	940	266	0	0	95	1905	null_5681_H	0.0475	0.772703412073491	1.05196850393701	0.454897940906993
1	5683	null_5682	H	L	1664	219	7	0	0	110	1890	null_5682_L	0.055	0.123280423280423	0.130687830687831	0.11548976792363
1	5684	null_5683	H	L	759	900	233	0	0	108	1892	null_5683_L	0.054	0.721987315010571	0.968287526427061	0.447021843390888
1	5685	null_5684	L	H	632	927	335	0	0	106	1894	null_5684_H	0.053	0.843189017951426	1.19693769799366	0.485969977999775
1	5686	null_5685	L	H	1077	720	99	0	0	104	1896	null_5685_H	0.052	0.484177215189873	0.588607594936709	0.354180019227688
1	5687	null_5686	L	H	646	910	346	0	0	98	1902	null_5686_H	0.049	0.842271293375394	1.20609884332282	0.496677911678559
1	5688	null_5687	H	L	764	866	270	0	0	100	1900	null_5687_L	0.05	0.74	1.02421052631579	0.47661052631579
1	5689	null_5688	H	L	718	902	300	0	0	80	1920	null_5688_L	0.04	0.782291666666667	1.09479166666667	0.482811414930556
1	5690	null_5689	H	L	652	926	325	0	0	97	1903	null_5689_L	0.0485	0.82816605359958	1.16973200210194	0.483872989767243
1	5691	null_5690	H	L	1667	227	14	0	0	92	1908	null_5690_L	0.046	0.133647798742138	0.14832285115304	0.130461117044421
1	5692	null_5691	L	H	827	859	206	0	0	108	1892	null_5691_H	0.054	0.671775898520085	0.88953488372093	0.438252025888463
1	5693	null_5692	H	L	1074	709	126	0	0	91	1909	null_5692_L	0.0455	0.503404924044002	0.635411210057622	0.381994692505874
1	5694	null_5693	H	L	696	953	267	0	0	84	1916	null_5693_L	0.042	0.776096033402923	1.05480167014614	0.452476617082387
1	5695	null_5694	L	H	1497	381	17	0	0	105	1895	null_5694_H	0.0525	0.218997361477573	0.236939313984169	0.18897946965003
1	5696	null_5695	H	L	1527	364	18	0	0	91	1909	null_5695_L	0.0455	0.209533787323206	0.228391828182294	0.184487420152288
1	5697	null_5696	L	H	688	920	283	0	0	109	1891	null_5696_H	0.0545	0.785827604442094	1.08514013749339	0.46761511359019
1	5698	null_5697	L	H	794	879	239	0	0	88	1912	null_5697_H	0.044	0.709728033472803	0.959728033472803	0.456014151975631
1	5699	null_5698	H	L	1304	545	49	0	0	102	1898	null_5698_L	0.051	0.338777660695469	0.39041095890411	0.275640655517815
1	5700	null_5699	H	L	914	799	166	0	0	121	1879	null_5699_L	0.0605	0.601915912719532	0.778605641298563	0.416302875313576
1	5701	null_5700	L	H	793	866	230	0	0	111	1889	null_5700_H	0.0555	0.701958708311276	0.945473795659079	0.452727767485044
1	5702	null_5701	H	L	1029	745	126	0	0	100	1900	null_5701_L	0.05	0.524736842105263	0.657368421052632	0.382019667590028
1	5703	null_5702	H	L	541	909	448	0	0	102	1898	null_5702_L	0.051	0.95100105374078	1.42307692307692	0.51867391886085
1	5704	null_5703	L	H	1233	587	74	0	0	106	1894	null_5703_H	0.053	0.388067581837381	0.466209081309398	0.315612633236286
1	5705	null_5704	L	H	1404	468	38	0	0	90	1910	null_5704_H	0.045	0.284816753926702	0.324607329842932	0.243486746525589
1	5706	null_5705	H	L	542	954	405	0	0	99	1901	null_5705_L	0.0495	0.927932667017359	1.35402419779064	0.492965163272687
1	5707	null_5706	H	L	967	782	162	0	0	89	1911	null_5706_L	0.0445	0.578754578754579	0.748299319727891	0.413342457298501
1	5708	null_5707	L	H	1497	393	25	0	0	85	1915	null_5707_H	0.0425	0.231331592689295	0.257441253263708	0.203926947487542
1	5709	null_5708	L	H	686	914	300	0	0	100	1900	null_5708_H	0.05	0.796842105263158	1.11263157894737	0.477674238227147
1	5710	null_5709	L	H	1572	291	26	0	0	111	1889	null_5709_H	0.0555	0.181577554261514	0.209105346744309	0.176134938532716
1	5711	null_5710	H	L	564	935	398	0	0	103	1897	null_5710_L	0.0515	0.912493410648392	1.33210332103321	0.499459096556475
1	5712	null_5711	H	L	973	797	143	0	0	87	1913	null_5711_L	0.0435	0.566126502875065	0.715629900679561	0.395130683422009
1	5713	null_5712	H	L	515	930	456	0	0	99	1901	null_5712_L	0.0495	0.968963703314045	1.44871120462914	0.509820546289074
1	5714	null_5713	L	H	1116	675	116	0	0	93	1907	null_5713_H	0.0465	0.475616151022549	0.597273203985317	0.371062480871814
1	5715	null_5714	L	H	988	764	155	0	0	93	1907	null_5714_H	0.0465	0.563188253801783	0.725747246984793	0.408566237764491
1	5716	null_5715	L	H	1697	202	7	0	0	94	1906	null_5715_H	0.047	0.113326337880378	0.120671563483736	0.107828704626358
1	5717	null_5716	L	H	680	922	294	0	0	104	1896	null_5716_H	0.052	0.796413502109705	1.10654008438819	0.472265618045541
1	5718	null_5717	H	L	881	841	192	0	0	86	1914	null_5717_L	0.043	0.640020898641588	0.840647857889237	0.431021107191251
1	5719	null_5718	L	H	1000	734	179	0	0	87	1913	null_5718_H	0.0435	0.570831155253528	0.757971772085729	0.432123564277651
1	5720	null_5719	H	L	1580	295	18	0	0	107	1893	null_5719_L	0.0535	0.174854727945061	0.193872160591653	0.163297984706912
1	5721	null_5720	H	L	1282	533	68	0	0	117	1883	null_5720_L	0.0585	0.355284121083378	0.427509293680297	0.301282486986309
1	5722	null_5721	H	L	915	836	160	0	0	89	1911	null_5721_L	0.0445	0.604918890633176	0.772370486656201	0.406443622411328
1	5723	null_5722	L	H	560	950	389	0	0	101	1899	null_5722_H	0.0505	0.909952606635071	1.31964191679832	0.491628170476355
1	5724	null_5723	L	H	1607	291	12	0	0	90	1910	null_5723_H	0.045	0.164921465968586	0.177486910994764	0.150287821057537
1	5725	null_5724	H	L	634	944	333	0	0	89	1911	null_5724_L	0.0445	0.842490842490843	1.19099947671376	0.481208657032833
1	5726	null_5725	H	L	1053	716	121	0	0	110	1890	null_5725_L	0.055	0.506878306878307	0.634920634920635	0.377995016936816
1	5727	null_5726	H	L	1689	206	5	0	0	100	1900	null_5726_L	0.05	0.113684210526316	0.118947368421053	0.106023268698061
1	5728	null_5727	H	L	1619	260	6	0	0	115	1885	null_5727_L	0.0575	0.144297082228117	0.150663129973475	0.129841482033927
1	5729	null_5728	H	L	511	951	435	0	0	103	1897	null_5728_L	0.0515	0.959936742224565	1.41855561412757	0.497077065054859
1	5730	null_5729	L	H	1055	704	141	0	0	100	1900	null_5729_H	0.05	0.518947368421053	0.667368421052632	0.398062049861496
1	5731	null_5730	H	L	1708	198	8	0	0	86	1914	null_5730_L	0.043	0.111807732497388	0.120167189132706	0.107666220086499
1	5732	null_5731	L	H	881	820	208	0	0	91	1909	null_5731_H	0.0455	0.647459402828706	0.86537454164484	0.446170863333535
1	5733	null_5732	H	L	739	886	270	0	0	105	1895	null_5732_L	0.0525	0.752506596306069	1.03746701846966	0.471200840985513
1	5734	null_5733	H	L	1626	271	10	0	0	93	1907	null_5733_L	0.0465	0.152595700052438	0.163083377031987	0.139797929357494
1	5735	null_5734	H	L	958	778	158	0	0	106	1894	null_5734_L	0.053	0.577613516367476	0.744456177402323	0.410818803111922
1	5736	null_5735	H	L	623	937	333	0	0	107	1893	null_5735_L	0.0535	0.846804014791337	1.1986265187533	0.481549479286576
1	5737	null_5736	L	H	588	942	365	0	0	105	1895	null_5736_H	0.0525	0.882321899736148	1.26754617414248	0.489054239388476
1	5738	null_5737	H	L	1139	669	90	0	0	102	1898	null_5737_L	0.051	0.447312961011591	0.542149631190727	0.34206074610177
1	5739	null_5738	L	H	1020	739	130	0	0	111	1889	null_5738_H	0.0555	0.528851244044468	0.666490206458444	0.386806568131062
1	5740	null_5739	L	H	1197	616	83	0	0	104	1896	null_5739_H	0.052	0.412447257383966	0.5	0.329887259876444
1	5741	null_5740	H	L	1606	286	10	0	0	98	1902	null_5740_L	0.049	0.160883280757098	0.171398527865405	0.145515097838238
1	5742	null_5741	L	H	1517	371	15	0	0	97	1903	null_5741_H	0.0485	0.210719915922228	0.226484498160799	0.182081615194528
1	5743	null_5742	H	L	583	939	369	0	0	109	1891	null_5742_L	0.0545	0.886832363828662	1.27710206240085	0.490630420866914
1	5744	null_5743	H	L	985	777	146	0	0	92	1908	null_5743_L	0.046	0.560272536687631	0.713312368972746	0.399407053606353
1	5745	null_5744	H	L	1016	743	158	0	0	83	1917	null_5744_L	0.0415	0.552425665101722	0.717266562336985	0.412092446873906
1	5746	null_5745	L	H	1435	428	35	0	0	102	1898	null_5745_H	0.051	0.262381454162276	0.299262381454162	0.230418353965852
1	5747	null_5746	H	L	728	901	276	0	0	95	1905	null_5746_L	0.0475	0.762729658792651	1.05249343832021	0.470736905918257
1	5748	null_5747	H	L	631	916	358	0	0	95	1905	null_5747_L	0.0475	0.856692913385827	1.23254593175853	0.498623183913034
1	5749	null_5748	H	L	994	770	130	0	0	106	1894	null_5748_L	0.053	0.543822597676874	0.681098204857445	0.385355187113421
1	5750	null_5749	L	H	1204	614	74	0	0	108	1892	null_5749_H	0.054	0.402748414376321	0.480972515856237	0.318766230573596
1	5751	null_5750	H	L	818	847	231	0	0	104	1896	null_5750_L	0.052	0.690400843881857	0.934071729957806	0.457418404725026
1	5752	null_5751	L	H	1605	282	16	0	0	97	1903	null_5751_H	0.0485	0.165002627430373	0.181818181818182	0.154592314759255
1	5753	null_5752	H	L	1288	561	68	0	0	83	1917	null_5752_L	0.0415	0.36358894105373	0.43453312467397	0.302336206617397
1	5754	null_5753	H	L	581	943	396	0	0	80	1920	null_5753_L	0.04	0.903645833333333	1.31614583333333	0.499570041232639
1	5755	null_5754	L	H	1129	676	106	0	0	89	1911	null_5754_H	0.0445	0.464678178963893	0.575614861329147	0.359689051323947
1	5756	null_5755	H	L	925	777	189	0	0	109	1891	null_5755_L	0.0545	0.610787942887361	0.810682178741407	0.437620267564832
1	5757	null_5756	L	H	685	891	319	0	0	105	1895	null_5756_H	0.0525	0.806860158311346	1.14353562005277	0.492512304982561
1	5758	null_5757	L	H	1488	388	22	0	0	102	1898	null_5757_H	0.051	0.227608008429926	0.250790305584826	0.198984900083389
1	5759	null_5758	L	H	1409	446	33	0	0	112	1888	null_5758_H	0.056	0.271186440677966	0.30614406779661	0.232601982189026
1	5760	null_5759	L	H	718	890	288	0	0	104	1896	null_5759_H	0.052	0.773206751054852	1.07700421940928	0.479155539532482
1	5761	null_5760	H	L	1557	317	17	0	0	109	1891	null_5760_L	0.0545	0.185616076150185	0.203595980962454	0.169142653237062
1	5762	null_5761	L	H	722	885	279	0	0	114	1886	null_5761_H	0.057	0.765111346765642	1.0609756097561	0.475580236806564
1	5763	null_5762	H	L	897	807	191	0	0	105	1895	null_5762_L	0.0525	0.627440633245383	0.829023746701847	0.43534199845448
1	5764	null_5763	H	L	1417	447	31	0	0	105	1895	null_5763_L	0.0525	0.268601583113456	0.30131926121372	0.229172450762665
1	5765	null_5764	H	L	508	966	424	0	0	102	1898	null_5764_L	0.051	0.955742887249736	1.40252897787144	0.489084511342981
1	5766	null_5765	L	H	620	940	347	0	0	93	1907	null_5765_H	0.0465	0.856843209229156	1.22076560041951	0.486585315217389
1	5767	null_5766	L	H	1447	429	37	0	0	87	1913	null_5766_H	0.0435	0.262937794040774	0.301620491374804	0.232484207839776
1	5768	null_5767	H	L	565	945	370	0	0	120	1880	null_5767_L	0.06	0.896276595744681	1.28989361702128	0.486581880941603
1	5769	null_5768	L	H	906	832	168	0	0	94	1906	null_5768_H	0.047	0.612801678908709	0.789087093389297	0.413561195715964
1	5770	null_5769	H	L	1159	665	80	0	0	96	1904	null_5769_L	0.048	0.433298319327731	0.517331932773109	0.329584499240873
1	5771	null_5770	H	L	1348	509	56	0	0	87	1913	null_5770_L	0.0435	0.324621014113957	0.383167799268165	0.277788996463791
1	5772	null_5771	H	L	1140	665	101	0	0	94	1906	null_5771_L	0.047	0.454879328436516	0.560860440713536	0.35394523727468
1	5773	null_5772	H	L	1548	338	10	0	0	104	1896	null_5772_L	0.052	0.188818565400844	0.199367088607595	0.163714637967562
1	5774	null_5773	H	L	1008	736	158	0	0	98	1902	null_5773_L	0.049	0.553101997896951	0.719242902208202	0.413321082130604
1	5775	null_5774	L	H	921	810	170	0	0	99	1901	null_5774_H	0.0495	0.604944765912678	0.783798001052078	0.417839831246934
1	5776	null_5775	H	L	508	964	443	0	0	85	1915	null_5775_L	0.0425	0.966057441253264	1.42872062663185	0.495453646831051
1	5777	null_5776	L	H	634	914	350	0	0	102	1898	null_5776_H	0.051	0.850368809272919	1.21917808219178	0.496050970407539
1	5778	null_5777	H	L	702	905	300	0	0	93	1907	null_5777_L	0.0465	0.789197692711065	1.10382800209754	0.480995003917067
1	5779	null_5778	H	L	702	902	303	0	0	93	1907	null_5778_L	0.0465	0.790770844257997	1.10854745673833	0.483228928609827
1	5780	null_5779	H	L	1714	189	3	0	0	94	1906	null_5779_L	0.047	0.102308499475341	0.105456453305352	0.0949894242404557
1	5781	null_5780	L	H	631	921	338	0	0	110	1890	null_5780_H	0.055	0.844973544973545	1.2026455026455	0.488665210940344
1	5782	null_5781	L	H	649	921	342	0	0	88	1912	null_5781_H	0.044	0.839435146443515	1.19717573221757	0.492524367132928
1	5783	null_5782	H	L	1530	333	19	0	0	118	1882	null_5782_L	0.059	0.197130712008502	0.217321997874602	0.178461480257623
1	5784	null_5783	H	L	674	898	329	0	0	99	1901	null_5783_L	0.0495	0.818516570226197	1.16465018411362	0.494680808378768
1	5785	null_5784	H	L	1578	298	16	0	0	108	1892	null_5784_L	0.054	0.174418604651163	0.191331923890063	0.160910074241605
1	5786	null_5785	L	H	1215	636	64	0	0	85	1915	null_5785_H	0.0425	0.398955613577023	0.46579634464752	0.3066307630429
1	5787	null_5786	L	H	702	912	288	0	0	98	1902	null_5786_H	0.049	0.782334384858044	1.08517350157729	0.473126411846073
1	5788	null_5787	L	H	858	835	211	0	0	96	1904	null_5787_H	0.048	0.660189075630252	0.881827731092437	0.44597811551091
1	5789	null_5788	L	H	627	927	365	0	0	81	1919	null_5788_H	0.0405	0.863470557582074	1.24387701928088	0.498295615469778
1	5790	null_5789	L	H	566	917	411	0	0	106	1894	null_5789_H	0.053	0.918162618796199	1.35216473072862	0.509142136173923
1	5791	null_5790	H	L	1229	597	57	0	0	117	1883	null_5790_L	0.0585	0.377588953797132	0.438130642591609	0.295557224561996
1	5792	null_5791	H	L	989	780	141	0	0	90	1910	null_5791_L	0.045	0.556020942408377	0.703664921465969	0.394505633069269
1	5793	null_5792	H	L	1505	367	23	0	0	105	1895	null_5792_L	0.0525	0.217941952506596	0.24221635883905	0.194717664176663
1	5794	null_5793	H	L	700	900	296	0	0	104	1896	null_5793_L	0.052	0.786919831223629	1.09915611814346	0.479913297370436
1	5795	null_5794	L	H	1503	353	27	0	0	117	1883	null_5794_H	0.0585	0.216144450345194	0.244822092405736	0.19810366899071
1	5796	null_5795	L	H	1410	457	34	0	0	99	1901	null_5795_H	0.0495	0.276170436612309	0.311941083640189	0.235670973581556
1	5797	null_5796	L	H	1164	629	97	0	0	110	1890	null_5796_H	0.055	0.435449735449735	0.538095238095238	0.348478765991993
1	5798	null_5797	L	H	1167	646	82	0	0	105	1895	null_5797_H	0.0525	0.427440633245383	0.513984168865435	0.331278673916222
1	5799	null_5798	L	H	1449	416	37	0	0	98	1902	null_5798_H	0.049	0.257623554153523	0.296529968454259	0.230160072799566
1	5800	null_5799	H	L	823	847	236	0	0	94	1906	null_5799_L	0.047	0.69202518363064	0.939664218258132	0.460765363479111
1	5801	null_5800	H	L	1373	479	41	0	0	107	1893	null_5800_L	0.0535	0.29635499207607	0.339672477548864	0.251846196220457
1	5802	null_5801	L	H	694	920	289	0	0	97	1903	null_5801_H	0.0485	0.787178139779296	1.09090909090909	0.471259667162698
1	5803	null_5802	L	H	1490	393	25	0	0	92	1908	null_5802_H	0.046	0.232180293501048	0.258385744234801	0.204478055544568
1	5804	null_5803	H	L	866	831	206	0	0	97	1903	null_5803_L	0.0485	0.653179190751445	0.869679453494482	0.44303639826377
1	5805	null_5804	L	H	841	825	235	0	0	99	1901	null_5804_H	0.0495	0.681220410310363	0.92845870594424	0.464397458520821
1	5806	null_5805	H	L	751	926	209	0	0	114	1886	null_5805_L	0.057	0.712619300106045	0.934252386002121	0.426426119118492
1	5807	null_5806	H	L	1079	690	133	0	0	98	1902	null_5806_L	0.049	0.502628811777077	0.642481598317561	0.389845875889124
1	5808	null_5807	H	L	1225	614	68	0	0	93	1907	null_5807_L	0.0465	0.393287886733089	0.464604090194022	0.309928728343043
1	5809	null_5808	H	L	937	765	192	0	0	106	1894	null_5808_L	0.053	0.606652587117212	0.809398099260824	0.441370737804817
1	5810	null_5809	L	H	685	901	316	0	0	98	1902	null_5809_H	0.049	0.805993690851735	1.13827549947424	0.488649669781436
1	5811	null_5810	L	H	622	936	331	0	0	111	1889	null_5810_H	0.0555	0.845950238221281	1.19640021175225	0.480768406205608
1	5812	null_5811	L	H	1309	543	57	0	0	91	1909	null_5811_H	0.0455	0.344159245678366	0.403876375065479	0.285430788679578
1	5813	null_5812	H	L	1281	545	67	0	0	107	1893	null_5812_L	0.0535	0.358689910195457	0.429477020602219	0.300818568926194
1	5814	null_5813	H	L	917	788	205	0	0	90	1910	null_5813_L	0.045	0.627225130890052	0.841884816753927	0.448473451933883
1	5815	null_5814	L	H	519	951	423	0	0	107	1893	null_5814_H	0.0535	0.949286846275753	1.39619651347068	0.495050996958517
1	5816	null_5815	H	L	1448	424	37	0	0	91	1909	null_5815_L	0.0455	0.260869565217391	0.299633315872184	0.231580385815474
1	5817	null_5816	L	H	875	822	203	0	0	100	1900	null_5816_H	0.05	0.646315789473684	0.86	0.442275900277008
1	5818	null_5817	L	H	1005	751	136	0	0	108	1892	null_5817_H	0.054	0.540697674418605	0.68446088794926	0.392106912827573
1	5819	null_5818	L	H	888	826	181	0	0	105	1895	null_5818_H	0.0525	0.626912928759895	0.817941952506596	0.424922132260288
1	5820	null_5819	L	H	933	789	181	0	0	97	1903	null_5819_H	0.0485	0.604834471886495	0.795060430898581	0.429235692516366
1	5821	null_5820	H	L	943	804	163	0	0	90	1910	null_5820_L	0.045	0.591623036649215	0.762303664921466	0.412285847427428
1	5822	null_5821	H	L	1008	765	140	0	0	87	1913	null_5821_L	0.0435	0.546262415054888	0.692629377940408	0.394226751838809
1	5823	null_5822	H	L	601	954	363	0	0	82	1918	null_5822_L	0.041	0.875912408759124	1.25443169968717	0.487209151868963
1	5824	null_5823	H	L	1178	629	99	0	0	94	1906	null_5823_L	0.047	0.43389296956978	0.537775445960126	0.349512336918044
1	5825	null_5824	L	H	1364	486	36	0	0	114	1886	null_5824_H	0.057	0.295864262990456	0.334040296924708	0.246504634809823
1	5826	null_5825	H	L	1082	697	117	0	0	104	1896	null_5825_L	0.052	0.491033755274262	0.614451476793249	0.373337327974506
1	5827	null_5826	H	L	1102	715	98	0	0	85	1915	null_5826_L	0.0425	0.475718015665796	0.578067885117494	0.351760254688491
1	5828	null_5827	H	L	502	891	501	0	0	106	1894	null_5827_L	0.053	0.999472016895459	1.5285110876452	0.529566775088118
1	5829	null_5828	L	H	776	874	242	0	0	108	1892	null_5828_H	0.054	0.717758985200846	0.973572938689218	0.45839497785267
1	5830	null_5829	H	L	692	915	298	0	0	95	1905	null_5829_L	0.0475	0.793175853018373	1.10603674540682	0.476908811595401
1	5831	null_5830	L	H	1111	691	81	0	0	117	1883	null_5830_H	0.0585	0.453000531067446	0.539033457249071	0.333823976101683
1	5832	null_5831	H	L	498	949	446	0	0	107	1893	null_5831_L	0.0535	0.972530375066033	1.44374009508716	0.497924764661085
1	5833	null_5832	H	L	623	920	367	0	0	90	1910	null_5832_L	0.045	0.865968586387435	1.25026178010471	0.50036018749486
1	5834	null_5833	H	L	635	904	359	0	0	102	1898	null_5833_L	0.051	0.854583772391992	1.23287671232877	0.50256328829304
1	5835	null_5834	H	L	1546	328	10	0	0	116	1884	null_5834_L	0.058	0.184713375796178	0.195329087048832	0.161210055850812
1	5836	null_5835	L	H	896	823	194	0	0	87	1913	null_5835_H	0.0435	0.633037114479875	0.835859905906952	0.435123917597947
1	5837	null_5836	H	L	1338	505	66	0	0	91	1909	null_5836_L	0.0455	0.333682556312205	0.402828706128863	0.291484657741815
1	5838	null_5837	L	H	1341	521	56	0	0	82	1918	null_5837_H	0.041	0.330031282586027	0.388425443169969	0.279504795684591
1	5839	null_5838	H	L	1254	568	78	0	0	100	1900	null_5838_L	0.05	0.381052631578947	0.463157894736842	0.317956786703601
1	5840	null_5839	H	L	520	968	417	0	0	95	1905	null_5839_L	0.0475	0.945931758530184	1.38372703412073	0.488940142324729
1	5841	null_5840	H	L	1061	715	126	0	0	98	1902	null_5840_L	0.049	0.508412197686646	0.640904311251314	0.38242134849475
1	5842	null_5841	H	L	508	940	445	0	0	107	1893	null_5841_L	0.0535	0.966719492868463	1.43687268885367	0.502326110961814
1	5843	null_5842	H	L	927	807	185	0	0	81	1919	null_5842_L	0.0405	0.613340281396561	0.806149035956227	0.429962735172615
1	5844	null_5843	L	H	693	898	311	0	0	98	1902	null_5843_H	0.049	0.799158780231335	1.12618296529968	0.487528209278849
1	5845	null_5844	H	L	1003	766	139	0	0	92	1908	null_5844_L	0.046	0.547169811320755	0.692872117400419	0.393477314979629
1	5846	null_5845	H	L	844	814	237	0	0	105	1895	null_5845_L	0.0525	0.679683377308707	0.929815303430079	0.467845810040309
1	5847	null_5846	H	L	1158	653	95	0	0	94	1906	null_5846_L	0.047	0.442287513116474	0.541972717733473	0.346354473474718
1	5848	null_5847	L	H	473	956	450	0	0	121	1879	null_5847_H	0.0605	0.987759446514103	1.46673762639702	0.491068902219172
1	5849	null_5848	H	L	739	875	275	0	0	111	1889	null_5848_L	0.0555	0.75436739015352	1.04552673372155	0.476456574394512
1	5850	null_5849	L	H	706	870	320	0	0	104	1896	null_5849_H	0.052	0.796413502109705	1.13396624472574	0.499691778383094
1	5851	null_5850	L	H	970	788	147	0	0	95	1905	null_5850_H	0.0475	0.567979002624672	0.722309711286089	0.399709563863572
1	5852	null_5851	H	L	1607	267	10	0	0	116	1884	null_5851_L	0.058	0.152335456475584	0.162951167728238	0.139745076428613
1	5853	null_5852	L	H	1043	732	133	0	0	92	1908	null_5852_H	0.046	0.523060796645702	0.662473794549266	0.38888119756163
1	5854	null_5853	L	H	948	776	158	0	0	118	1882	null_5853_H	0.059	0.580233793836344	0.748140276301807	0.411469020792089
1	5855	null_5854	H	L	697	907	288	0	0	108	1892	null_5854_L	0.054	0.783826638477801	1.08826638477801	0.473882185590603
1	5856	null_5855	L	H	655	902	346	0	0	97	1903	null_5855_H	0.0485	0.837624802942722	1.20126116657909	0.499645856074252
1	5857	null_5856	H	L	1518	369	28	0	0	85	1915	null_5856_L	0.0425	0.221932114882507	0.251174934725849	0.201921071109626
1	5858	null_5857	H	L	1445	422	32	0	0	101	1899	null_5857_L	0.0505	0.255924170616114	0.289626119010005	0.22412893790446
1	5859	null_5858	L	H	1140	674	82	0	0	104	1896	null_5858_H	0.052	0.441983122362869	0.528481012658228	0.333131932204597
1	5860	null_5859	H	L	694	901	311	0	0	94	1906	null_5859_L	0.047	0.799055613850997	1.12539349422875	0.486903620201958
1	5861	null_5860	H	L	1603	288	17	0	0	92	1908	null_5860_L	0.046	0.168763102725367	0.186582809224319	0.158101824382826
1	5862	null_5861	H	L	1126	659	106	0	0	109	1891	null_5861_L	0.0545	0.460602855631941	0.572712850343733	0.360557859727435
1	5863	null_5862	H	L	577	965	357	0	0	101	1899	null_5862_L	0.0505	0.884149552395998	1.26013691416535	0.478416483163307
1	5864	null_5863	L	H	872	822	191	0	0	115	1885	null_5863_H	0.0575	0.638726790450928	0.841379310344828	0.433407397505083
1	5865	null_5864	H	L	1196	613	80	0	0	111	1889	null_5864_L	0.0555	0.409211222869243	0.493912122816305	0.326458297894164
1	5866	null_5865	H	L	1644	220	7	0	0	129	1871	null_5865_L	0.0645	0.125066809192945	0.132549438802779	0.116907732041075
1	5867	null_5866	H	L	1310	525	68	0	0	97	1903	null_5866_L	0.0485	0.347346295323174	0.418812401471361	0.298162952596627
1	5868	null_5867	H	L	1202	650	68	0	0	80	1920	null_5867_L	0.04	0.409375	0.480208333333333	0.312620442708333
1	5869	null_5868	L	H	630	925	353	0	0	92	1908	null_5868_H	0.046	0.854821802935011	1.2248427672956	0.494122452522536
1	5870	null_5869	H	L	1595	293	22	0	0	90	1910	null_5869_L	0.045	0.176439790575916	0.199476439790576	0.168345440092103
1	5871	null_5870	L	H	1241	573	83	0	0	103	1897	null_5870_H	0.0515	0.389562467053242	0.47706905640485	0.325310140668242
1	5872	null_5871	H	L	1561	335	13	0	0	91	1909	null_5871_L	0.0455	0.189104243059193	0.202723939235202	0.166963524492211
1	5873	null_5872	H	L	1042	724	141	0	0	93	1907	null_5872_L	0.0465	0.527530152071316	0.675406397482958	0.397118336138572
1	5874	null_5873	L	H	1230	603	70	0	0	97	1903	null_5873_H	0.0485	0.390436153441934	0.464004203888597	0.311563813974064
1	5875	null_5874	H	L	1047	733	131	0	0	89	1911	null_5874_L	0.0445	0.520669806384092	0.657770800627944	0.386673753347896
1	5876	null_5875	H	L	479	953	474	0	0	94	1906	null_5875_L	0.047	0.997376705141658	1.49475341028332	0.499993118324086
1	5877	null_5876	H	L	851	841	210	0	0	98	1902	null_5876_L	0.049	0.662986330178759	0.883806519453207	0.444255645449308
1	5878	null_5877	H	L	1111	694	101	0	0	94	1906	null_5877_L	0.047	0.4700944386149	0.57607555089192	0.355086769675262
1	5879	null_5878	L	H	1574	306	17	0	0	103	1897	null_5878_H	0.0515	0.179230363732209	0.19715340010543	0.16502987682185
1	5880	null_5879	L	H	1288	545	61	0	0	106	1894	null_5879_H	0.053	0.352164730728617	0.416578669482577	0.292558671913417
1	5881	null_5880	H	L	1012	734	128	0	0	126	1874	null_5880_L	0.063	0.528281750266809	0.664887940234792	0.385806332569829
1	5882	null_5881	L	H	1087	722	94	0	0	97	1903	null_5881_H	0.0485	0.478192327903311	0.576983709931687	0.348315807466099
1	5883	null_5882	L	H	1213	599	73	0	0	115	1885	null_5882_H	0.0575	0.395225464190981	0.472679045092838	0.316475877547861
1	5884	null_5883	H	L	1345	494	53	0	0	108	1892	null_5883_L	0.054	0.317124735729387	0.373150105708245	0.272582007696812
1	5885	null_5884	L	H	1074	744	88	0	0	94	1906	null_5884_H	0.047	0.482686253934942	0.575026232948583	0.342040213210836
1	5886	null_5885	L	H	1059	737	100	0	0	104	1896	null_5885_H	0.052	0.494198312236287	0.599683544303797	0.355451572486603
1	5887	null_5886	L	H	1350	511	37	0	0	102	1898	null_5886_H	0.051	0.308219178082192	0.347207586933614	0.252208525195952
1	5888	null_5887	L	H	1574	336	9	0	0	81	1919	null_5887_H	0.0405	0.184471078686816	0.193850964043773	0.159821385171895
1	5889	null_5888	H	L	533	961	406	0	0	100	1900	null_5888_L	0.05	0.933157894736842	1.36052631578947	0.489742659279778
1	5890	null_5889	L	H	1408	441	37	0	0	114	1886	null_5889_H	0.057	0.273064687168611	0.312301166489926	0.237736843111435
1	5891	null_5890	L	H	1603	288	10	0	0	99	1901	null_5890_H	0.0495	0.162019989479221	0.172540768016833	0.146290291025986
1	5892	null_5891	L	H	1212	614	86	0	0	88	1912	null_5891_H	0.044	0.411087866108787	0.501046025104603	0.332052791442727
1	5893	null_5892	H	L	1644	234	7	0	0	115	1885	null_5892_L	0.0575	0.131564986737401	0.138992042440318	0.121682696705106
1	5894	null_5893	L	H	924	809	171	0	0	96	1904	null_5893_H	0.048	0.604516806722689	0.784138655462185	0.418698085851988
1	5895	null_5894	H	L	1474	398	29	0	0	99	1901	null_5894_L	0.0495	0.239873750657549	0.270384008416623	0.212844592162103
1	5896	null_5895	H	L	742	910	253	0	0	95	1905	null_5895_L	0.0475	0.743307086614173	1.00892388451444	0.456418459503586
1	5897	null_5896	H	L	1195	618	72	0	0	115	1885	null_5896_L	0.0575	0.404244031830239	0.480636604774536	0.317223367504169
1	5898	null_5897	H	L	521	930	438	0	0	111	1889	null_5897_L	0.0555	0.956061408152462	1.41979883536263	0.505745419204158
1	5899	null_5898	L	H	1516	381	21	0	0	82	1918	null_5898_H	0.041	0.220542231491137	0.242440041710115	0.193801165839025
1	5900	null_5899	L	H	762	871	257	0	0	110	1890	null_5899_H	0.055	0.732804232804233	1.0047619047619	0.467759861146105
1	5901	null_5900	L	H	772	876	243	0	0	109	1891	null_5900_H	0.0545	0.720253833950291	0.977260708619778	0.458495123299685
1	5902	null_5901	L	H	1536	329	32	0	0	103	1897	null_5901_H	0.0515	0.207169214549288	0.240906694781234	0.197987611324264
1	5903	null_5902	H	L	884	833	178	0	0	105	1895	null_5902_L	0.0525	0.627440633245383	0.815303430079156	0.421621681831789
1	5904	null_5903	H	L	799	879	221	0	0	101	1899	null_5903_L	0.0505	0.695629278567667	0.92838335966298	0.444483266462407
1	5905	null_5904	H	L	1371	488	41	0	0	100	1900	null_5904_L	0.05	0.3	0.343157894736842	0.253157894736842
1	5906	null_5905	H	L	1601	291	13	0	0	95	1905	null_5905_L	0.0475	0.166404199475066	0.18005249343832	0.152362135835383
1	5907	null_5906	L	H	1657	234	7	0	0	102	1898	null_5906_H	0.051	0.130663856691254	0.138040042149631	0.120966998704199
1	5908	null_5907	H	L	722	914	272	0	0	92	1908	null_5907_L	0.046	0.764150943396226	1.04926624737946	0.465339583086112
1	5909	null_5908	L	H	1081	707	115	0	0	97	1903	null_5908_H	0.0485	0.492380451918024	0.613242249080399	0.370803739649402
1	5910	null_5909	H	L	625	924	342	0	0	109	1891	null_5909_L	0.0545	0.850343733474352	1.21205711263882	0.488972647579715
1	5911	null_5910	H	L	614	953	332	0	0	101	1899	null_5910_L	0.0505	0.851500789889415	1.20115850447604	0.476104909293742
1	5912	null_5911	H	L	677	946	271	0	0	106	1894	null_5911_L	0.053	0.785638859556494	1.07180570221753	0.4545772845723
1	5913	null_5912	L	H	1366	497	44	0	0	93	1907	null_5912_H	0.0465	0.306764551651809	0.352910330361825	0.258805840211689
1	5914	null_5913	L	H	862	850	186	0	0	102	1898	null_5913_H	0.051	0.643835616438356	0.839831401475237	0.425307100480679
1	5915	null_5914	L	H	1282	568	66	0	0	84	1916	null_5914_H	0.042	0.365344467640919	0.434237995824635	0.300761415788808
1	5916	null_5915	H	L	648	943	321	0	0	88	1912	null_5915_L	0.044	0.82897489539749	1.1647489539749	0.477549576775617
1	5917	null_5916	H	L	1356	497	51	0	0	96	1904	null_5916_L	0.048	0.314600840336134	0.368172268907563	0.269198580167361
1	5918	null_5917	H	L	1372	461	44	0	0	123	1877	null_5917_L	0.0615	0.292488012786361	0.339371337240277	0.253822099616562
1	5919	null_5918	L	H	1538	343	15	0	0	104	1896	null_5918_H	0.052	0.196729957805907	0.212552742616034	0.17385006631772
1	5920	null_5919	H	L	1680	212	8	0	0	100	1900	null_5919_L	0.05	0.12	0.128421052631579	0.114021052631579
1	5921	null_5920	L	H	559	959	387	0	0	95	1905	null_5920_H	0.0475	0.909711286089239	1.31601049868766	0.488435874649527
1	5922	null_5921	H	L	1261	561	60	0	0	118	1882	null_5921_L	0.059	0.361849096705632	0.425611052072264	0.294676283285582
1	5923	null_5922	L	H	1709	190	6	0	0	95	1905	null_5922_H	0.0475	0.106036745406824	0.112335958005249	0.101092166628778
1	5924	null_5923	H	L	975	758	163	0	0	104	1896	null_5923_L	0.052	0.571729957805907	0.743670886075949	0.416795741423205
1	5925	null_5924	L	H	926	790	171	0	0	113	1887	null_5924_H	0.0565	0.599894011658718	0.781134075251722	0.421261250027733
1	5926	null_5925	L	H	1175	641	81	0	0	103	1897	null_5925_H	0.0515	0.423299947285187	0.508697944122298	0.329515098750656
1	5927	null_5926	H	L	465	968	457	0	0	110	1890	null_5926_L	0.055	0.995767195767196	1.47936507936508	0.487812771199015
1	5928	null_5927	H	L	1133	661	117	0	0	89	1911	null_5927_L	0.0445	0.468341182626897	0.590790162218734	0.371446698874373
1	5929	null_5928	L	H	924	795	191	0	0	90	1910	null_5928_H	0.045	0.616230366492147	0.816230366492147	0.436490501905101
1	5930	null_5929	H	L	1440	445	21	0	0	94	1906	null_5929_L	0.047	0.255508919202518	0.277544596012592	0.212259788220553
1	5931	null_5930	H	L	1349	507	41	0	0	103	1897	null_5930_L	0.0515	0.310490247759621	0.3537163943068	0.25731220035297
1	5932	null_5931	H	L	655	961	305	0	0	79	1921	null_5931_L	0.0395	0.817803227485685	1.13534617386778	0.466544054981775
1	5933	null_5932	H	L	1734	175	3	0	0	88	1912	null_5932_L	0.044	0.0946652719665272	0.0978033472803347	0.0888418335638382
1	5934	null_5933	H	L	1603	297	15	0	0	85	1915	null_5933_L	0.0425	0.170757180156658	0.186422976501305	0.157264961926252
1	5935	null_5934	L	H	548	948	394	0	0	110	1890	null_5934_H	0.055	0.918518518518519	1.33544973544974	0.491773466588281
1	5936	null_5935	L	H	1112	700	92	0	0	96	1904	null_5935_H	0.048	0.464285714285714	0.560924369747899	0.345363145258103
1	5937	null_5936	L	H	1660	229	4	0	0	107	1893	null_5936_H	0.0535	0.125198098256735	0.129424194400423	0.113749630593319
1	5938	null_5937	H	L	588	962	368	0	0	82	1918	null_5937_L	0.041	0.885297184567258	1.26903023983316	0.485279134830447
1	5939	null_5938	H	L	483	948	456	0	0	113	1887	null_5938_L	0.0565	0.985691573926868	1.46899841017488	0.497410531264455
1	5940	null_5939	H	L	1540	336	26	0	0	98	1902	null_5939_L	0.049	0.203995793901157	0.231335436382755	0.189721152453392
1	5941	null_5940	L	H	1301	535	55	0	0	109	1891	null_5940_H	0.0545	0.341089370703332	0.399259650978318	0.282917692171524
1	5942	null_5941	L	H	916	806	174	0	0	104	1896	null_5941_H	0.052	0.608649789029536	0.792194092827004	0.421739527141306
1	5943	null_5942	H	L	990	754	151	0	0	105	1895	null_5942_L	0.0525	0.557255936675462	0.716622691292876	0.40608851233283
1	5944	null_5943	L	H	676	926	298	0	0	100	1900	null_5943_H	0.05	0.801052631578947	1.11473684210526	0.473051523545706
1	5945	null_5944	H	L	864	848	204	0	0	84	1916	null_5944_L	0.042	0.65553235908142	0.868475991649269	0.438753317846418
1	5946	null_5945	H	L	1439	437	30	0	0	94	1906	null_5945_L	0.047	0.260755508919203	0.292235047219307	0.224241611787595
1	5947	null_5946	H	L	1313	521	51	0	0	115	1885	null_5946_L	0.0575	0.330503978779841	0.384615384615385	0.275382504626079
1	5948	null_5947	L	H	1668	224	8	0	0	100	1900	null_5947_H	0.05	0.126315789473684	0.134736842105263	0.118781163434903
1	5949	null_5948	L	H	805	847	258	0	0	90	1910	null_5948_H	0.045	0.713612565445026	0.983769633507853	0.474526739946822
1	5950	null_5949	L	H	665	943	298	0	0	94	1906	null_5949_H	0.047	0.807450157397692	1.12014690451207	0.46817114783051
1	5951	null_5950	L	H	740	887	259	0	0	114	1886	null_5950_H	0.057	0.744962884411453	1.01961823966066	0.464648540510026
1	5952	null_5951	L	H	769	882	262	0	0	87	1913	null_5951_H	0.0435	0.734971249346576	1.00888656560376	0.468703828237697
1	5953	null_5952	L	H	1501	379	18	0	0	102	1898	null_5952_H	0.051	0.218651211801897	0.237618545837724	0.189810193415286
1	5954	null_5953	L	H	1132	698	81	0	0	89	1911	null_5953_H	0.0445	0.450026164311879	0.534798534798535	0.332274986233273
1	5955	null_5954	L	H	1430	422	26	0	0	122	1878	null_5954_H	0.061	0.252396166134185	0.280085197018104	0.216381372338869
1	5956	null_5955	L	H	1068	732	109	0	0	91	1909	null_5955_H	0.0455	0.497642744892614	0.611838658983761	0.364190357439506
1	5957	null_5956	H	L	1117	690	104	0	0	89	1911	null_5956_L	0.0445	0.469911041339613	0.578754578754579	0.3579381919817
1	5958	null_5957	L	H	1416	431	49	0	0	104	1896	null_5957_H	0.052	0.279008438818565	0.330696202531646	0.252850493599672
1	5959	null_5958	L	H	1418	459	36	0	0	87	1913	null_5958_H	0.0435	0.277574490329326	0.315211709357031	0.238164111675446
1	5960	null_5959	L	H	1621	279	8	0	0	92	1908	null_5959_H	0.046	0.15461215932914	0.162997903563941	0.139092983751522
1	5961	null_5960	L	H	755	886	264	0	0	95	1905	null_5960_H	0.0475	0.742257217847769	1.01942257217848	0.468476794731367
1	5962	null_5961	H	L	722	910	266	0	0	102	1898	null_5961_L	0.051	0.759747102212856	1.04004214963119	0.462826490310359
1	5963	null_5962	L	H	1153	660	92	0	0	95	1905	null_5962_H	0.0475	0.443044619422572	0.539632545931759	0.343344011132467
1	5964	null_5963	L	H	1513	354	18	0	0	115	1885	null_5963_H	0.0575	0.206896551724138	0.225994694960212	0.183188511844873
1	5965	null_5964	H	L	1724	171	8	0	0	97	1903	null_5964_L	0.0485	0.0982658959537572	0.106673673147662	0.097017486840067
1	5966	null_5965	L	H	1025	726	133	0	0	116	1884	null_5965_H	0.058	0.526539278131635	0.667728237791932	0.390484626376549
1	5967	null_5966	L	H	1261	564	81	0	0	94	1906	null_5966_H	0.047	0.38090241343127	0.465897166841553	0.320810518283787
1	5968	null_5967	L	H	907	843	149	0	0	101	1899	null_5967_H	0.0505	0.600842548709847	0.757767245918905	0.396755477578759
1	5969	null_5968	L	H	1377	477	40	0	0	106	1894	null_5968_H	0.053	0.294086589229145	0.336325237592397	0.249838315627965
1	5970	null_5969	H	L	618	953	331	0	0	98	1902	null_5969_L	0.049	0.849106203995794	1.19716088328076	0.47617953761661
1	5971	null_5970	L	H	659	920	312	0	0	109	1891	null_5970_H	0.0545	0.816499206768905	1.14648334214701	0.479812387492761
1	5972	null_5971	L	H	917	807	191	0	0	85	1915	null_5971_H	0.0425	0.62088772845953	0.820365535248042	0.434863963896407
1	5973	null_5972	H	L	1371	475	26	0	0	128	1872	null_5972_L	0.064	0.281517094017094	0.309294871794872	0.230042997571042
1	5974	null_5973	H	L	1705	203	5	0	0	87	1913	null_5973_L	0.0435	0.111343439623628	0.116570831155254	0.104173469608033
1	5975	null_5974	L	H	1622	275	6	0	0	97	1903	null_5974_H	0.0485	0.15081450341566	0.157120336311088	0.134375321870576
1	5976	null_5975	H	L	696	912	294	0	0	98	1902	null_5975_L	0.049	0.788643533123028	1.09779179810726	0.475833175770482
1	5977	null_5976	H	L	724	902	273	0	0	101	1899	null_5976_L	0.0505	0.762506582411796	1.05002632964718	0.468610041425866
1	5978	null_5977	L	H	1017	742	140	0	0	101	1899	null_5977_H	0.0505	0.538177988414955	0.685624012638231	0.395988465423863
1	5979	null_5978	H	L	729	916	266	0	0	89	1911	null_5978_L	0.0445	0.757718472004186	1.03610675039246	0.461969467576106
1	5980	null_5979	L	H	1589	303	13	0	0	95	1905	null_5979_H	0.0475	0.172703412073491	0.186351706036745	0.156525237494919
1	5981	null_5980	H	L	939	804	165	0	0	92	1908	null_5980_L	0.046	0.59433962264151	0.767295597484277	0.414056010442625
1	5982	null_5981	H	L	1478	410	15	0	0	97	1903	null_5981_L	0.0485	0.23121387283237	0.246978455070941	0.193518600080797
1	5983	null_5982	L	H	811	866	227	0	0	96	1904	null_5982_H	0.048	0.69327731092437	0.93172268907563	0.451089259233105
1	5984	null_5983	L	H	1058	700	135	0	0	107	1893	null_5983_H	0.0535	0.512414157422081	0.655044902271527	0.392476633544945
1	5985	null_5984	H	L	623	913	354	0	0	110	1890	null_5984_L	0.055	0.857671957671958	1.23227513227513	0.496673945298284
1	5986	null_5985	H	L	789	901	232	0	0	78	1922	null_5985_L	0.039	0.710197710718002	0.951612903225806	0.447232114916716
1	5987	null_5986	H	L	1028	743	131	0	0	98	1902	null_5986_L	0.049	0.528391167192429	0.666140904311251	0.386943678744274
1	5988	null_5987	H	L	1509	360	26	0	0	105	1895	null_5987_L	0.0525	0.217414248021108	0.244854881266491	0.197585926023907
1	5989	null_5988	H	L	633	893	363	0	0	111	1889	null_5988_L	0.0555	0.857067231339333	1.24139756484913	0.506833325813457
1	5990	null_5989	H	L	1560	327	26	0	0	87	1913	null_5989_L	0.0435	0.198118139048615	0.225300575013068	0.186049777992982
1	5991	null_5990	H	L	976	755	158	0	0	111	1889	null_5990_L	0.0555	0.566966649020646	0.734250926416093	0.412799745314393
1	5992	null_5991	H	L	1159	665	87	0	0	89	1911	null_5991_L	0.0445	0.439037153322868	0.530088958660387	0.33733533666254
1	5993	null_5992	H	L	519	952	426	0	0	103	1897	null_5992_L	0.0515	0.950975224037955	1.40010542962573	0.495751552891687
1	5994	null_5993	L	H	1018	744	136	0	0	102	1898	null_5993_H	0.051	0.535300316122234	0.678609062170706	0.392062633730142
1	5995	null_5994	H	L	1200	610	70	0	0	120	1880	null_5994_L	0.06	0.398936170212766	0.473404255319149	0.31425418741512
1	5996	null_5995	H	L	791	879	234	0	0	96	1904	null_5995_L	0.048	0.707457983193277	0.953256302521008	0.452759504537109
1	5997	null_5996	H	L	512	923	480	0	0	85	1915	null_5996_L	0.0425	0.983289817232376	1.4845953002611	0.517736435588217
1	5998	null_5997	H	L	917	791	174	0	0	118	1882	null_5997_L	0.059	0.605207226354942	0.790116896918172	0.423841110085931
1	5999	null_5998	H	L	1629	261	18	0	0	92	1908	null_5998_L	0.046	0.155660377358491	0.174528301886792	0.150298148807405
1	6000	null_5999	H	L	1424	422	41	0	0	113	1887	null_5999_L	0.0565	0.267090620031797	0.310545839957605	0.239208440648635
1	6001	null_6000	L	H	500	964	447	0	0	89	1911	null_6000_H	0.0445	0.972265829408687	1.44008372579801	0.49478288276225
1	6002	null_6001	L	H	587	944	365	0	0	104	1896	null_6001_H	0.052	0.882911392405063	1.26793248945148	0.488399962612829
1	6003	null_6002	H	L	1306	546	54	0	0	94	1906	null_6002_L	0.047	0.343126967471144	0.399790136411333	0.282054020605389
1	6004	null_6003	H	L	616	926	371	0	0	87	1913	null_6003_L	0.0435	0.87192890747517	1.2598013591218	0.499541339430955
1	6005	null_6004	L	H	1612	278	9	0	0	101	1899	null_6004_H	0.0505	0.155871511321748	0.16535018430753	0.141054256265804
1	6006	null_6005	L	H	1058	721	126	0	0	95	1905	null_6005_H	0.0475	0.510761154855643	0.643044619422572	0.382167662113102
1	6007	null_6006	L	H	1676	213	11	0	0	100	1900	null_6006_H	0.05	0.123684210526316	0.135263157894737	0.119965373961219
1	6008	null_6007	L	H	1263	572	66	0	0	99	1901	null_6007_H	0.0495	0.370331404523935	0.439768542872173	0.302623193695502
1	6009	null_6008	H	L	1048	725	118	0	0	109	1891	null_6008_L	0.0545	0.508196721311475	0.632998413537811	0.374734505986077
1	6010	null_6009	L	H	1232	582	73	0	0	113	1887	null_6009_H	0.0565	0.38579756226815	0.463169051404346	0.314329292352298
1	6011	null_6010	H	L	1151	665	84	0	0	100	1900	null_6010_L	0.05	0.438421052631579	0.526842105263158	0.334629085872576
1	6012	null_6011	H	L	1085	679	130	0	0	106	1894	null_6011_L	0.053	0.495776135163675	0.633051742344245	0.387257766146415
1	6013	null_6012	H	L	574	921	405	0	0	100	1900	null_6012_L	0.05	0.911052631578947	1.33736842105263	0.507351523545706
1	6014	null_6013	H	L	1223	599	74	0	0	104	1896	null_6013_L	0.052	0.393987341772152	0.47204641350211	0.316820388025423
1	6015	null_6014	L	H	1048	720	130	0	0	102	1898	null_6014_H	0.051	0.516332982086407	0.65331928345627	0.386719535066028
1	6016	null_6015	L	H	1191	637	72	0	0	100	1900	null_6015_H	0.05	0.411052631578947	0.486842105263158	0.31787783933518
1	6017	null_6016	H	L	832	855	223	0	0	90	1910	null_6016_L	0.045	0.681151832460733	0.914659685863874	0.45069186699926
1	6018	null_6017	H	L	859	834	198	0	0	109	1891	null_6017_L	0.0545	0.650449497620307	0.859862506610259	0.43677795765575
1	6019	null_6018	L	H	1157	665	69	0	0	109	1891	null_6018_H	0.0545	0.424643046007404	0.497620306716023	0.317298590193577
1	6020	null_6019	H	L	900	824	176	0	0	100	1900	null_6019_L	0.05	0.618947368421053	0.80421052631579	0.421114681440443
1	6021	null_6020	L	H	928	815	149	0	0	108	1892	null_6020_H	0.054	0.588266384778013	0.745771670190275	0.399714330730482
1	6022	null_6021	H	L	1617	267	13	0	0	103	1897	null_6021_L	0.0515	0.154454401686874	0.168160253031102	0.144304090830652
1	6023	null_6022	L	H	1318	506	62	0	0	114	1886	null_6022_H	0.057	0.334040296924708	0.399787910922587	0.28820499095304
1	6024	null_6023	L	H	826	855	218	0	0	101	1899	null_6023_H	0.0505	0.679831490258031	0.909426013691417	0.447255158544962
1	6025	null_6024	L	H	748	916	254	0	0	82	1918	null_6024_H	0.041	0.742440041710115	1.00729927007299	0.456082054538476
1	6026	null_6025	H	L	1450	426	30	0	0	94	1906	null_6025_L	0.047	0.25498426023085	0.286463798530955	0.221446825565481
1	6027	null_6026	H	L	677	888	329	0	0	106	1894	null_6026_L	0.053	0.816261879619852	1.1636747624076	0.497391306287069
1	6028	null_6027	H	L	574	935	381	0	0	110	1890	null_6027_L	0.055	0.897883597883598	1.3010582010582	0.494863245709807
1	6029	null_6028	H	L	1430	439	39	0	0	92	1908	null_6028_L	0.046	0.270964360587002	0.311844863731656	0.238423179023333
1	6030	null_6029	L	H	1528	336	29	0	0	107	1893	null_6029_H	0.0535	0.208135235076598	0.238774432118331	0.19545415603794
1	6031	null_6030	L	H	879	820	202	0	0	99	1901	null_6030_H	0.0495	0.643871646501841	0.856391372961599	0.441820675792607
1	6032	null_6031	L	H	504	955	441	0	0	100	1900	null_6031_H	0.05	0.966842105263158	1.43105263157895	0.496268975069252
1	6033	null_6032	L	H	1312	536	42	0	0	110	1890	null_6032_H	0.055	0.328042328042328	0.372486772486772	0.264875003499342
1	6034	null_6033	H	L	1098	698	109	0	0	95	1905	null_6033_L	0.0475	0.480839895013123	0.595275590551181	0.36406858591495
1	6035	null_6034	L	H	790	862	238	0	0	110	1890	null_6034_H	0.055	0.707936507936508	0.95978835978836	0.458614260519022
1	6036	null_6035	L	H	696	916	288	0	0	100	1900	null_6035_H	0.05	0.785263157894737	1.08842105263158	0.471782825484764
1	6037	null_6036	H	L	1499	391	21	0	0	89	1911	null_6036_L	0.0445	0.226582940868655	0.248560962846677	0.197221133753989
1	6038	null_6037	H	L	783	880	241	0	0	96	1904	null_6037_L	0.048	0.715336134453782	0.968487394957983	0.456781609702705
1	6039	null_6038	H	L	610	956	340	0	0	94	1906	null_6038_L	0.047	0.858342077649528	1.21511017838405	0.478359056120342
1	6040	null_6039	H	L	1376	480	48	0	0	96	1904	null_6039_L	0.048	0.302521008403361	0.352941176470588	0.261422215945202
1	6041	null_6040	H	L	1616	255	9	0	0	120	1880	null_6040_L	0.06	0.145212765957447	0.154787234042553	0.133700486645541
1	6042	null_6041	H	L	1258	567	68	0	0	107	1893	null_6041_L	0.0535	0.371368198626519	0.443211833069202	0.305297494118097
1	6043	null_6042	H	L	804	855	258	0	0	83	1917	null_6042_L	0.0415	0.715179968701095	0.984350547730829	0.47286816009953
1	6044	null_6043	H	L	795	876	233	0	0	96	1904	null_6043_L	0.048	0.704831932773109	0.949579831932773	0.452791778476096
1	6045	null_6044	H	L	1693	203	4	0	0	100	1900	null_6044_L	0.05	0.111052631578947	0.115263157894737	0.102930470914127
1	6046	null_6045	L	H	1231	596	81	0	0	92	1908	null_6045_H	0.046	0.39727463312369	0.482180293501048	0.324353159377486
1	6047	null_6046	L	H	811	850	240	0	0	99	1901	null_6046_H	0.0495	0.699631772751184	0.952130457653866	0.462645840210903
1	6048	null_6047	L	H	1085	703	114	0	0	98	1902	null_6047_H	0.049	0.489484752891693	0.609358569926393	0.369763246612952
1	6049	null_6048	H	L	1431	444	32	0	0	93	1907	null_6048_L	0.0465	0.266386995280545	0.299947561615102	0.228985530360505
1	6050	null_6049	L	H	1637	278	9	0	0	76	1924	null_6049_H	0.038	0.153846153846154	0.163201663201663	0.139533024148409
1	6051	null_6050	L	H	1477	398	26	0	0	99	1901	null_6050_H	0.0495	0.236717517096265	0.264071541294056	0.208036358393835
1	6052	null_6051	L	H	1384	480	33	0	0	103	1897	null_6051_H	0.0515	0.287822878228782	0.322614654717976	0.239772645486075
1	6053	null_6052	H	L	574	927	402	0	0	97	1903	null_6052_L	0.0485	0.909616395165528	1.33210719915922	0.504705212805292
1	6054	null_6053	L	H	485	961	477	0	0	77	1923	null_6053_H	0.0385	0.995839833593344	1.4919396775871	0.500242703415885
1	6055	null_6054	H	L	628	946	326	0	0	100	1900	null_6054_L	0.05	0.841052631578947	1.18421052631579	0.476840997229917
1	6056	null_6055	L	H	1498	378	25	0	0	99	1901	null_6055_H	0.0495	0.225144660704892	0.251446607048922	0.200756488805001
1	6057	null_6056	H	L	1273	574	72	0	0	81	1919	null_6056_L	0.0405	0.374153204794164	0.449192287649818	0.309201666992074
1	6058	null_6057	H	L	1632	232	13	0	0	123	1877	null_6057_L	0.0615	0.137453383058071	0.151305274374001	0.132411841859892
1	6059	null_6058	L	H	1209	628	84	0	0	79	1921	null_6058_H	0.0395	0.414367516918272	0.501821967725143	0.330121528648129
1	6060	null_6059	L	H	731	898	269	0	0	102	1898	null_6059_H	0.051	0.756585879873551	1.04004214963119	0.467619956007155
1	6061	null_6060	L	H	561	936	394	0	0	109	1891	null_6060_H	0.0545	0.911686938127975	1.32839767318879	0.497224600035628
1	6062	null_6061	L	H	660	935	324	0	0	81	1919	null_6061_H	0.0405	0.824908806670141	1.16258467952058	0.482110140198628
1	6063	null_6062	L	H	1203	629	76	0	0	92	1908	null_6062_H	0.046	0.409329140461216	0.488993710691824	0.321443365461106
1	6064	null_6063	L	H	641	920	346	0	0	93	1907	null_6063_H	0.0465	0.845306764551652	1.20818038804405	0.493636861847267
1	6065	null_6064	H	L	482	943	461	0	0	114	1886	null_6064_L	0.057	0.988865323435843	1.47773064687169	0.499876018977812
1	6066	null_6065	H	L	1280	559	62	0	0	99	1901	null_6065_L	0.0495	0.359284587059442	0.424513413992636	0.295427999494161
1	6067	null_6066	L	H	1567	307	16	0	0	110	1890	null_6066_H	0.055	0.179365079365079	0.196296296296296	0.164124464600655
1	6068	null_6067	H	L	741	873	264	0	0	122	1878	null_6067_L	0.061	0.746006389776358	1.02715654952077	0.470631015933612
1	6069	null_6068	H	L	1369	494	47	0	0	90	1910	null_6068_L	0.045	0.307853403141361	0.357068062827225	0.262294345001508
1	6070	null_6069	L	H	1409	436	42	0	0	113	1887	null_6069_H	0.0565	0.275569687334393	0.320084790673026	0.244146138095451
1	6071	null_6070	L	H	745	892	259	0	0	104	1896	null_6070_H	0.052	0.743670886075949	1.0168776371308	0.463831250333814
1	6072	null_6071	H	L	1289	545	52	0	0	114	1886	null_6071_L	0.057	0.344114528101803	0.399257688229056	0.28084287977833
1	6073	null_6072	L	H	543	960	395	0	0	102	1898	null_6072_H	0.051	0.922023182297155	1.33825079030559	0.488124041612212
1	6074	null_6073	L	H	907	825	170	0	0	98	1902	null_6073_H	0.049	0.612513144058885	0.791272344900105	0.416099993255204
1	6075	null_6074	H	L	931	783	182	0	0	104	1896	null_6074_L	0.052	0.604957805907173	0.796940928270042	0.430966981342021
1	6076	null_6075	H	L	556	916	403	0	0	125	1875	null_6075_L	0.0625	0.9184	1.34826666666667	0.504808106666667
1	6077	null_6076	L	H	1186	628	89	0	0	97	1903	null_6076_H	0.0485	0.423541776142932	0.517078297425118	0.337690661286809
1	6078	null_6077	H	L	1366	493	33	0	0	108	1892	null_6077_L	0.054	0.295454545454545	0.330338266384778	0.243044877955026
1	6079	null_6078	L	H	744	907	254	0	0	95	1905	null_6078_H	0.0475	0.742782152230971	1.00944881889764	0.457723493224764
1	6080	null_6079	H	L	1248	617	45	0	0	90	1910	null_6079_L	0.045	0.370157068062827	0.417277486910995	0.280261231874126
1	6081	null_6080	H	L	1058	703	132	0	0	107	1893	null_6080_L	0.0535	0.510829371368199	0.650290544109879	0.38934389745745
1	6082	null_6081	L	H	517	1003	389	0	0	91	1909	null_6081_H	0.0455	0.932949188056574	1.34049240440021	0.470098216904789
1	6083	null_6082	L	H	582	948	384	0	0	86	1914	null_6082_H	0.043	0.896551724137931	1.29780564263323	0.494000648578532
1	6084	null_6083	L	H	1087	708	118	0	0	87	1913	null_6083_H	0.0435	0.493465760585468	0.616832200731835	0.373323743861641
1	6085	null_6084	H	L	612	941	350	0	0	97	1903	null_6084_L	0.0485	0.862322648449816	1.23016290068313	0.486562550653627
1	6086	null_6085	H	L	862	851	198	0	0	89	1911	null_6085_L	0.0445	0.652537938252224	0.859759288330717	0.433953527472254
1	6087	null_6086	H	L	859	849	207	0	0	85	1915	null_6086_L	0.0425	0.659530026109661	0.875718015665796	0.440738160325587
1	6088	null_6087	L	H	1045	736	118	0	0	101	1899	null_6087_H	0.0505	0.511848341232227	0.636124275934702	0.37413555151252
1	6089	null_6088	L	H	1461	389	39	0	0	111	1889	null_6088_H	0.0555	0.247220751720487	0.28851244044468	0.227394340363437
1	6090	null_6089	H	L	1446	424	30	0	0	100	1900	null_6089_L	0.05	0.254736842105263	0.286315789473684	0.221424930747922
1	6091	null_6090	H	L	845	824	227	0	0	104	1896	null_6090_L	0.052	0.674050632911392	0.913502109704641	0.459157853976393
1	6092	null_6091	H	L	1208	632	73	0	0	87	1913	null_6091_L	0.0435	0.406691061160481	0.483010977522216	0.317613358294378
1	6093	null_6092	H	L	1081	701	124	0	0	94	1906	null_6092_L	0.047	0.497901364113326	0.628016789087093	0.380111020701182
1	6094	null_6093	H	L	916	809	183	0	0	92	1908	null_6093_L	0.046	0.615828092243187	0.807651991614256	0.428407752418373
1	6095	null_6094	H	L	1551	325	20	0	0	104	1896	null_6094_L	0.052	0.192510548523207	0.213607594936709	0.176547283644003
1	6096	null_6095	H	L	724	900	283	0	0	93	1907	null_6095_L	0.0465	0.768746722600944	1.06554798112218	0.474576457612489
1	6097	null_6096	H	L	1448	409	30	0	0	113	1887	null_6096_L	0.0565	0.248542660307366	0.280339162692104	0.218565708699441
1	6098	null_6097	L	H	1680	215	10	0	0	95	1905	null_6097_H	0.0475	0.123359580052493	0.133858267716535	0.118640681725808
1	6099	null_6098	H	L	529	957	414	0	0	100	1900	null_6098_L	0.05	0.939473684210526	1.37526315789474	0.492652354570637
1	6100	null_6099	L	H	999	752	136	0	0	113	1887	null_6099_H	0.0565	0.54266030736619	0.686804451510334	0.392324242319566
1	6101	null_6100	H	L	1496	387	28	0	0	89	1911	null_6100_L	0.0445	0.231815803244375	0.261119832548404	0.207381265914569
1	6102	null_6101	L	H	798	881	232	0	0	89	1911	null_6101_H	0.0445	0.703819989534275	0.946624803767661	0.451262226099634
1	6103	null_6102	H	L	483	957	452	0	0	108	1892	null_6102_L	0.054	0.983615221987315	1.46141649048626	0.493917585561103
1	6104	null_6103	L	H	785	889	226	0	0	100	1900	null_6103_H	0.05	0.705789473684211	0.943684210526316	0.445545429362881
1	6105	null_6104	H	L	1110	667	109	0	0	114	1886	null_6104_L	0.057	0.469247083775186	0.584835630965005	0.364642805333489
1	6106	null_6105	L	H	1187	619	103	0	0	91	1909	null_6105_H	0.0455	0.432163436354112	0.540073336825563	0.353308101104168
1	6107	null_6106	L	H	870	818	211	0	0	101	1899	null_6106_H	0.0505	0.652975250131648	0.875197472353871	0.448820795069382
1	6108	null_6107	L	H	955	778	165	0	0	102	1898	null_6107_H	0.051	0.58377239199157	0.757639620653319	0.41684941500176
1	6109	null_6108	H	L	927	786	182	0	0	105	1895	null_6108_L	0.0525	0.606860158311346	0.798944591029024	0.430665339283352
1	6110	null_6109	H	L	573	977	358	0	0	92	1908	null_6109_L	0.046	0.887316561844864	1.2625786163522	0.475247935428011
1	6111	null_6110	H	L	870	824	205	0	0	101	1899	null_6110_L	0.0505	0.649815692469721	0.865718799368089	0.443458365188186
1	6112	null_6111	H	L	606	930	362	0	0	102	1898	null_6111_L	0.051	0.871443624868283	1.25289778714436	0.493483795820791
1	6113	null_6112	L	H	882	813	203	0	0	102	1898	null_6112_H	0.051	0.642255005268704	0.856164383561644	0.443672891768941
1	6114	null_6113	L	H	1622	248	14	0	0	116	1884	null_6113_H	0.058	0.146496815286624	0.16135881104034	0.139897494151216
1	6115	null_6114	L	H	1573	310	12	0	0	105	1895	null_6114_H	0.0525	0.176253298153034	0.188918205804749	0.157852980694927
1	6116	null_6115	L	H	595	892	410	0	0	103	1897	null_6115_H	0.0515	0.902477596204534	1.33473906167633	0.520273250025218
1	6117	null_6116	H	L	1462	417	18	0	0	103	1897	null_6116_L	0.0515	0.238798102266737	0.257775434897206	0.200750901251011
1	6118	null_6117	H	L	1669	214	15	0	0	102	1898	null_6117_L	0.051	0.128556375131718	0.14436248682824	0.127835745241233
1	6119	null_6118	H	L	1637	245	11	0	0	107	1893	null_6118_L	0.0535	0.141045958795563	0.152667723190703	0.132773760698143
1	6120	null_6119	H	L	1525	336	26	0	0	113	1887	null_6119_L	0.0565	0.20561738208797	0.23317435082141	0.190895843004699
1	6121	null_6120	H	L	1286	546	58	0	0	110	1890	null_6120_L	0.055	0.35026455026455	0.411640211640212	0.288954956468184
1	6122	null_6121	L	H	1045	727	136	0	0	92	1908	null_6121_H	0.046	0.523584905660377	0.666142557651992	0.392001404216605
1	6123	null_6122	L	H	804	877	221	0	0	98	1902	null_6122_H	0.049	0.69348054679285	0.925867507886435	0.444952239106326
1	6124	null_6123	H	L	857	844	192	0	0	107	1893	null_6123_L	0.0535	0.648705758055996	0.851558372952985	0.430739212417981
1	6125	null_6124	L	H	1045	749	119	0	0	87	1913	null_6124_H	0.0435	0.515943544171459	0.640355462624151	0.374157721851945
1	6126	null_6125	L	H	936	784	176	0	0	104	1896	null_6125_H	0.052	0.59915611814346	0.784810126582278	0.425822072673539
1	6127	null_6126	H	L	578	943	383	0	0	96	1904	null_6126_L	0.048	0.897584033613445	1.29989495798319	0.494237860585411
1	6128	null_6127	H	L	495	989	432	0	0	84	1916	null_6127_L	0.042	0.967118997912317	1.41805845511482	0.482739298991898
1	6129	null_6128	L	H	568	953	377	0	0	102	1898	null_6128_H	0.051	0.899367755532139	1.29662802950474	0.487765669813824
1	6130	null_6129	L	H	1400	458	30	0	0	112	1888	null_6129_H	0.056	0.274364406779661	0.30614406779661	0.230868240089055
1	6131	null_6130	L	H	1493	355	19	0	0	133	1867	null_6130_H	0.0665	0.210498125334762	0.230851633636851	0.186542172867402
1	6132	null_6131	L	H	610	936	366	0	0	88	1912	null_6131_H	0.044	0.872384937238494	1.25523012552301	0.494174646802402
1	6133	null_6132	L	H	1105	708	102	0	0	85	1915	null_6132_H	0.0425	0.476240208877285	0.582767624020888	0.355962887469408
1	6134	null_6133	L	H	943	781	170	0	0	106	1894	null_6133_H	0.053	0.591869060190074	0.771383315733897	0.421074331323615
1	6135	null_6134	H	L	844	853	213	0	0	90	1910	null_6134_L	0.045	0.669633507853403	0.892670157068063	0.444261122228009
1	6136	null_6135	H	L	574	951	380	0	0	95	1905	null_6135_L	0.0475	0.898162729658793	1.29711286089239	0.490416571944255
1	6137	null_6136	L	H	538	936	422	0	0	104	1896	null_6136_H	0.052	0.938818565400844	1.38396624472574	0.50258594598444
1	6138	null_6137	H	L	673	948	290	0	0	89	1911	null_6137_L	0.0445	0.799581371009943	1.10308738880167	0.463757019935535
1	6139	null_6138	L	H	1400	468	37	0	0	95	1905	null_6138_H	0.0475	0.284514435695538	0.323359580052493	0.242411115933343
1	6140	null_6139	L	H	620	931	349	0	0	100	1900	null_6139_H	0.05	0.857368421052632	1.22473684210526	0.489656232686981
1	6141	null_6140	L	H	650	933	320	0	0	97	1903	null_6140_H	0.0485	0.826589595375723	1.1629006831319	0.479650323948496
1	6142	null_6141	L	H	1259	565	60	0	0	116	1884	null_6141_H	0.058	0.363588110403397	0.427282377919321	0.295086063892608
1	6143	null_6142	L	H	586	967	337	0	0	110	1890	null_6142_H	0.055	0.868253968253968	1.22486772486773	0.471002771478962
1	6144	null_6143	L	H	513	953	424	0	0	110	1890	null_6143_H	0.055	0.952910052910053	1.4015873015873	0.493549732650262
1	6145	null_6144	H	L	693	935	278	0	0	94	1906	null_6144_L	0.047	0.782266526757608	1.07397691500525	0.462035996119836
1	6146	null_6145	H	L	636	917	345	0	0	102	1898	null_6145_L	0.051	0.84668071654373	1.21022128556375	0.493353049796747
1	6147	null_6146	L	H	547	929	413	0	0	111	1889	null_6146_H	0.0555	0.929062996294336	1.36633139227104	0.503173341187634
1	6148	null_6147	H	L	1001	758	145	0	0	96	1904	null_6147_L	0.048	0.550420168067227	0.702731092436975	0.39976873102182
1	6149	null_6148	L	H	1097	699	97	0	0	107	1893	null_6148_H	0.0535	0.471737982039091	0.574220813523508	0.351684089825194
1	6150	null_6149	L	H	1513	356	18	0	0	113	1887	null_6149_H	0.0565	0.20773714891362	0.226815050344462	0.183660327305703
1	6151	null_6150	H	L	837	863	198	0	0	102	1898	null_6150_L	0.051	0.663329820864067	0.871970495258167	0.431964044010611
1	6152	null_6151	L	H	1590	314	10	0	0	86	1914	null_6151_H	0.043	0.174503657262278	0.184952978056426	0.154501451658516
1	6153	null_6152	H	L	1242	601	78	0	0	79	1921	null_6152_L	0.0395	0.394065590838105	0.475273295158772	0.319985605276187
1	6154	null_6153	H	L	466	980	452	0	0	102	1898	null_6153_L	0.051	0.992623814541623	1.46891464699684	0.483612609801677
1	6155	null_6154	H	L	1316	529	53	0	0	102	1898	null_6154_L	0.051	0.334562697576396	0.39041095890411	0.278478760294514
1	6156	null_6155	H	L	653	948	305	0	0	94	1906	null_6155_L	0.047	0.817418677859391	1.13746065057713	0.46928735566373
1	6157	null_6156	H	L	599	961	345	0	0	95	1905	null_6156_L	0.0475	0.866666666666667	1.22887139107612	0.477760279965004
1	6158	null_6157	L	H	1345	506	38	0	0	111	1889	null_6157_H	0.0555	0.308099523557438	0.348332451032292	0.253407134615972
1	6159	null_6158	H	L	1483	371	25	0	0	121	1879	null_6158_L	0.0605	0.224055348589675	0.25066524747206	0.200464448240419
1	6160	null_6159	L	H	1612	270	17	0	0	101	1899	null_6159_H	0.0505	0.160084254870985	0.17798841495524	0.152361446297641
1	6161	null_6160	H	L	947	770	188	0	0	95	1905	null_6160_L	0.0475	0.601574803149606	0.798950131233596	0.437057887449108
1	6162	null_6161	L	H	1251	588	54	0	0	107	1893	null_6161_H	0.0535	0.367670364500792	0.424722662440571	0.289541165508425
1	6163	null_6162	H	L	721	879	305	0	0	95	1905	null_6162_L	0.0475	0.781627296587927	1.10183727034121	0.490896039569857
1	6164	null_6163	L	H	1462	413	23	0	0	102	1898	null_6163_H	0.051	0.241833508956797	0.266069546891465	0.207586100837108
1	6165	null_6164	H	L	1060	720	119	0	0	101	1899	null_6164_L	0.0505	0.504476040021064	0.629805160610848	0.375309085655514
1	6166	null_6165	H	L	1018	749	129	0	0	104	1896	null_6165_L	0.052	0.531118143459916	0.667194092827004	0.385107610514697
1	6167	null_6166	L	H	652	921	337	0	0	90	1910	null_6166_H	0.045	0.835078534031414	1.18795811518325	0.490601957183191
1	6168	null_6167	H	L	1122	689	90	0	0	99	1901	null_6167_L	0.0495	0.457127827459232	0.551814834297738	0.342848983660141
1	6169	null_6168	L	H	661	933	311	0	0	95	1905	null_6168_H	0.0475	0.816272965879265	1.14278215223097	0.476480597405639
1	6170	null_6169	L	H	758	881	262	0	0	99	1901	null_6169_H	0.0495	0.739084692267228	1.01472908995266	0.468482907608914
1	6171	null_6170	L	H	557	973	392	0	0	78	1922	null_6170_H	0.039	0.914151925078044	1.32206035379813	0.486386611674234
1	6172	null_6171	L	H	991	782	120	0	0	107	1893	null_6171_H	0.0535	0.539883782356049	0.666666666666667	0.375192168215593
1	6173	null_6172	H	L	826	871	206	0	0	97	1903	null_6172_L	0.0485	0.674198633736206	0.890698896479243	0.436155098747476
1	6174	null_6173	H	L	666	914	313	0	0	107	1893	null_6173_L	0.0535	0.813523507659799	1.14421553090333	0.482395033388224
1	6175	null_6174	L	H	921	840	158	0	0	81	1919	null_6174_H	0.0405	0.602397081813445	0.767066180302241	0.404183936124887
1	6176	null_6175	L	H	1280	563	59	0	0	98	1902	null_6175_H	0.049	0.358044164037855	0.420084121976866	0.2918884985753
1	6177	null_6176	H	L	1409	456	41	0	0	94	1906	null_6176_L	0.047	0.282266526757608	0.325288562434418	0.245614170306614
1	6178	null_6177	H	L	695	930	278	0	0	97	1903	null_6177_L	0.0485	0.780872306883868	1.07304256437204	0.463281004713911
1	6179	null_6178	H	L	579	965	344	0	0	112	1888	null_6178_L	0.056	0.875529661016949	1.23993644067797	0.473384253357512
1	6180	null_6179	L	H	609	982	334	0	0	75	1925	null_6179_H	0.0375	0.857142857142857	1.20415584415584	0.469461966604824
1	6181	null_6180	L	H	1588	313	13	0	0	86	1914	null_6180_H	0.043	0.177115987460815	0.190700104493208	0.159330031478988
1	6182	null_6181	L	H	1230	591	83	0	0	96	1904	null_6181_H	0.048	0.397584033613445	0.484768907563025	0.326695843778688
1	6183	null_6182	H	L	1319	538	44	0	0	99	1901	null_6182_L	0.0495	0.329300368227249	0.375591793792741	0.267153061278139
1	6184	null_6183	L	H	1385	476	40	0	0	99	1901	null_6183_H	0.0495	0.292477643345608	0.334560757496055	0.249017585639054
1	6185	null_6184	H	L	546	937	416	0	0	101	1899	null_6184_L	0.0505	0.931542917324908	1.3696682464455	0.501896039627298
1	6186	null_6185	H	L	915	827	145	0	0	113	1887	null_6185_L	0.0565	0.591944886062533	0.745627980922099	0.395229232786513
1	6187	null_6186	H	L	1336	518	56	0	0	90	1910	null_6186_L	0.045	0.329842931937173	0.38848167539267	0.27968531564376
1	6188	null_6187	H	L	830	848	212	0	0	110	1890	null_6187_L	0.055	0.673015873015873	0.897354497354497	0.44440413202318
1	6189	null_6188	H	L	1216	618	71	0	0	95	1905	null_6188_L	0.0475	0.398950131233596	0.473490813648294	0.314329606436991
1	6190	null_6189	H	L	1281	566	67	0	0	86	1914	null_6189_L	0.043	0.365726227795193	0.435736677115987	0.301981003418686
1	6191	null_6190	H	L	1382	462	34	0	0	122	1878	null_6190_L	0.061	0.282215122470714	0.318423855165069	0.238778479813909
1	6192	null_6191	L	H	1122	628	126	0	0	124	1876	null_6191_H	0.062	0.46908315565032	0.603411513859275	0.383372506944413
1	6193	null_6192	L	H	931	794	156	0	0	119	1881	null_6192_H	0.0595	0.587985114300904	0.753854332801701	0.408127838162254
1	6194	null_6193	H	L	682	913	309	0	0	96	1904	null_6193_L	0.048	0.804096638655462	1.12867647058824	0.482105066291222
1	6195	null_6194	H	L	1432	432	27	0	0	109	1891	null_6194_L	0.0545	0.257006874669487	0.285563194077208	0.21951066044983
1	6196	null_6195	H	L	1291	542	61	0	0	106	1894	null_6195_L	0.053	0.350580781414995	0.414994720168955	0.292087835871406
1	6197	null_6196	L	H	1305	534	64	0	0	97	1903	null_6196_H	0.0485	0.347871781397793	0.415133998949028	0.294119222656154
1	6198	null_6197	L	H	793	871	245	0	0	91	1909	null_6197_H	0.0455	0.712938711367208	0.969617600838135	0.4613359946722
1	6199	null_6198	H	L	1244	594	63	0	0	99	1901	null_6198_L	0.0495	0.378748027354024	0.445028932140978	0.301578863916414
1	6200	null_6199	H	L	1150	660	91	0	0	99	1901	null_6199_L	0.0495	0.442924776433456	0.538663861125723	0.342481503547096
1	6201	null_6200	L	H	504	961	422	0	0	113	1887	null_6200_H	0.0565	0.956544780074192	1.40381558028617	0.488837663998984
1	6202	null_6201	H	L	1244	583	69	0	0	104	1896	null_6201_L	0.052	0.380274261603376	0.453059071729958	0.308450557691965
1	6203	null_6202	L	H	711	938	248	0	0	103	1897	null_6202_H	0.0515	0.755930416447022	1.0173958882446	0.445965093734829
1	6204	null_6203	H	L	1401	461	42	0	0	96	1904	null_6203_L	0.048	0.286239495798319	0.330357142857143	0.248424093902267
1	6205	null_6204	H	L	521	979	392	0	0	108	1892	null_6204_L	0.054	0.931818181818182	1.34619450317125	0.477909379204306
1	6206	null_6205	H	L	1063	728	112	0	0	97	1903	null_6205_L	0.0485	0.50026274303731	0.617971623751971	0.367708811680757
1	6207	null_6206	H	L	1327	520	54	0	0	99	1901	null_6206_L	0.0495	0.33035244608101	0.387164650184114	0.278031911552407
1	6208	null_6207	L	H	1327	522	45	0	0	106	1894	null_6207_H	0.053	0.323125659978881	0.37064413938754	0.266233947250752
1	6209	null_6208	H	L	1033	746	115	0	0	106	1894	null_6208_L	0.053	0.515311510031679	0.63674762407603	0.3712016717049
1	6210	null_6209	L	H	1135	664	92	0	0	109	1891	null_6209_H	0.0545	0.448439978847171	0.545742993125331	0.344644578496879
1	6211	null_6210	H	L	847	846	202	0	0	105	1895	null_6210_L	0.0525	0.659630606860158	0.872823218997361	0.437710681490661
1	6212	null_6211	L	H	774	864	259	0	0	103	1897	null_6211_H	0.0515	0.728518713758566	1.00158144438587	0.470841928089437
1	6213	null_6212	L	H	587	945	374	0	0	94	1906	null_6212_H	0.047	0.888247639034628	1.2806925498426	0.491708681592012
1	6214	null_6213	H	L	1335	519	47	0	0	99	1901	null_6213_L	0.0495	0.322461862177801	0.371909521304577	0.267927868745401
1	6215	null_6214	H	L	916	801	182	0	0	101	1899	null_6214_L	0.0505	0.613480779357557	0.805160610847815	0.42880194420666
1	6216	null_6215	H	L	923	811	177	0	0	89	1911	null_6215_L	0.0445	0.609628466771324	0.794871794871795	0.42322492737384
1	6217	null_6216	H	L	692	901	306	0	0	101	1899	null_6216_L	0.0505	0.796735123749342	1.11901000526593	0.484223147850051
1	6218	null_6217	H	L	683	925	301	0	0	91	1909	null_6217_L	0.0455	0.799895233106338	1.11524358302776	0.47541119908152
1	6219	null_6218	H	L	698	896	286	0	0	120	1880	null_6218_L	0.06	0.780851063829787	1.08510638297872	0.475377999094613
1	6220	null_6219	H	L	982	752	152	0	0	114	1886	null_6219_L	0.057	0.559915164369035	0.721102863202545	0.407597871912142
1	6221	null_6220	H	L	634	917	360	0	0	89	1911	null_6220_L	0.0445	0.856619570905285	1.23338566195709	0.499588572699136
1	6222	null_6221	H	L	844	854	206	0	0	96	1904	null_6221_L	0.048	0.664915966386555	0.881302521008403	0.439189278652638
1	6223	null_6222	L	H	1138	673	95	0	0	94	1906	null_6222_H	0.047	0.452780692549843	0.552465897166842	0.347455541620927
1	6224	null_6223	H	L	1243	567	81	0	0	109	1891	null_6223_L	0.0545	0.385510312004231	0.471179270227393	0.322561069565794
1	6225	null_6224	L	H	1298	538	60	0	0	104	1896	null_6224_H	0.052	0.34704641350211	0.410337552742616	0.289896339617939
1	6226	null_6225	L	H	1362	500	50	0	0	88	1912	null_6225_H	0.044	0.313807531380753	0.366108786610879	0.267633619859596
1	6227	null_6226	L	H	1457	409	35	0	0	99	1901	null_6226_H	0.0495	0.251972645975802	0.288795370857443	0.225305156537397
1	6228	null_6227	L	H	1194	627	80	0	0	99	1901	null_6227_H	0.0495	0.413992635455024	0.498158863755918	0.326768961544922
1	6229	null_6228	L	H	1443	441	35	0	0	81	1919	null_6228_H	0.0405	0.266284523189161	0.302761855132882	0.231854407842803
1	6230	null_6229	L	H	1084	719	101	0	0	96	1904	null_6229_H	0.048	0.483718487394958	0.589810924369748	0.355827349322082
1	6231	null_6230	H	L	1031	730	151	0	0	88	1912	null_6230_L	0.044	0.539748953974895	0.697698744769875	0.406369811452881
1	6232	null_6231	H	L	1166	619	100	0	0	115	1885	null_6231_L	0.0575	0.43448275862069	0.540583554376658	0.351808286838013
1	6233	null_6232	L	H	667	911	319	0	0	103	1897	null_6232_H	0.0515	0.816552451238798	1.152872957301	0.486115051676912
1	6234	null_6233	H	L	1434	450	25	0	0	91	1909	null_6233_L	0.0455	0.261917234154007	0.288108957569408	0.219508320022523
1	6235	null_6234	L	H	1251	582	85	0	0	82	1918	null_6234_H	0.041	0.392075078206465	0.480709071949948	0.326986204999342
1	6236	null_6235	L	H	1278	570	63	0	0	89	1911	null_6235_H	0.0445	0.364207221350079	0.430141287284144	0.297494387200599
1	6237	null_6236	H	L	782	855	253	0	0	110	1890	null_6236_L	0.055	0.72010582010582	0.987830687830688	0.469278295680412
1	6238	null_6237	L	H	1028	726	136	0	0	110	1890	null_6237_H	0.055	0.528042328042328	0.671957671957672	0.39312897175331
1	6239	null_6238	H	L	1458	413	27	0	0	102	1898	null_6238_L	0.051	0.246048472075869	0.27449947312961	0.21395962251874
1	6240	null_6239	L	H	527	971	398	0	0	104	1896	null_6239_H	0.052	0.931962025316456	1.35179324894515	0.483240032313198
1	6241	null_6240	L	H	869	826	200	0	0	105	1895	null_6240_H	0.0525	0.646965699208443	0.858047493403694	0.439482877451424
1	6242	null_6241	L	H	1397	461	39	0	0	103	1897	null_6241_H	0.0515	0.284132841328413	0.325250395361096	0.244518923839739
1	6243	null_6242	H	L	840	839	217	0	0	104	1896	null_6242_L	0.052	0.671413502109705	0.900316455696203	0.449520364880984
1	6244	null_6243	L	H	801	856	229	0	0	114	1886	null_6243_H	0.057	0.696712619300106	0.939554612937434	0.454146139045419
1	6245	null_6244	H	L	1140	662	95	0	0	103	1897	null_6244_L	0.0515	0.44913020558777	0.549288350026358	0.347570408455045
1	6246	null_6245	L	H	1571	307	23	0	0	99	1901	null_6245_H	0.0495	0.185691741188848	0.209889531825355	0.175408109079609
1	6247	null_6246	H	L	561	946	393	0	0	100	1900	null_6246_L	0.05	0.911578947368421	1.32526315789474	0.494286980609418
1	6248	null_6247	L	H	1318	522	58	0	0	102	1898	null_6247_H	0.051	0.336143308746049	0.397260273972603	0.284267949957861
1	6249	null_6248	L	H	817	851	230	0	0	102	1898	null_6248_H	0.051	0.69072708113804	0.933087460484721	0.455983559867244
1	6250	null_6249	L	H	745	865	287	0	0	103	1897	null_6249_H	0.0515	0.758566157090142	1.0611491829204	0.485726568237894
1	6251	null_6250	L	H	579	924	403	0	0	94	1906	null_6250_H	0.047	0.907660020986359	1.3305351521511	0.506688438454144
1	6252	null_6251	H	L	1699	203	1	0	0	97	1903	null_6251_L	0.0485	0.1077246452969	0.108775617446138	0.0971710182417948
1	6253	null_6252	H	L	1243	608	57	0	0	92	1908	null_6252_L	0.046	0.378406708595388	0.438155136268344	0.294963499158349
1	6254	null_6253	H	L	1347	494	44	0	0	115	1885	null_6253_L	0.0575	0.308753315649867	0.355437665782493	0.260109055857707
1	6255	null_6254	H	L	715	943	240	0	0	102	1898	null_6254_L	0.051	0.749736564805058	1.00263435194942	0.440529435343732
1	6256	null_6255	L	H	960	786	153	0	0	101	1899	null_6255_H	0.0505	0.575039494470774	0.736176935229068	0.405506515027865
1	6257	null_6256	L	H	1241	587	72	0	0	100	1900	null_6256_H	0.05	0.384736842105263	0.460526315789474	0.312503878116344
1	6258	null_6257	H	L	1184	653	72	0	0	91	1909	null_6257_L	0.0455	0.417496071241488	0.492928234677842	0.318625265175764
1	6259	null_6258	H	L	775	903	232	0	0	90	1910	null_6258_L	0.045	0.715706806282723	0.958638743455497	0.446402510896083
1	6260	null_6259	L	H	1110	688	108	0	0	94	1906	null_6259_H	0.047	0.474291710388248	0.587618048268625	0.362665421725616
1	6261	null_6260	L	H	1701	200	9	0	0	90	1910	null_6260_H	0.045	0.11413612565445	0.123560209424084	0.110533154244675
1	6262	null_6261	L	H	845	863	204	0	0	88	1912	null_6261_H	0.044	0.664748953974895	0.878138075313808	0.43624690350309
1	6263	null_6262	H	L	689	877	317	0	0	117	1883	null_6262_L	0.0585	0.802442910249602	1.13913967073818	0.495225046528334
1	6264	null_6263	H	L	1279	554	63	0	0	104	1896	null_6263_L	0.052	0.358649789029536	0.425105485232068	0.296475814061137
1	6265	null_6264	H	L	997	780	127	0	0	96	1904	null_6264_L	0.048	0.543067226890756	0.676470588235294	0.381548575312478
1	6266	null_6265	H	L	509	937	447	0	0	107	1893	null_6265_L	0.0535	0.967247754886424	1.43951399894348	0.503945779610649
1	6267	null_6266	H	L	1063	735	117	0	0	85	1915	null_6266_L	0.0425	0.506005221932115	0.628198433420366	0.372157148797797
1	6268	null_6267	L	H	1374	480	48	0	0	98	1902	null_6267_H	0.049	0.302839116719243	0.353312302839117	0.261600772223825
1	6269	null_6268	H	L	1593	292	6	0	0	109	1891	null_6268_L	0.0545	0.160761501850873	0.167107350608144	0.141263090130796
1	6270	null_6269	H	L	867	833	220	0	0	80	1920	null_6269_L	0.04	0.663020833333333	0.8921875	0.452590874565972
1	6271	null_6270	L	H	771	865	272	0	0	92	1908	null_6270_H	0.046	0.738469601677149	1.02358490566038	0.478247553059171
1	6272	null_6271	L	H	1008	740	173	0	0	79	1921	null_6271_H	0.0395	0.565330557001562	0.745445080687142	0.425846442007446
1	6273	null_6272	L	H	865	848	190	0	0	97	1903	null_6272_H	0.0485	0.64529689963216	0.844981607987388	0.428573519312511
1	6274	null_6273	H	L	755	889	259	0	0	97	1903	null_6273_L	0.0485	0.739358906988965	1.01156069364162	0.464909100297702
1	6275	null_6274	H	L	1602	292	10	0	0	96	1904	null_6274_L	0.048	0.163865546218487	0.17436974789916	0.147517830661676
1	6276	null_6275	L	H	1174	649	81	0	0	96	1904	null_6275_H	0.048	0.42594537815126	0.511029411764706	0.329599946596286
1	6277	null_6276	L	H	1283	525	80	0	0	112	1888	null_6276_H	0.056	0.36281779661017	0.447563559322034	0.315926805784976
1	6278	null_6277	L	H	1570	306	14	0	0	110	1890	null_6277_H	0.055	0.176719576719577	0.191534391534392	0.160304582738445
1	6279	null_6278	L	H	531	951	418	0	0	100	1900	null_6278_H	0.05	0.940526315789474	1.38052631578947	0.495936565096953
1	6280	null_6279	L	H	988	778	158	0	0	76	1924	null_6279_H	0.038	0.568607068607069	0.732848232848233	0.409534234378309
1	6281	null_6280	L	H	1454	421	27	0	0	98	1902	null_6280_H	0.049	0.249737118822292	0.278128286014721	0.215759657497062
1	6282	null_6281	H	L	950	742	205	0	0	103	1897	null_6281_L	0.0515	0.607274644175013	0.823405376910912	0.454622883453023
1	6283	null_6282	H	L	1260	565	71	0	0	104	1896	null_6282_L	0.052	0.37289029535865	0.447784810126582	0.308737637753921
1	6284	null_6283	H	L	1440	455	23	0	0	82	1918	null_6283_L	0.041	0.261209593326382	0.285192909280501	0.216962457634767
1	6285	null_6284	L	H	870	832	193	0	0	105	1895	null_6284_H	0.0525	0.642744063324538	0.846437994722955	0.433318063784017
1	6286	null_6285	L	H	538	989	372	0	0	101	1899	null_6285_H	0.0505	0.912585571353344	1.30437072143233	0.471558296390024
1	6287	null_6286	H	L	990	767	154	0	0	89	1911	null_6286_L	0.0445	0.562532705389848	0.723704866562009	0.407261821928788
1	6288	null_6287	H	L	738	881	281	0	0	100	1900	null_6287_L	0.05	0.759473684210526	1.05526315789474	0.478462880886427
1	6289	null_6288	H	L	573	976	363	0	0	88	1912	null_6288_L	0.044	0.890167364016736	1.26987447698745	0.477476541026943
1	6290	null_6289	H	L	1221	599	80	0	0	100	1900	null_6289_L	0.05	0.399473684210526	0.483684210526316	0.324104986149584
1	6291	null_6290	L	H	650	941	302	0	0	107	1893	null_6290_H	0.0535	0.816164817749604	1.13523507659799	0.469110066865749
1	6292	null_6291	L	H	1615	253	13	0	0	119	1881	null_6291_H	0.0595	0.148325358851675	0.162147793726741	0.140147381648263
1	6293	null_6292	L	H	578	944	383	0	0	95	1905	null_6292_H	0.0475	0.897637795275591	1.2997375328084	0.493983921301176
1	6294	null_6293	H	L	1660	243	11	0	0	86	1914	null_6293_L	0.043	0.138453500522466	0.149947753396029	0.130778381589105
1	6295	null_6294	L	H	1465	401	23	0	0	111	1889	null_6294_H	0.0555	0.236633139227104	0.260984647961885	0.20498940538141
1	6296	null_6295	L	H	703	896	295	0	0	106	1894	null_6295_H	0.053	0.784582893347413	1.0960929250264	0.480522608493001
1	6297	null_6296	H	L	870	845	185	0	0	100	1900	null_6296_L	0.05	0.639473684210526	0.83421052631579	0.425283933518006
1	6298	null_6297	H	L	686	909	308	0	0	97	1903	null_6297_L	0.0485	0.801366263794009	1.12506568575933	0.482877797012157
1	6299	null_6298	L	H	730	901	268	0	0	101	1899	null_6298_H	0.0505	0.756714060031596	1.03896787783044	0.466351709180936
1	6300	null_6299	H	L	1107	676	103	0	0	114	1886	null_6299_L	0.057	0.467656415694592	0.576882290562036	0.358179767421723
1	6301	null_6300	H	L	1155	661	94	0	0	90	1910	null_6300_L	0.045	0.444502617801047	0.542931937172775	0.345349359940791
1	6302	null_6301	L	H	747	874	272	0	0	107	1893	null_6301_H	0.0535	0.749075541468568	1.0364500792393	0.475335912412874
1	6303	null_6302	H	L	1110	713	88	0	0	89	1911	null_6302_L	0.0445	0.465201465201465	0.557299843014129	0.340887439788539
1	6304	null_6303	H	L	705	920	277	0	0	98	1902	null_6303_L	0.049	0.774973711882229	1.06624605678233	0.465661802673814
1	6305	null_6304	H	L	684	867	352	0	0	97	1903	null_6304_L	0.0485	0.825538623226485	1.19548081975828	0.513966801319597
1	6306	null_6305	L	H	1104	700	92	0	0	104	1896	null_6305_H	0.052	0.466244725738397	0.563291139240506	0.345906994961634
1	6307	null_6306	H	L	580	933	384	0	0	103	1897	null_6306_L	0.0515	0.896678966789668	1.30152872957301	0.497495560090024
1	6308	null_6307	L	H	846	841	210	0	0	103	1897	null_6307_H	0.0515	0.664733790195045	0.886136004217185	0.444264992390115
1	6309	null_6308	H	L	1465	395	33	0	0	107	1893	null_6308_L	0.0535	0.243528790279979	0.278394083465399	0.219087811770169
1	6310	null_6309	H	L	531	938	436	0	0	95	1905	null_6309_L	0.0475	0.9501312335958	1.40787401574803	0.505124654693754
1	6311	null_6310	H	L	1704	188	11	0	0	97	1903	null_6310_L	0.0485	0.110352075669995	0.121912769311613	0.109735188706937
1	6312	null_6311	L	H	1330	537	42	0	0	91	1909	null_6311_H	0.0455	0.325301204819277	0.36930330015715	0.263482426300277
1	6313	null_6312	H	L	1411	457	42	0	0	90	1910	null_6312_L	0.045	0.283246073298429	0.327225130890052	0.246996792851073
1	6314	null_6313	H	L	643	924	330	0	0	103	1897	null_6313_L	0.0515	0.835002635740643	1.18292040063258	0.485690998938757
1	6315	null_6314	L	H	1630	269	10	0	0	91	1909	null_6314_H	0.0455	0.151388161341016	0.161864850707177	0.138946475312963
1	6316	null_6315	H	L	1234	607	86	0	0	73	1927	null_6315_L	0.0365	0.404255319148936	0.493513233004671	0.330090869944462
1	6317	null_6316	L	H	930	802	162	0	0	106	1894	null_6316_H	0.053	0.594508975712777	0.765575501583949	0.412134579380894
1	6318	null_6317	H	L	1349	500	51	0	0	100	1900	null_6317_L	0.05	0.316842105263158	0.370526315789474	0.270137396121884
1	6319	null_6318	H	L	1332	494	82	0	0	92	1908	null_6318_L	0.046	0.344863731656185	0.430817610062893	0.311886616651064
1	6320	null_6319	L	H	1271	577	67	0	0	85	1915	null_6319_H	0.0425	0.371279373368146	0.441253263707572	0.303404890618929
1	6321	null_6320	H	L	1570	298	13	0	0	119	1881	null_6320_L	0.0595	0.172248803827751	0.186071238702818	0.156401588282727
1	6322	null_6321	L	H	486	971	448	0	0	95	1905	null_6321_H	0.0475	0.98005249343832	1.4503937007874	0.489890810892733
1	6323	null_6322	L	H	873	832	208	0	0	87	1913	null_6322_H	0.0435	0.65237846314689	0.86983795086252	0.444240291684622
1	6324	null_6323	L	H	932	806	180	0	0	82	1918	null_6323_H	0.041	0.607924921793535	0.795620437956204	0.426047727418529
1	6325	null_6324	H	L	1446	424	29	0	0	101	1899	null_6324_L	0.0505	0.253817798841496	0.28436018957346	0.219936714564718
1	6326	null_6325	L	H	1651	249	7	0	0	93	1907	null_6325_H	0.0465	0.13791295228107	0.145254326166754	0.126234343759873
1	6327	null_6326	H	L	1562	333	17	0	0	88	1912	null_6326_L	0.044	0.191945606694561	0.209728033472803	0.17288491754346
1	6328	null_6327	L	H	1681	219	7	0	0	93	1907	null_6327_H	0.0465	0.122181436811746	0.129522810697431	0.114594507196048
1	6329	null_6328	L	H	1317	518	66	0	0	99	1901	null_6328_H	0.0495	0.341925302472383	0.411362440820621	0.29444952834979
1	6330	null_6329	L	H	1492	378	26	0	0	104	1896	null_6329_H	0.052	0.226793248945148	0.2542194092827	0.202784231515605
1	6331	null_6330	L	H	684	918	307	0	0	91	1909	null_6330_H	0.0455	0.802514405447879	1.124148768989	0.480119398037638
1	6332	null_6331	H	L	1183	632	75	0	0	110	1890	null_6331_L	0.055	0.413756613756614	0.493121693121693	0.321927157694353
1	6333	null_6332	H	L	861	831	199	0	0	109	1891	null_6332_L	0.0545	0.649920676890534	0.860391327340032	0.437994441090182
1	6334	null_6333	L	H	1204	605	85	0	0	106	1894	null_6333_H	0.053	0.409186906019007	0.498944033790919	0.331510109733511
1	6335	null_6334	H	L	1685	216	10	0	0	89	1911	null_6334_L	0.0445	0.123495552066981	0.13396127681842	0.118710125438091
1	6336	null_6335	H	L	837	844	225	0	0	94	1906	null_6335_L	0.047	0.67890870933893	0.915005246589717	0.454088210973465
1	6337	null_6336	H	L	1085	698	127	0	0	90	1910	null_6336_L	0.045	0.498429319371728	0.631413612565445	0.382981826156081
1	6338	null_6337	L	H	1546	334	18	0	0	102	1898	null_6337_H	0.051	0.194942044257113	0.21390937829294	0.175906977673798
1	6339	null_6338	L	H	646	952	303	0	0	99	1901	null_6338_H	0.0495	0.819568648079958	1.1383482377696	0.466655468853985
1	6340	null_6339	L	H	638	906	349	0	0	107	1893	null_6339_H	0.0535	0.847332276809297	1.21605916534601	0.498087178023184
1	6341	null_6340	H	L	790	844	242	0	0	124	1876	null_6340_L	0.062	0.707889125799574	0.965884861407249	0.464777846981965
1	6342	null_6341	L	H	846	817	236	0	0	101	1899	null_6341_H	0.0505	0.678778304370721	0.927330173775671	0.46659018729128
1	6343	null_6342	L	H	685	877	327	0	0	111	1889	null_6342_H	0.0555	0.810481736368449	1.15669666490206	0.499816019915249
1	6344	null_6343	H	L	1185	636	88	0	0	91	1909	null_6343_L	0.0455	0.425353588266108	0.517548454688319	0.336622779637465
1	6345	null_6344	L	H	661	892	353	0	0	94	1906	null_6344_H	0.047	0.838405036726128	1.20881427072403	0.50589126511629
1	6346	null_6345	L	H	897	803	204	0	0	96	1904	null_6345_H	0.048	0.636029411764706	0.85031512605042	0.445781713420662
1	6347	null_6346	L	H	1340	515	43	0	0	102	1898	null_6346_H	0.051	0.316649104320337	0.361959957850369	0.261693302583497
1	6348	null_6347	H	L	867	812	210	0	0	111	1889	null_6347_L	0.0555	0.652196929592377	0.874536791953415	0.449175956983691
1	6349	null_6348	H	L	915	813	164	0	0	108	1892	null_6348_L	0.054	0.603065539112051	0.776427061310782	0.412739016846274
1	6350	null_6349	L	H	889	816	203	0	0	92	1908	null_6349_H	0.046	0.640461215932914	0.853249475890985	0.443058906776719
1	6351	null_6350	H	L	714	925	279	0	0	82	1918	null_6350_L	0.041	0.773201251303441	1.06412930135558	0.466289126338372
1	6352	null_6351	H	L	546	907	427	0	0	120	1880	null_6351_L	0.06	0.936702127659574	1.39095744680851	0.513546570846537
1	6353	null_6352	H	L	912	800	211	0	0	77	1923	null_6352_L	0.0385	0.635465418616745	0.854914196567863	0.451097898310108
1	6354	null_6353	L	H	1045	715	137	0	0	103	1897	null_6353_H	0.0515	0.521349499209278	0.665788086452293	0.393982786126528
1	6355	null_6354	H	L	1406	492	24	0	0	78	1922	null_6354_L	0.039	0.280957336108221	0.305931321540062	0.226994296827035
1	6356	null_6355	H	L	840	894	183	0	0	83	1917	null_6355_L	0.0415	0.657276995305164	0.848200312989046	0.41618726443166
1	6357	null_6356	L	H	784	839	280	0	0	97	1903	null_6356_H	0.0485	0.735155018392013	1.02942722017867	0.488974319111705
1	6358	null_6357	L	H	1402	458	43	0	0	97	1903	null_6357_H	0.0485	0.285864424592748	0.331056227009984	0.249337757762241
1	6359	null_6358	H	L	1264	588	48	0	0	100	1900	null_6358_L	0.05	0.36	0.410526315789474	0.280926315789474
1	6360	null_6359	L	H	882	798	217	0	0	103	1897	null_6359_H	0.0515	0.649446494464945	0.878228782287823	0.456448033115018
1	6361	null_6360	L	H	1015	743	144	0	0	98	1902	null_6360_H	0.049	0.542060988433228	0.69348054679285	0.399650431611641
1	6362	null_6361	H	L	892	816	173	0	0	119	1881	null_6361_L	0.0595	0.617756512493355	0.801701222753854	0.420078114025902
1	6363	null_6362	L	H	715	895	284	0	0	106	1894	null_6362_H	0.053	0.772439281942978	1.07233368532207	0.475671241033487
1	6364	null_6363	H	L	1369	487	42	0	0	102	1898	null_6363_L	0.051	0.300842992623815	0.345100105374078	0.254593599163225
1	6365	null_6364	H	L	1523	367	27	0	0	83	1917	null_6364_L	0.0415	0.21961398017736	0.247782994261868	0.199552693972525
1	6366	null_6365	L	H	932	802	154	0	0	112	1888	null_6365_H	0.056	0.587923728813559	0.751059322033898	0.405405011131859
1	6367	null_6366	L	H	1033	712	137	0	0	118	1882	null_6366_H	0.059	0.523910733262487	0.669500531349628	0.395018074921992
1	6368	null_6367	L	H	1135	681	86	0	0	98	1902	null_6367_H	0.049	0.448475289169295	0.538906414300736	0.337776329305253
1	6369	null_6368	L	H	583	931	387	0	0	99	1901	null_6368_H	0.0495	0.896896370331405	1.30405049973698	0.499627400623333
1	6370	null_6369	L	H	658	938	316	0	0	88	1912	null_6369_H	0.044	0.821129707112971	1.15167364016736	0.477419644263931
1	6371	null_6370	L	H	1644	245	9	0	0	102	1898	null_6370_H	0.051	0.138566912539515	0.148050579557429	0.128849790306695
1	6372	null_6371	H	L	1406	473	34	0	0	87	1913	null_6371_L	0.0435	0.282801881860951	0.318348144276006	0.238371239891911
1	6373	null_6372	H	L	566	942	397	0	0	95	1905	null_6372_L	0.0475	0.911286089238845	1.32808398950131	0.497641653061084
1	6374	null_6373	L	H	1172	655	93	0	0	80	1920	null_6373_H	0.04	0.438020833333333	0.534895833333333	0.343033582899306
1	6375	null_6374	H	L	552	926	407	0	0	115	1885	null_6374_L	0.0575	0.923076923076923	1.35490716180371	0.502836155886554
1	6376	null_6375	H	L	1603	287	16	0	0	94	1906	null_6375_L	0.047	0.167366211962225	0.184155299055614	0.15614385014903
1	6377	null_6376	L	H	1509	375	21	0	0	95	1905	null_6376_H	0.0475	0.218897637795276	0.240944881889764	0.193028706057412
1	6378	null_6377	L	H	738	891	271	0	0	100	1900	null_6377_H	0.05	0.75421052631579	1.03947368421053	0.470640166204986
1	6379	null_6378	L	H	1194	614	90	0	0	102	1898	null_6378_H	0.051	0.418335089567966	0.513171759747102	0.338167512583264
1	6380	null_6379	H	L	889	833	173	0	0	105	1895	null_6379_L	0.0525	0.622163588390501	0.804749340369393	0.417661809650448
1	6381	null_6380	L	H	1473	407	30	0	0	90	1910	null_6380_H	0.045	0.244502617801047	0.275916230366492	0.216134700254927
1	6382	null_6381	L	H	972	762	156	0	0	110	1890	null_6381_H	0.055	0.568253968253968	0.733333333333333	0.410420760896951
1	6383	null_6382	H	L	789	888	217	0	0	106	1894	null_6382_L	0.053	0.697993664202746	0.92713833157339	0.439943176306215
1	6384	null_6383	L	H	1134	631	109	0	0	126	1874	null_6383_H	0.063	0.453041622198506	0.569370330843116	0.364123619398863
1	6385	null_6384	H	L	1191	634	85	0	0	90	1910	null_6384_L	0.045	0.420942408376963	0.509947643979058	0.332755132808859
1	6386	null_6385	H	L	1576	297	14	0	0	113	1887	null_6385_L	0.0565	0.172231054583996	0.18706942236354	0.157405886200425
1	6387	null_6386	L	H	1031	737	141	0	0	91	1909	null_6386_H	0.0455	0.533787323205867	0.681508643268727	0.396579736853442
1	6388	null_6387	L	H	1481	396	29	0	0	94	1906	null_6387_H	0.047	0.238195173137461	0.268625393494229	0.211888452988244
1	6389	null_6388	L	H	777	897	249	0	0	77	1923	null_6388_H	0.0385	0.725429017160686	0.984399375975039	0.45815211703632
1	6390	null_6389	L	H	1418	449	27	0	0	106	1894	null_6389_H	0.053	0.265575501583949	0.294086589229145	0.223556242187578
1	6391	null_6390	H	L	757	880	258	0	0	105	1895	null_6390_L	0.0525	0.736675461741425	1.0089709762533	0.466280240321357
1	6392	null_6391	L	H	1297	551	47	0	0	105	1895	null_6391_H	0.0525	0.340369393139842	0.389973614775726	0.274122290989342
1	6393	null_6392	H	L	861	840	216	0	0	83	1917	null_6392_L	0.0415	0.663536776212833	0.888888888888889	0.44860783550197
1	6394	null_6393	L	H	1112	684	93	0	0	111	1889	null_6393_H	0.0555	0.460561143462149	0.559025939650609	0.346909372783446
1	6395	null_6394	H	L	1256	583	68	0	0	93	1907	null_6394_L	0.0465	0.377031987414788	0.448348190875721	0.306195071341777
1	6396	null_6395	L	H	933	781	190	0	0	96	1904	null_6395_H	0.048	0.609768907563025	0.809348739495798	0.437530618865193
1	6397	null_6396	H	L	591	950	350	0	0	109	1891	null_6396_L	0.0545	0.872554204124802	1.24272871496563	0.481377875829761
1	6398	null_6397	H	L	1068	710	117	0	0	105	1895	null_6397_L	0.0525	0.498153034300792	0.621635883905013	0.373479438321928
1	6399	null_6398	L	H	943	775	170	0	0	112	1888	null_6398_H	0.056	0.590572033898305	0.770656779661017	0.421881452438236
1	6400	null_6399	H	L	946	806	154	0	0	94	1906	null_6399_L	0.047	0.584470094438615	0.746065057712487	0.404459766419404
1	6401	null_6400	H	L	1111	701	97	0	0	91	1909	null_6400_L	0.0455	0.468831849135673	0.570455735987428	0.350652433223453
1	6402	null_6401	H	L	1023	747	131	0	0	99	1901	null_6401_L	0.0495	0.530773277222514	0.668595476065229	0.386875204251701
1	6403	null_6402	L	H	517	960	415	0	0	108	1892	null_6402_H	0.054	0.946088794926004	1.38477801268499	0.489694004800451
1	6404	null_6403	H	L	1387	438	46	0	0	129	1871	null_6403_L	0.0645	0.283270978086585	0.332442544094067	0.252200097067937
1	6405	null_6404	H	L	1599	292	18	0	0	91	1909	null_6404_L	0.0455	0.171817705605029	0.190675746464117	0.161154422504741
1	6406	null_6405	H	L	789	864	249	0	0	98	1902	null_6405_L	0.049	0.71608832807571	0.977917981072555	0.46513548746629
1	6407	null_6406	L	H	1098	675	134	0	0	93	1907	null_6406_H	0.0465	0.494493969585737	0.635028841111694	0.390504555155034
1	6408	null_6407	H	L	599	933	366	0	0	102	1898	null_6407_L	0.051	0.877239199157007	1.26290832455216	0.493359712014533
1	6409	null_6408	L	H	1476	405	22	0	0	97	1903	null_6408_H	0.0485	0.235943247503941	0.259064634787178	0.203395418744472
1	6410	null_6409	H	L	904	823	163	0	0	110	1890	null_6409_L	0.055	0.607936507936508	0.780423280423281	0.410836482741245
1	6411	null_6410	L	H	1256	583	57	0	0	104	1896	null_6410_H	0.052	0.367616033755274	0.427742616033755	0.292601067759796
1	6412	null_6411	H	L	1407	446	32	0	0	115	1885	null_6411_L	0.0575	0.270557029177719	0.304509283819629	0.231308177782156
1	6413	null_6412	H	L	1142	659	101	0	0	98	1902	null_6412_L	0.049	0.452681388012618	0.558885383806519	0.353964944753489
1	6414	null_6413	H	L	1415	447	38	0	0	100	1900	null_6413_L	0.05	0.275263157894737	0.315263157894737	0.239493351800554
1	6415	null_6414	H	L	1033	753	132	0	0	82	1918	null_6414_L	0.041	0.530239833159541	0.667883211678832	0.386728931009774
1	6416	null_6415	L	H	826	845	211	0	0	118	1882	null_6415_H	0.059	0.673219978746015	0.897449521785335	0.44422438200255
1	6417	null_6416	H	L	601	903	410	0	0	86	1914	null_6416_L	0.043	0.900208986415883	1.32863113897597	0.518254919752055
1	6418	null_6417	L	H	1149	651	88	0	0	112	1888	null_6417_H	0.056	0.438029661016949	0.53125	0.339380016069377
1	6419	null_6418	H	L	1477	405	35	0	0	83	1917	null_6418_L	0.0415	0.247782994261868	0.284298382889932	0.222901970644556
1	6420	null_6419	L	H	1197	628	74	0	0	101	1899	null_6419_H	0.0505	0.408636124275935	0.486571879936809	0.319588397873552
1	6421	null_6420	H	L	1446	418	31	0	0	105	1895	null_6420_L	0.0525	0.253298153034301	0.286015831134565	0.221855876803977
1	6422	null_6421	H	L	524	958	424	0	0	94	1906	null_6421_L	0.047	0.947534102833158	1.39244491080797	0.494624034776136
1	6423	null_6422	H	L	1250	595	60	0	0	95	1905	null_6422_L	0.0475	0.375328083989501	0.438320209973753	0.297449039342523
1	6424	null_6423	L	H	1024	767	128	0	0	81	1919	null_6423_H	0.0405	0.533090151120375	0.666492965085982	0.382307855864438
1	6425	null_6424	L	H	968	763	155	0	0	114	1886	null_6424_H	0.057	0.568928950159067	0.733297985153765	0.409617834824667
1	6426	null_6425	L	H	1291	564	49	0	0	96	1904	null_6425_H	0.048	0.347689075630252	0.399159663865546	0.278271970552927
1	6427	null_6426	H	L	1389	461	42	0	0	108	1892	null_6426_L	0.054	0.288054968287526	0.332452431289641	0.249476766534513
1	6428	null_6427	L	H	959	783	152	0	0	106	1894	null_6427_H	0.053	0.573917634635692	0.734424498416051	0.405043047070223
1	6429	null_6428	L	H	1206	623	69	0	0	102	1898	null_6428_H	0.051	0.400948366701791	0.473656480505796	0.312896887744961
1	6430	null_6429	H	L	754	872	265	0	0	109	1891	null_6429_L	0.0545	0.741406663141195	1.02168164992068	0.471997809770515
1	6431	null_6430	L	H	646	929	314	0	0	111	1889	null_6430_H	0.0555	0.824245632609846	1.15669666490206	0.477315802025659
1	6432	null_6431	L	H	1533	347	19	0	0	101	1899	null_6431_H	0.0505	0.202738283307004	0.222748815165877	0.181646003647606
1	6433	null_6432	L	H	1417	435	45	0	0	103	1897	null_6432_H	0.0515	0.276752767527675	0.324196099103848	0.247604004769621
1	6434	null_6433	H	L	1543	341	12	0	0	104	1896	null_6433_L	0.052	0.192510548523207	0.205168776371308	0.168108465078602
1	6435	null_6434	L	H	805	880	219	0	0	96	1904	null_6434_H	0.048	0.692226890756303	0.922268907563025	0.443090839276887
1	6436	null_6435	H	L	1073	728	105	0	0	94	1906	null_6435_L	0.047	0.492130115424974	0.602308499475341	0.360116448967143
1	6437	null_6436	H	L	1223	598	84	0	0	95	1905	null_6436_L	0.0475	0.402099737532808	0.490288713910761	0.328604514986808
1	6438	null_6437	L	H	1071	698	107	0	0	124	1876	null_6437_H	0.062	0.486140724946695	0.600213219616205	0.363880415164506
1	6439	null_6438	H	L	1673	219	7	0	0	101	1899	null_6438_L	0.0505	0.122696155871511	0.130068457082675	0.115014110417029
1	6440	null_6439	L	H	1693	207	7	0	0	93	1907	null_6439_H	0.0465	0.115888830624017	0.123230204509701	0.109799983446299
1	6441	null_6440	L	H	754	871	270	0	0	105	1895	null_6440_H	0.0525	0.744591029023747	1.02955145118734	0.475135650684693
1	6442	null_6441	L	H	597	944	355	0	0	104	1896	null_6441_H	0.052	0.872362869198312	1.24683544303797	0.485818467482063
1	6443	null_6442	H	L	1581	301	19	0	0	99	1901	null_6442_L	0.0495	0.17832719621252	0.198316675433982	0.166516086524964
1	6444	null_6443	L	H	1297	558	58	0	0	87	1913	null_6443_H	0.0435	0.352326189231573	0.412963930998432	0.288830187379989
1	6445	null_6444	L	H	693	926	292	0	0	89	1911	null_6444_H	0.0445	0.790162218733647	1.09576138147567	0.471405049561587
1	6446	null_6445	H	L	1188	629	78	0	0	105	1895	null_6445_L	0.0525	0.414248021108179	0.496569920844327	0.324968497852285
1	6447	null_6446	H	L	1508	370	28	0	0	94	1906	null_6446_L	0.047	0.223504721930745	0.252885624344176	0.202931263618837
1	6448	null_6447	L	H	1154	631	115	0	0	100	1900	null_6447_H	0.05	0.453157894736842	0.57421052631579	0.368858448753463
1	6449	null_6448	H	L	1612	283	11	0	0	94	1906	null_6448_L	0.047	0.160020986358867	0.171563483735572	0.145956767660307
1	6450	null_6449	L	H	1005	744	150	0	0	101	1899	null_6449_H	0.0505	0.549763033175355	0.707740916271722	0.405501523625555
1	6451	null_6450	L	H	1645	224	11	0	0	120	1880	null_6450_H	0.06	0.130851063829787	0.142553191489362	0.125431190583975
1	6452	null_6451	H	L	645	911	332	0	0	112	1888	null_6451_L	0.056	0.834216101694915	1.18591101694915	0.489994512622091
1	6453	null_6452	L	H	1593	301	18	0	0	88	1912	null_6452_H	0.044	0.176255230125523	0.195083682008368	0.164017775861767
1	6454	null_6453	L	H	1025	754	124	0	0	97	1903	null_6453_H	0.0485	0.526537046768261	0.656857593273778	0.379616331654337
1	6455	null_6454	L	H	811	889	217	0	0	83	1917	null_6454_H	0.0415	0.690140845070423	0.916536254564424	0.440241868529907
1	6456	null_6455	H	L	949	780	176	0	0	95	1905	null_6455_L	0.0475	0.594225721784777	0.779002624671916	0.425898416241277
1	6457	null_6456	H	L	576	926	410	0	0	88	1912	null_6456_L	0.044	0.913179916317992	1.34205020920502	0.508152649638487
1	6458	null_6457	H	L	1105	656	130	0	0	109	1891	null_6457_L	0.0545	0.484399788471708	0.621893178212586	0.38725002314115
1	6459	null_6458	L	H	577	951	367	0	0	105	1895	null_6458_H	0.0525	0.889182058047494	1.27651715039578	0.485872418042202
1	6460	null_6459	H	L	1261	573	71	0	0	95	1905	null_6459_L	0.0475	0.375328083989501	0.4498687664042	0.308997595772969
1	6461	null_6460	L	H	499	930	462	0	0	109	1891	null_6460_H	0.0545	0.980433632998414	1.4690639873083	0.507813878593835
1	6462	null_6461	H	L	523	973	412	0	0	92	1908	null_6461_L	0.046	0.941823899371069	1.37368972746331	0.486657470036787
1	6463	null_6462	L	H	894	803	206	0	0	97	1903	null_6462_H	0.0485	0.638465580662112	0.85496584340515	0.447327545714941
1	6464	null_6463	L	H	1439	437	29	0	0	95	1905	null_6463_H	0.0475	0.259842519685039	0.290288713910761	0.222770578874491
1	6465	null_6464	L	H	1687	216	6	0	0	91	1909	null_6464_H	0.0455	0.119434258774227	0.125720272393924	0.111455730224974
1	6466	null_6465	L	H	784	847	260	0	0	109	1891	null_6465_H	0.0545	0.722897937599154	0.997884717080909	0.475303288895799
1	6467	null_6466	L	H	669	922	296	0	0	113	1887	null_6466_H	0.0565	0.802331743508214	1.11605723370429	0.472321007063362
1	6468	null_6467	L	H	524	955	413	0	0	108	1892	null_6467_H	0.054	0.941331923890063	1.37790697674419	0.491801185809618
1	6469	null_6468	L	H	1528	351	10	0	0	111	1889	null_6468_H	0.0555	0.19640021175225	0.206987824245633	0.168414781069304
1	6470	null_6469	H	L	1326	519	49	0	0	106	1894	null_6469_L	0.053	0.325765575501584	0.377507919746568	0.27138470956469
1	6471	null_6470	H	L	1567	304	21	0	0	108	1892	null_6470_L	0.054	0.182875264270613	0.20507399577167	0.171630633489624
1	6472	null_6471	L	H	1611	276	6	0	0	107	1893	null_6471_H	0.0535	0.152139461172742	0.158478605388273	0.13533218974234
1	6473	null_6472	L	H	985	793	115	0	0	107	1893	null_6472_H	0.0535	0.540412044374009	0.661912308505019	0.369867130800522
1	6474	null_6473	L	H	662	920	315	0	0	103	1897	null_6473_H	0.0515	0.817079599367422	1.14918292040063	0.481563848698205
1	6475	null_6474	H	L	955	773	169	0	0	103	1897	null_6474_L	0.0515	0.585661570901423	0.763837638376384	0.420838162745661
1	6476	null_6475	H	L	1045	722	142	0	0	91	1909	null_6475_L	0.0455	0.526977475117863	0.675746464117339	0.398041204835741
1	6477	null_6476	H	L	581	968	367	0	0	84	1916	null_6476_L	0.042	0.888308977035491	1.2713987473904	0.482305908708557
1	6478	null_6477	H	L	871	821	213	0	0	95	1905	null_6477_L	0.0475	0.654593175853018	0.878215223097113	0.449722997223772
1	6479	null_6478	H	L	1442	422	29	0	0	107	1893	null_6478_L	0.0535	0.253565768621236	0.284204965662969	0.219909366646491
1	6480	null_6479	L	H	1483	384	24	0	0	109	1891	null_6479_H	0.0545	0.228450555261766	0.253833950290851	0.201644294091442
1	6481	null_6480	H	L	654	916	316	0	0	114	1886	null_6480_L	0.057	0.820784729586426	1.1558854718982	0.482197899575934
1	6482	null_6481	H	L	1387	471	42	0	0	100	1900	null_6481_L	0.05	0.292105263157895	0.336315789473684	0.250990304709141
1	6483	null_6482	L	H	595	901	399	0	0	105	1895	null_6482_H	0.0525	0.896569920844327	1.31767810026385	0.513840477301049
1	6484	null_6483	H	L	688	892	327	0	0	93	1907	null_6483_L	0.0465	0.81069743051914	1.15364446775039	0.496414143900057
1	6485	null_6484	H	L	719	937	274	0	0	70	1930	null_6484_L	0.035	0.769430051813472	1.05336787564767	0.461345271013987
1	6486	null_6485	L	H	837	819	237	0	0	107	1893	null_6485_H	0.0535	0.683042789223455	0.933438985736925	0.466891533826769
1	6487	null_6486	L	H	1444	446	34	0	0	76	1924	null_6486_H	0.038	0.267151767151767	0.302494802494802	0.23112473580249
1	6488	null_6487	L	H	618	929	339	0	0	114	1886	null_6487_H	0.057	0.852067868504772	1.21155885471898	0.485539202180717
1	6489	null_6488	H	L	932	833	152	0	0	83	1917	null_6488_L	0.0415	0.593114241001565	0.75169535732916	0.399910854450298
1	6490	null_6489	L	H	580	929	388	0	0	103	1897	null_6489_H	0.0515	0.898787559304165	1.3078545071165	0.500035430356563
1	6491	null_6490	L	H	1000	766	139	0	0	95	1905	null_6490_H	0.0475	0.548031496062992	0.693963254593176	0.393624733916134
1	6492	null_6491	L	H	967	798	143	0	0	92	1908	null_6491_H	0.046	0.568134171907757	0.718029350104822	0.395252912815509
1	6493	null_6492	L	H	986	749	157	0	0	108	1892	null_6492_H	0.054	0.56183932346723	0.727801268498943	0.412137843104828
1	6494	null_6493	L	H	702	906	305	0	0	87	1913	null_6493_H	0.0435	0.792472556194459	1.11134343962363	0.483330687302248
1	6495	null_6494	L	H	758	873	269	0	0	100	1900	null_6494_H	0.05	0.742631578947368	1.02578947368421	0.474287811634349
1	6496	null_6495	L	H	1157	649	91	0	0	103	1897	null_6495_H	0.0515	0.438060094886663	0.534001054296257	0.342104407564145
1	6497	null_6496	L	H	1437	433	35	0	0	95	1905	null_6496_H	0.0475	0.264041994750656	0.300787401574803	0.231069226582898
1	6498	null_6497	H	L	1525	348	21	0	0	106	1894	null_6497_L	0.053	0.205913410770855	0.228088701161563	0.185688368426276
1	6499	null_6498	H	L	544	1006	360	0	0	90	1910	null_6498_L	0.045	0.903664921465969	1.28062827225131	0.464017981963214
1	6500	null_6499	H	L	820	864	223	0	0	93	1907	null_6499_L	0.0465	0.686942842160461	0.920818038804405	0.448927570408912
1	6501	null_6500	H	L	580	937	386	0	0	97	1903	null_6500_L	0.0485	0.89805570152391	1.3037309511298	0.497226908090194
1	6502	null_6501	H	L	826	883	195	0	0	96	1904	null_6501_L	0.048	0.66859243697479	0.873424369747899	0.426408522968011
1	6503	null_6502	L	H	618	966	317	0	0	99	1901	null_6502_H	0.0495	0.841662283008943	1.17517096265124	0.466775564011411
1	6504	null_6503	L	H	1625	272	8	0	0	95	1905	null_6503_H	0.0475	0.151181102362205	0.159580052493438	0.136724326781987
1	6505	null_6504	L	H	1234	588	69	0	0	109	1891	null_6504_H	0.0545	0.383923849814913	0.456901110523533	0.309503588066829
1	6506	null_6505	H	L	1151	669	78	0	0	102	1898	null_6505_L	0.051	0.434668071654373	0.516859852476291	0.32792351996056
1	6507	null_6506	L	H	773	851	266	0	0	110	1890	null_6506_H	0.055	0.731746031746032	1.01322751322751	0.477775258251449
1	6508	null_6507	H	L	1607	278	15	0	0	100	1900	null_6507_L	0.05	0.162105263157895	0.177894736842105	0.151616620498615
1	6509	null_6508	L	H	1446	413	31	0	0	110	1890	null_6508_H	0.055	0.251322751322751	0.284126984126984	0.220963858794547
1	6510	null_6509	L	H	497	935	473	0	0	95	1905	null_6509_H	0.0475	0.98740157480315	1.48398950131234	0.509027631388596
1	6511	null_6510	L	H	682	892	333	0	0	93	1907	null_6510_H	0.0465	0.816990036706869	1.16622968012585	0.49875696004756
1	6512	null_6511	L	H	911	823	179	0	0	87	1913	null_6511_H	0.0435	0.617354939884997	0.804495556717198	0.423368434916789
1	6513	null_6512	L	H	1184	638	80	0	0	98	1902	null_6512_H	0.049	0.419558359621451	0.503680336487907	0.327651119359665
1	6514	null_6513	L	H	572	938	368	0	0	122	1878	null_6513_H	0.061	0.891373801916933	1.28328008519702	0.488732830453171
1	6515	null_6514	L	H	1278	555	72	0	0	95	1905	null_6514_H	0.0475	0.366929133858268	0.44251968503937	0.307882695765392
1	6516	null_6515	H	L	1037	713	132	0	0	118	1882	null_6515_L	0.059	0.519128586609989	0.659404888416578	0.389910398980893
1	6517	null_6516	H	L	1614	291	17	0	0	78	1922	null_6516_L	0.039	0.169094693028096	0.18678459937565	0.158191584165384
1	6518	null_6517	H	L	1599	284	12	0	0	105	1895	null_6517_L	0.0525	0.162532981530343	0.175197889182058	0.148780919096915
1	6519	null_6518	L	H	1243	583	76	0	0	98	1902	null_6518_H	0.049	0.386435331230284	0.466351209253418	0.317018944030358
1	6520	null_6519	H	L	778	868	243	0	0	111	1889	null_6519_L	0.0555	0.716781365802012	0.974060349391212	0.460284823030215
1	6521	null_6520	L	H	1235	591	76	0	0	98	1902	null_6520_H	0.049	0.390641430073607	0.47055730809674	0.317956581206788
1	6522	null_6521	L	H	948	786	169	0	0	97	1903	null_6521_H	0.0485	0.590646347871781	0.768260641093011	0.419397532838738
1	6523	null_6522	H	L	1324	515	50	0	0	111	1889	null_6522_L	0.0555	0.325569084171519	0.378507146638433	0.272511918070151
1	6524	null_6523	H	L	551	937	409	0	0	103	1897	null_6523_L	0.0515	0.925144965735372	1.35635213494992	0.500458927324419
1	6525	null_6524	L	H	745	911	251	0	0	93	1907	null_6524_H	0.0465	0.740954378605139	1.00419507079182	0.455181679617692
1	6526	null_6525	H	L	1472	393	22	0	0	113	1887	null_6525_L	0.0565	0.231584525702173	0.254901960784314	0.201270568239613
1	6527	null_6526	H	L	1052	716	122	0	0	110	1890	null_6526_L	0.055	0.507936507936508	0.637037037037037	0.379037540942303
1	6528	null_6527	L	H	646	902	351	0	0	101	1899	null_6527_H	0.0505	0.844655081621906	1.2143233280674	0.500881121157695
1	6529	null_6528	L	H	603	957	329	0	0	111	1889	null_6528_H	0.0555	0.854949708840656	1.20328215987295	0.472343155226225
1	6530	null_6529	L	H	479	972	455	0	0	94	1906	null_6529_H	0.047	0.987408184679958	1.46484784889822	0.489872925725246
1	6531	null_6530	H	L	993	777	135	0	0	95	1905	null_6530_L	0.0475	0.549606299212598	0.691338582677165	0.389271498542997
1	6532	null_6531	H	L	860	826	206	0	0	108	1892	null_6531_L	0.054	0.654334038054968	0.872093023255814	0.443939989898493
1	6533	null_6532	H	L	1503	373	27	0	0	97	1903	null_6532_L	0.0485	0.224382553862323	0.25275880189175	0.202411271413972
1	6534	null_6533	H	L	1187	630	76	0	0	107	1893	null_6533_L	0.0535	0.413100898045431	0.493396724775489	0.322744372809547
1	6535	null_6534	L	H	946	790	186	0	0	78	1922	null_6534_H	0.039	0.604578563995838	0.798126951092612	0.432611711049343
1	6536	null_6535	L	H	1722	178	5	0	0	95	1905	null_6535_H	0.0475	0.0986876640419947	0.103937007874016	0.0941977528399501
1	6537	null_6536	H	L	1087	702	103	0	0	108	1892	null_6536_L	0.054	0.479915433403806	0.588794926004228	0.358476102785066
1	6538	null_6537	H	L	1138	654	89	0	0	119	1881	null_6537_L	0.0595	0.442317916002127	0.536948431685274	0.34130329286881
1	6539	null_6538	L	H	822	869	230	0	0	79	1921	null_6538_H	0.0395	0.691827173347215	0.931285788651744	0.452660950870146
1	6540	null_6539	H	L	923	775	191	0	0	111	1889	null_6539_L	0.0555	0.612493382742192	0.814716781365802	0.439568637462829
1	6541	null_6540	L	H	1226	588	82	0	0	104	1896	null_6540_H	0.052	0.39662447257384	0.483122362869198	0.325811390624722
1	6542	null_6541	H	L	1382	449	52	0	0	117	1883	null_6541_L	0.0585	0.29368029739777	0.348911311736591	0.262663194656948
1	6543	null_6542	L	H	723	865	289	0	0	123	1877	null_6542_H	0.0615	0.768779968034097	1.07671816728823	0.485695528037719
1	6544	null_6543	H	L	1185	643	71	0	0	101	1899	null_6543_L	0.0505	0.413375460768826	0.488151658767773	0.317272387201934
1	6545	null_6544	L	H	997	748	167	0	0	88	1912	null_6544_H	0.044	0.565899581589958	0.740585774058577	0.420343437614888
1	6546	null_6545	L	H	1158	649	80	0	0	113	1887	null_6545_H	0.0565	0.428722840487546	0.513513513513514	0.329710239557803
1	6547	null_6546	L	H	711	900	291	0	0	98	1902	null_6546_H	0.049	0.779179810725552	1.08517350157729	0.47805232413498
1	6548	null_6547	H	L	1356	488	36	0	0	120	1880	null_6547_L	0.06	0.297872340425532	0.336170212765957	0.247442281575373
1	6549	null_6548	H	L	480	995	429	0	0	96	1904	null_6548_L	0.048	0.973214285714286	1.42384453781513	0.476698491896759
1	6550	null_6549	L	H	1347	498	50	0	0	105	1895	null_6549_H	0.0525	0.3155672823219	0.368337730870712	0.268755021198683
1	6551	null_6550	L	H	759	883	252	0	0	106	1894	null_6550_H	0.053	0.732312565997888	0.998416050686378	0.462134356367967
1	6552	null_6551	L	H	824	850	233	0	0	93	1907	null_6551_H	0.0465	0.690089145254326	0.934452018877819	0.458228990479972
1	6553	null_6552	H	L	702	891	301	0	0	106	1894	null_6552_L	0.053	0.788278775079197	1.10612460401267	0.484741176772312
1	6554	null_6553	L	H	472	978	450	0	0	100	1900	null_6553_H	0.05	0.988421052631579	1.46210526315789	0.485129085872576
1	6555	null_6554	H	L	550	933	400	0	0	117	1883	null_6554_L	0.0585	0.920339883165162	1.34519383961763	0.498168339073167
1	6556	null_6555	L	H	483	981	441	0	0	95	1905	null_6555_H	0.0475	0.977952755905512	1.44094488188976	0.484553289106578
1	6557	null_6556	L	H	1159	647	86	0	0	108	1892	null_6556_H	0.054	0.432875264270613	0.523784355179704	0.336403360762351
1	6558	null_6557	L	H	1397	463	36	0	0	104	1896	null_6557_H	0.052	0.282172995780591	0.320147679324895	0.240526079777101
1	6559	null_6558	L	H	616	886	399	0	0	99	1901	null_6558_H	0.0495	0.885849552866912	1.30562861651762	0.520899186203114
1	6560	null_6559	H	L	695	926	269	0	0	110	1890	null_6559_L	0.055	0.774603174603175	1.05925925925926	0.459249181153943
1	6561	null_6560	L	H	1604	288	11	0	0	97	1903	null_6560_H	0.0485	0.162900683131897	0.174461376773516	0.147924744208677
1	6562	null_6561	L	H	531	956	394	0	0	119	1881	null_6561_H	0.0595	0.927166400850611	1.34609250398724	0.486454969120964
1	6563	null_6562	H	L	1562	321	19	0	0	98	1902	null_6562_L	0.049	0.188748685594111	0.208727655099895	0.17310158878639
1	6564	null_6563	H	L	710	892	297	0	0	101	1899	null_6563_L	0.0505	0.782517114270669	1.09531332280147	0.48298028867498
1	6565	null_6564	L	H	1168	664	76	0	0	92	1908	null_6564_H	0.046	0.427672955974843	0.507337526205451	0.324433368933191
1	6566	null_6565	H	L	701	920	272	0	0	107	1893	null_6565_L	0.0535	0.77337559429477	1.0607501320655	0.462640322214715
1	6567	null_6566	L	H	522	959	408	0	0	111	1889	null_6566_H	0.0555	0.939650608787718	1.37162519851773	0.488681931922605
1	6568	null_6567	L	H	815	871	223	0	0	91	1909	null_6567_H	0.0455	0.689889994761655	0.92352016762703	0.447571962754793
1	6569	null_6568	H	L	994	778	136	0	0	92	1908	null_6568_L	0.046	0.550314465408805	0.692872117400419	0.390026106562241
1	6570	null_6569	L	H	493	956	453	0	0	98	1902	null_6569_H	0.049	0.978969505783386	1.4553101997897	0.496928906535928
1	6571	null_6570	H	L	743	875	274	0	0	108	1892	null_6570_L	0.054	0.752114164904863	1.04175475687104	0.476079039820497
1	6572	null_6571	H	L	560	962	385	0	0	93	1907	null_6571_L	0.0465	0.908232826428946	1.31200839014158	0.487121523138472
1	6573	null_6572	H	L	1091	704	106	0	0	99	1901	null_6572_L	0.0495	0.48185165702262	0.593371909521305	0.36119089014586
1	6574	null_6573	L	H	888	819	199	0	0	94	1906	null_6573_H	0.047	0.638509968520462	0.847324239244491	0.43962925934449
1	6575	null_6574	L	H	493	976	419	0	0	112	1888	null_6574_H	0.056	0.960805084745763	1.40466101694915	0.48151460607584
1	6576	null_6575	H	L	1360	480	57	0	0	103	1897	null_6575_L	0.0515	0.313125988402741	0.373220875065894	0.2751729904527
1	6577	null_6576	L	H	1674	226	7	0	0	93	1907	null_6576_H	0.0465	0.125852123754588	0.133193497640273	0.117354740586732
1	6578	null_6577	H	L	787	870	232	0	0	111	1889	null_6577_L	0.0555	0.706193753308629	0.951826363155108	0.45311674594298
1	6579	null_6578	L	H	1001	776	134	0	0	89	1911	null_6578_H	0.0445	0.546310832025118	0.686551543694401	0.388096018506424
1	6580	null_6579	H	L	818	826	257	0	0	99	1901	null_6579_L	0.0495	0.70489216201999	0.975276170436612	0.478403210359397
1	6581	null_6580	H	L	979	771	156	0	0	94	1906	null_6580_L	0.047	0.568205666316894	0.73189926547744	0.409041586242814
1	6582	null_6581	H	L	756	909	223	0	0	112	1888	null_6581_L	0.056	0.717690677966102	0.953919491525424	0.438839582285981
1	6583	null_6582	L	H	1666	222	8	0	0	104	1896	null_6582_H	0.052	0.125527426160338	0.133966244725738	0.118209110007299
1	6584	null_6583	H	L	757	868	258	0	0	117	1883	null_6583_L	0.0585	0.734997344662772	1.00902814657461	0.468807049913289
1	6585	null_6584	L	H	517	963	398	0	0	122	1878	null_6584_H	0.061	0.936634717784878	1.3604898828541	0.483205288294143
1	6586	null_6585	H	L	1028	769	110	0	0	93	1907	null_6585_L	0.0465	0.5186156266387	0.633980073413739	0.365017905219888
1	6587	null_6586	L	H	549	947	395	0	0	109	1891	null_6586_H	0.0545	0.918561607615018	1.33632998413538	0.492574557151091
1	6588	null_6587	L	H	507	959	437	0	0	97	1903	null_6587_H	0.0485	0.963215974776668	1.42249080399369	0.494705789928727
1	6589	null_6588	H	L	1145	688	87	0	0	80	1920	null_6588_L	0.04	0.448958333333333	0.539583333333333	0.338019748263889
1	6590	null_6589	L	H	1336	521	46	0	0	97	1903	null_6589_H	0.0485	0.322122963741461	0.370467682606411	0.266704478836828
1	6591	null_6590	L	H	1343	517	50	0	0	90	1910	null_6590_H	0.045	0.32303664921466	0.375392670157068	0.271039993421233
1	6592	null_6591	H	L	904	797	210	0	0	89	1911	null_6591_L	0.0445	0.636839351125065	0.856619570905285	0.451055211763891
1	6593	null_6592	L	H	871	832	192	0	0	105	1895	null_6592_H	0.0525	0.641688654353562	0.844327176781003	0.432562847654917
1	6594	null_6593	H	L	1075	711	110	0	0	104	1896	null_6593_L	0.052	0.491033755274262	0.607067510548523	0.36595336172978
1	6595	null_6594	L	H	1016	752	143	0	0	89	1911	null_6594_H	0.0445	0.543171114599686	0.692830978545264	0.397796118809799
1	6596	null_6595	H	L	1371	488	42	0	0	99	1901	null_6595_L	0.0495	0.300894266175697	0.345081536033667	0.254544176616255
1	6597	null_6596	H	L	552	973	380	0	0	95	1905	null_6596_L	0.0475	0.909711286089239	1.30866141732283	0.481086793284698
1	6598	null_6597	L	H	1541	344	24	0	0	91	1909	null_6597_H	0.0455	0.205343111576742	0.230487166055526	0.188321372583508
1	6599	null_6598	L	H	1626	265	11	0	0	98	1902	null_6598_H	0.049	0.150893796004206	0.162460567823344	0.139691630150785
1	6600	null_6599	L	H	1384	458	32	0	0	126	1874	null_6599_H	0.063	0.27854855923159	0.312700106723586	0.235110806873591
1	6601	null_6600	H	L	730	918	270	0	0	82	1918	null_6600_L	0.041	0.760166840458811	1.04171011470282	0.463856489369684
1	6602	null_6601	L	H	1392	469	39	0	0	100	1900	null_6601_H	0.05	0.287894736842105	0.328947368421053	0.246063988919668
1	6603	null_6602	L	H	1286	550	62	0	0	102	1898	null_6602_H	0.051	0.355110642781876	0.420442571127503	0.294339002510546
1	6604	null_6603	H	L	719	937	256	0	0	88	1912	null_6603_L	0.044	0.757845188284519	1.02562761506276	0.451298285656764
1	6605	null_6604	H	L	1050	741	107	0	0	102	1898	null_6604_L	0.051	0.503161222339305	0.6159114857745	0.362740270108517
1	6606	null_6605	L	H	715	901	278	0	0	106	1894	null_6605_H	0.053	0.769271383315734	1.06282998944034	0.471051528251835
1	6607	null_6606	L	H	624	926	344	0	0	106	1894	null_6606_H	0.053	0.852164730728617	1.21541710665259	0.489232378354812
1	6608	null_6607	H	L	1436	452	28	0	0	84	1916	null_6607_L	0.042	0.265135699373695	0.294363256784969	0.22406631770259
1	6609	null_6608	L	H	614	949	345	0	0	92	1908	null_6608_H	0.046	0.859014675052411	1.2206498951782	0.482743683222798
1	6610	null_6609	L	H	832	857	203	0	0	108	1892	null_6609_H	0.054	0.667547568710359	0.882135306553911	0.436515550062799
1	6611	null_6610	L	H	735	882	286	0	0	97	1903	null_6610_H	0.0485	0.764056752496059	1.06463478717814	0.480852066143316
1	6612	null_6611	L	H	883	796	227	0	0	94	1906	null_6611_H	0.047	0.655823714585519	0.89401888772298	0.463914143110231
1	6613	null_6612	H	L	1610	274	15	0	0	101	1899	null_6612_L	0.0505	0.160084254870985	0.175882043180621	0.150255074523023
1	6614	null_6613	H	L	721	889	281	0	0	109	1891	null_6613_L	0.0545	0.767318878900053	1.06451612903226	0.475737867115824
1	6615	null_6614	L	H	1379	477	41	0	0	103	1897	null_6614_H	0.0515	0.294675803900896	0.337901950448076	0.251068121043437
1	6616	null_6615	H	L	803	882	225	0	0	90	1910	null_6615_L	0.045	0.69738219895288	0.932984293193717	0.446642361777364
1	6617	null_6616	L	H	1096	684	127	0	0	93	1907	null_6616_H	0.0465	0.49187205034085	0.625065547981122	0.383127434074611
1	6618	null_6617	H	L	681	902	328	0	0	89	1911	null_6617_L	0.0445	0.815279958137101	1.1585557299843	0.493874319844268
1	6619	null_6618	L	H	1416	452	36	0	0	96	1904	null_6618_H	0.048	0.275210084033613	0.313025210084034	0.237284619730245
1	6620	null_6619	H	L	761	866	279	0	0	94	1906	null_6619_L	0.047	0.747114375655824	1.0398740818468	0.481694191535208
1	6621	null_6620	L	H	1181	630	84	0	0	105	1895	null_6620_H	0.0525	0.421108179419525	0.50976253298153	0.332430434207503
1	6622	null_6621	L	H	797	842	262	0	0	99	1901	null_6621_H	0.0495	0.718569174118885	0.994213571804313	0.477871913810417
1	6623	null_6622	H	L	764	890	240	0	0	106	1894	null_6622_L	0.053	0.723336853220697	0.976768743400211	0.453552540172991
1	6624	null_6623	H	L	1366	477	52	0	0	105	1895	null_6623_L	0.0525	0.306596306068602	0.361477572559367	0.267476277664455
1	6625	null_6624	L	H	513	921	456	0	0	110	1890	null_6624_H	0.055	0.96984126984127	1.45238095238095	0.511788863693626
1	6626	null_6625	L	H	1630	267	9	0	0	94	1906	null_6625_H	0.047	0.149527806925498	0.15897166841553	0.136613103371581
1	6627	null_6626	H	L	695	913	284	0	0	108	1892	null_6626_L	0.054	0.78276955602537	1.08298097251586	0.470252794675702
1	6628	null_6627	H	L	1264	569	73	0	0	94	1906	null_6627_L	0.047	0.375131164742917	0.451731374606506	0.311007983845128
1	6629	null_6628	L	H	900	800	199	0	0	101	1899	null_6628_H	0.0505	0.630858346498157	0.84044233807267	0.442460084726281
1	6630	null_6629	L	H	1269	559	75	0	0	97	1903	null_6629_H	0.0485	0.372569626904887	0.451392538097741	0.312584411205694
1	6631	null_6630	H	L	901	825	172	0	0	102	1898	null_6630_L	0.051	0.6159114857745	0.797154899894626	0.417807941585675
1	6632	null_6631	L	H	1138	665	94	0	0	103	1897	null_6631_H	0.0515	0.449657353716394	0.548761201897733	0.346569466146503
1	6633	null_6632	L	H	1658	228	6	0	0	108	1892	null_6632_H	0.054	0.126849894291755	0.133192389006343	0.117101493324513
1	6634	null_6633	L	H	838	842	214	0	0	106	1894	null_6633_H	0.053	0.670538542766632	0.896515311510032	0.446893374174434
1	6635	null_6634	L	H	662	890	350	0	0	98	1902	null_6634_H	0.049	0.83596214511041	1.20399579390116	0.505163085843558
1	6636	null_6635	H	L	649	944	291	0	0	116	1884	null_6635_L	0.058	0.809978768577495	1.11889596602972	0.462830360483409
1	6637	null_6636	H	L	1360	503	37	0	0	100	1900	null_6636_L	0.05	0.303684210526316	0.342631578947368	0.250407479224377
1	6638	null_6637	H	L	1204	617	78	0	0	101	1899	null_6637_L	0.0505	0.407056345444971	0.489204844655082	0.323509976288066
1	6639	null_6638	H	L	927	815	173	0	0	85	1915	null_6638_L	0.0425	0.606266318537859	0.786945169712794	0.419386320719345
1	6640	null_6639	L	H	800	852	237	0	0	111	1889	null_6639_H	0.0555	0.701958708311276	0.952885124404447	0.460139096230412
1	6641	null_6640	H	L	509	926	474	0	0	91	1909	null_6640_L	0.0455	0.98166579360922	1.47826086956522	0.514593139222799
1	6642	null_6641	L	H	1374	472	52	0	0	102	1898	null_6641_H	0.051	0.303477344573235	0.35827186512118	0.266173366451958
1	6643	null_6642	H	L	1531	346	23	0	0	100	1900	null_6642_L	0.05	0.206315789473684	0.230526315789474	0.187960110803324
1	6644	null_6643	L	H	978	771	151	0	0	100	1900	null_6643_H	0.05	0.564736842105263	0.723684210526316	0.404756509695291
1	6645	null_6644	L	H	883	808	211	0	0	98	1902	null_6644_H	0.049	0.646687697160883	0.868559411146162	0.450354433486916
1	6646	null_6645	H	L	1608	295	13	0	0	84	1916	null_6645_L	0.042	0.167536534446764	0.181106471816284	0.153037981441852
1	6647	null_6646	L	H	896	803	176	0	0	125	1875	null_6646_H	0.0625	0.616	0.803733333333333	0.424277333333333
1	6648	null_6647	H	L	1131	682	100	0	0	87	1913	null_6647_L	0.0435	0.461055933089388	0.565603763721903	0.353031190284976
1	6649	null_6648	H	L	947	798	164	0	0	91	1909	null_6648_L	0.0455	0.589837611314825	0.761655316919853	0.413746909198275
1	6650	null_6649	L	H	1393	462	47	0	0	98	1902	null_6649_H	0.049	0.292323869610936	0.341745531019979	0.256292286275668
1	6651	null_6650	H	L	695	921	297	0	0	87	1913	null_6650_L	0.0435	0.791949817041297	1.10245687401986	0.475272361308121
1	6652	null_6651	H	L	1617	281	11	0	0	91	1909	null_6651_L	0.0455	0.158721843897328	0.170246202200105	0.145053578469937
1	6653	null_6652	L	H	1102	686	101	0	0	111	1889	null_6652_H	0.0555	0.470089994706194	0.577024880889359	0.35604027776649
1	6654	null_6653	L	H	895	828	181	0	0	96	1904	null_6653_H	0.048	0.625	0.815126050420168	0.424501050420168
1	6655	null_6654	L	H	1297	523	51	0	0	129	1871	null_6654_H	0.0645	0.334045964724746	0.388562266167825	0.276975559618938
1	6656	null_6655	H	L	616	960	338	0	0	86	1914	null_6655_L	0.043	0.854754440961338	1.20794148380355	0.477336329460424
1	6657	null_6656	H	L	1206	596	83	0	0	115	1885	null_6656_L	0.0575	0.404244031830239	0.492307692307692	0.328894455037325
1	6658	null_6657	H	L	702	906	288	0	0	104	1896	null_6657_L	0.052	0.781645569620253	1.08544303797468	0.474473241467714
1	6659	null_6658	H	L	535	930	414	0	0	121	1879	null_6658_L	0.0605	0.93560404470463	1.37626397019691	0.50090904172925
1	6660	null_6659	H	L	1384	469	37	0	0	110	1890	null_6659_L	0.055	0.287301587301587	0.326455026455026	0.243912824389015
1	6661	null_6660	L	H	917	826	164	0	0	93	1907	null_6660_H	0.0465	0.605138961719979	0.777136864184583	0.410943701193049
1	6662	null_6661	H	L	578	927	399	0	0	96	1904	null_6661_L	0.048	0.905987394957983	1.32510504201681	0.504291882194054
1	6663	null_6662	L	H	755	891	254	0	0	100	1900	null_6662_H	0.05	0.736315789473684	1.00368421052632	0.461523268698061
1	6664	null_6663	L	H	538	957	408	0	0	97	1903	null_6663_H	0.0485	0.931686810299527	1.36048344718865	0.492443134702543
1	6665	null_6664	H	L	698	921	296	0	0	85	1915	null_6664_L	0.0425	0.790078328981723	1.09921671018277	0.474992944256216
1	6666	null_6665	L	H	831	833	232	0	0	104	1896	null_6665_H	0.052	0.684071729957806	0.92879746835443	0.460843336626965
1	6667	null_6666	L	H	1184	627	93	0	0	96	1904	null_6666_H	0.048	0.426995798319328	0.52468487394958	0.34235946216722
1	6668	null_6667	H	L	557	936	407	0	0	100	1900	null_6667_L	0.05	0.921052631578947	1.34947368421053	0.501135734072022
1	6669	null_6668	L	H	767	868	237	0	0	128	1872	null_6668_H	0.064	0.716880341880342	0.97008547008547	0.456168045510994
1	6670	null_6669	H	L	693	907	294	0	0	106	1894	null_6669_L	0.053	0.789334741288279	1.09978880675818	0.47673947295355
1	6671	null_6670	L	H	876	819	208	0	0	97	1903	null_6670_H	0.0485	0.648975302154493	0.867577509196006	0.446408566389491
1	6672	null_6671	H	L	659	934	313	0	0	94	1906	null_6671_L	0.047	0.818467995802728	1.14690451206716	0.477014651913822
1	6673	null_6672	L	H	1084	715	117	0	0	84	1916	null_6672_H	0.042	0.495302713987474	0.617432150313152	0.372107371829795
1	6674	null_6673	L	H	1496	371	36	0	0	97	1903	null_6673_H	0.0485	0.232790331056227	0.270625328428797	0.216433990195529
1	6675	null_6674	H	L	1298	558	50	0	0	94	1906	null_6674_L	0.047	0.345225603357817	0.397691500524659	0.27851078331089
1	6676	null_6675	H	L	972	792	152	0	0	84	1916	null_6675_L	0.042	0.572025052192067	0.730688935281837	0.4034762749465
1	6677	null_6676	H	L	965	742	167	0	0	126	1874	null_6676_L	0.063	0.574172892209178	0.752401280683031	0.422726770535178
1	6678	null_6677	H	L	1700	203	9	0	0	88	1912	null_6677_L	0.044	0.115585774058577	0.125	0.111639928835279
1	6679	null_6678	L	H	1146	659	95	0	0	100	1900	null_6678_H	0.05	0.446842105263158	0.546842105263158	0.347174238227147
1	6680	null_6679	L	H	561	930	422	0	0	87	1913	null_6679_H	0.0435	0.927339257710402	1.36853110297961	0.508573004088733
1	6681	null_6680	L	H	1264	555	57	0	0	124	1876	null_6680_H	0.062	0.356609808102345	0.417377398720682	0.290206843485891
1	6682	null_6681	H	L	508	946	442	0	0	104	1896	null_6681_L	0.052	0.965189873417722	1.43143459915612	0.499843107408001
1	6683	null_6682	H	L	496	970	427	0	0	107	1893	null_6682_L	0.0535	0.963549920760697	1.41468568409931	0.486257234301367
1	6684	null_6683	H	L	698	890	313	0	0	99	1901	null_6683_L	0.0495	0.797475013150973	1.12677538137822	0.490808984778077
1	6685	null_6684	H	L	695	915	305	0	0	85	1915	null_6684_L	0.0425	0.796344647519582	1.11488250652742	0.480717708894327
1	6686	null_6685	L	H	1162	648	101	0	0	89	1911	null_6685_H	0.0445	0.444793301936159	0.550497121925693	0.352656040478422
1	6687	null_6686	L	H	941	794	152	0	0	113	1887	null_6686_H	0.0565	0.5818759936407	0.742978272390037	0.404398600414686
1	6688	null_6687	H	L	1338	501	40	0	0	121	1879	null_6687_L	0.0605	0.309207025013305	0.35178286322512	0.256173878907541
1	6689	null_6688	H	L	1428	442	29	0	0	101	1899	null_6688_L	0.0505	0.263296471827278	0.293838862559242	0.224513830482549
1	6690	null_6689	H	L	931	805	148	0	0	116	1884	null_6689_L	0.058	0.584394904458599	0.741507430997877	0.399990026640702
1	6691	null_6690	L	H	698	911	291	0	0	100	1900	null_6690_H	0.05	0.785789473684211	1.09210526315789	0.474640166204986
1	6692	null_6691	H	L	892	807	200	0	0	101	1899	null_6691_L	0.0505	0.635597682991048	0.84623486045287	0.442250445829281
1	6693	null_6692	L	H	1558	319	20	0	0	103	1897	null_6692_H	0.0515	0.189246178176067	0.210332103321033	0.174517987366785
1	6694	null_6693	L	H	641	926	331	0	0	102	1898	null_6693_H	0.051	0.836670179135933	1.1854583772392	0.485441388583846
1	6695	null_6694	H	L	1357	498	57	0	0	88	1912	null_6694_L	0.044	0.320083682008368	0.379707112970711	0.277253549482677
1	6696	null_6695	H	L	1293	552	60	0	0	95	1905	null_6695_L	0.0475	0.352755905511811	0.415748031496063	0.291311302622605
1	6697	null_6696	H	L	784	877	221	0	0	118	1882	null_6696_L	0.059	0.700850159404888	0.935706695005313	0.444515749067456
1	6698	null_6697	H	L	590	942	377	0	0	91	1909	null_6697_L	0.0455	0.888423258250393	1.28339444735464	0.494098561554392
1	6699	null_6698	L	H	1215	596	85	0	0	104	1896	null_6698_H	0.052	0.404008438818565	0.493670886075949	0.330448067439335
1	6700	null_6699	H	L	990	760	150	0	0	100	1900	null_6699_L	0.05	0.557894736842105	0.715789473684211	0.404542936288089
1	6701	null_6700	L	H	942	797	156	0	0	105	1895	null_6700_H	0.0525	0.585224274406332	0.749868073878628	0.40738062252421
1	6702	null_6701	L	H	1049	742	117	0	0	92	1908	null_6701_H	0.046	0.511530398322851	0.634171907756813	0.372508559348479
1	6703	null_6702	L	H	533	936	434	0	0	97	1903	null_6702_H	0.0485	0.947976878612717	1.40409879138203	0.505438628997719
1	6704	null_6703	H	L	535	982	369	0	0	114	1886	null_6703_L	0.057	0.911983032873807	1.30328738069989	0.471574328450187
1	6705	null_6704	L	H	549	918	421	0	0	112	1888	null_6704_H	0.056	0.932203389830508	1.37817796610169	0.509174806090204
1	6706	null_6705	H	L	559	950	387	0	0	104	1896	null_6705_L	0.052	0.909282700421941	1.31751054852321	0.49071551923659
1	6707	null_6706	L	H	598	904	401	0	0	97	1903	null_6706_H	0.0485	0.896479243300053	1.31791907514451	0.514244041476674
1	6708	null_6707	L	H	480	995	431	0	0	94	1906	null_6707_H	0.047	0.974291710388248	1.42654774396642	0.477303407035165
1	6709	null_6708	L	H	1046	725	145	0	0	84	1916	null_6708_H	0.042	0.529749478079332	0.681106471816284	0.400471962290959
1	6710	null_6709	L	H	820	862	216	0	0	102	1898	null_6709_H	0.051	0.681770284510011	0.909378292939937	0.444567572099076
1	6711	null_6710	L	H	818	844	240	0	0	98	1902	null_6710_H	0.049	0.696109358569926	0.948475289169295	0.463907050080661
1	6712	null_6711	H	L	1618	274	13	0	0	95	1905	null_6711_L	0.0475	0.15748031496063	0.171128608923885	0.146328559323785
1	6713	null_6712	L	H	1077	705	117	0	0	101	1899	null_6712_H	0.0505	0.494470774091627	0.617693522906793	0.37319217647602
1	6714	null_6713	L	H	1377	491	39	0	0	93	1907	null_6713_H	0.0465	0.29837441006817	0.339276350288411	0.250249061704883
1	6715	null_6714	H	L	783	886	241	0	0	90	1910	null_6714_L	0.045	0.716230366492147	0.968586387434555	0.45560044954908
1	6716	null_6715	H	L	1601	289	9	0	0	101	1899	null_6715_L	0.0505	0.161664033701948	0.17114270668773	0.145007446894946
1	6717	null_6716	L	H	813	864	210	0	0	113	1887	null_6716_H	0.0565	0.680445151033386	0.90302066772655	0.440015064161702
1	6718	null_6717	L	H	616	915	370	0	0	99	1901	null_6717_H	0.0495	0.870594423987375	1.25986322987901	0.501928578801102
1	6719	null_6718	L	H	845	852	212	0	0	91	1909	null_6718_H	0.0455	0.668412781561027	0.890518596123625	0.443742949569476
1	6720	null_6719	L	H	712	882	291	0	0	115	1885	null_6719_H	0.0575	0.776657824933687	1.08541114058355	0.482213763552829
1	6721	null_6720	H	L	904	847	166	0	0	83	1917	null_6720_L	0.0415	0.615023474178404	0.788210745957225	0.409956872166751
1	6722	null_6721	L	H	1415	451	32	0	0	102	1898	null_6721_H	0.051	0.271338250790306	0.305057955742887	0.231433509400945
1	6723	null_6722	H	L	1398	464	27	0	0	111	1889	null_6722_L	0.0555	0.274219163578613	0.302805717310746	0.227609567636992
1	6724	null_6723	L	H	635	924	343	0	0	98	1902	null_6723_H	0.049	0.846477392218717	1.20715036803365	0.490626392496249
1	6725	null_6724	L	H	1263	569	77	0	0	91	1909	null_6724_H	0.0455	0.378732320586695	0.459402828706129	0.315964658049146
1	6726	null_6725	L	H	917	822	172	0	0	89	1911	null_6725_H	0.0445	0.610151753008896	0.790162218733647	0.417877057033819
1	6727	null_6726	L	H	1285	549	56	0	0	110	1890	null_6726_H	0.055	0.34973544973545	0.408994708994709	0.286679824193052
1	6728	null_6727	L	H	1374	487	42	0	0	97	1903	null_6727_H	0.0485	0.300052548607462	0.34419337887546	0.254161846949627
1	6729	null_6728	L	H	1392	471	40	0	0	97	1903	null_6728_H	0.0485	0.289542827115081	0.331581713084603	0.247746664350809
1	6730	null_6729	L	H	878	822	210	0	0	90	1910	null_6729_H	0.045	0.650261780104712	0.870157068062827	0.447316685397878
1	6731	null_6730	H	L	1154	653	97	0	0	96	1904	null_6730_L	0.048	0.444852941176471	0.546743697478992	0.348849558205635
1	6732	null_6731	L	H	1160	642	99	0	0	99	1901	null_6731_H	0.0495	0.441872698579695	0.546028406102052	0.35077692435195
1	6733	null_6732	L	H	1654	242	6	0	0	98	1902	null_6732_H	0.049	0.1335436382755	0.139852786540484	0.122018883216626
1	6734	null_6733	H	L	1130	658	107	0	0	105	1895	null_6733_L	0.0525	0.460158311345646	0.573087071240106	0.361341399739629
1	6735	null_6734	L	H	760	856	282	0	0	102	1898	null_6734_H	0.051	0.748155953635406	1.04531085353003	0.485573522569928
1	6736	null_6735	L	H	1196	625	72	0	0	107	1893	null_6735_H	0.0535	0.406233491811939	0.48230322239831	0.317277572528589
1	6737	null_6736	L	H	1605	287	10	0	0	98	1902	null_6736_H	0.049	0.161409043112513	0.17192429022082	0.145871411022323
1	6738	null_6737	H	L	1110	692	112	0	0	86	1914	null_6737_L	0.043	0.478578892371996	0.595611285266458	0.366573529042451
1	6739	null_6738	H	L	813	857	234	0	0	96	1904	null_6738_L	0.048	0.695903361344538	0.941701680672269	0.457420192341643
1	6740	null_6739	H	L	508	921	471	0	0	100	1900	null_6739_L	0.05	0.980526315789474	1.47631578947368	0.514883933518006
1	6741	null_6740	L	H	1359	503	51	0	0	87	1913	null_6740_H	0.0435	0.316257187663356	0.369576581285938	0.269557972537203
1	6742	null_6741	H	L	795	859	238	0	0	108	1892	null_6741_L	0.054	0.705602536997886	0.957188160676533	0.45931322045868
1	6743	null_6742	H	L	645	902	350	0	0	103	1897	null_6742_L	0.0515	0.844491302055878	1.21349499209278	0.500329432844746
1	6744	null_6743	L	H	806	896	199	0	0	99	1901	null_6743_H	0.0495	0.680694371383483	0.890057864281957	0.426713037048803
1	6745	null_6744	H	L	959	779	152	0	0	110	1890	null_6744_L	0.055	0.573015873015873	0.733862433862434	0.405515243134291
1	6746	null_6745	H	L	1472	403	23	0	0	102	1898	null_6745_L	0.051	0.236564805057956	0.260800842992624	0.204837936000515
1	6747	null_6746	H	L	1273	548	70	0	0	109	1891	null_6746_L	0.0545	0.363828662083554	0.437863564251719	0.30549226889821
1	6748	null_6747	L	H	1157	640	97	0	0	106	1894	null_6747_H	0.053	0.440337909186906	0.542766631467793	0.348869157200697
1	6749	null_6748	L	H	1629	260	12	0	0	99	1901	null_6748_H	0.0495	0.149395055234087	0.162019989479221	0.139701106950825
1	6750	null_6749	H	L	641	960	311	0	0	88	1912	null_6749_L	0.044	0.827405857740586	1.15271966527197	0.468119211848532
1	6751	null_6750	H	L	1421	428	48	0	0	103	1897	null_6750_L	0.0515	0.276225619399051	0.326831839746969	0.250531246934579
1	6752	null_6751	L	H	490	958	463	0	0	89	1911	null_6751_H	0.0445	0.985871271585557	1.47043432757718	0.498492163439461
1	6753	null_6752	H	L	901	819	194	0	0	86	1914	null_6752_L	0.043	0.630616509926855	0.833333333333333	0.435656150741006
1	6754	null_6753	H	L	1367	483	49	0	0	101	1899	null_6753_L	0.0505	0.305950500263296	0.357556608741443	0.263950900130082
1	6755	null_6754	H	L	817	867	243	0	0	73	1927	null_6754_L	0.0365	0.702127659574468	0.95433316035288	0.46134991001336
1	6756	null_6755	L	H	1328	523	49	0	0	100	1900	null_6755_H	0.05	0.326842105263158	0.378421052631579	0.271595290858726
1	6757	null_6756	H	L	934	796	182	0	0	88	1912	null_6756_L	0.044	0.606694560669456	0.797071129707113	0.428992839761209
1	6758	null_6757	L	H	1274	548	65	0	0	113	1887	null_6757_H	0.0565	0.359300476947536	0.428192898781134	0.299096066046407
1	6759	null_6758	H	L	802	868	229	0	0	101	1899	null_6758_L	0.0505	0.69826224328594	0.939441811479726	0.451871651081013
1	6760	null_6759	L	H	586	903	396	0	0	115	1885	null_6759_H	0.0575	0.89920424403183	1.31936339522546	0.510795122740609
1	6761	null_6760	L	H	585	955	353	0	0	107	1893	null_6760_H	0.0535	0.877443211833069	1.25039619651347	0.480489606521538
1	6762	null_6761	H	L	1719	178	6	0	0	97	1903	null_6761_L	0.0485	0.0998423541776143	0.106148187073043	0.0961796913853144
1	6763	null_6762	H	L	695	906	309	0	0	90	1910	null_6762_L	0.045	0.797905759162304	1.12146596858639	0.484812368082015
1	6764	null_6763	L	H	607	941	348	0	0	104	1896	null_6763_H	0.052	0.863396624472574	1.23048523206751	0.485031500916876
1	6765	null_6764	H	L	1004	755	148	0	0	93	1907	null_6764_L	0.0465	0.551127425275302	0.706345044572627	0.402603605682044
1	6766	null_6765	H	L	850	847	191	0	0	112	1888	null_6765_L	0.056	0.650953389830509	0.853283898305085	0.429543582573255
1	6767	null_6766	H	L	1376	484	39	0	0	101	1899	null_6766_L	0.0505	0.29594523433386	0.337019483938915	0.249435902213992
1	6768	null_6767	L	H	1122	661	114	0	0	103	1897	null_6767_H	0.0515	0.468634686346864	0.588824459673168	0.369205990425745
1	6769	null_6768	H	L	844	836	215	0	0	105	1895	null_6768_L	0.0525	0.668073878627968	0.894986807387863	0.448664100082846
1	6770	null_6769	L	H	972	769	148	0	0	111	1889	null_6769_H	0.0555	0.563790365272631	0.720487030174696	0.402627454200449
1	6771	null_6770	L	H	1318	535	55	0	0	92	1908	null_6770_H	0.046	0.338050314465409	0.395702306079665	0.281424290969503
1	6772	null_6771	H	L	820	853	224	0	0	103	1897	null_6771_L	0.0515	0.685819715340011	0.921982076963627	0.451633395014574
1	6773	null_6772	H	L	1173	619	96	0	0	112	1888	null_6772_L	0.056	0.429555084745763	0.53125	0.346732429169061
1	6774	null_6773	L	H	1497	377	28	0	0	98	1902	null_6773_H	0.049	0.227655099894848	0.257097791798107	0.205270947289974
1	6775	null_6774	L	H	1096	704	99	0	0	101	1899	null_6774_H	0.0505	0.474986835176409	0.579252238020011	0.35363974442911
1	6776	null_6775	H	L	1621	253	11	0	0	115	1885	null_6775_L	0.0575	0.145888594164456	0.157559681697613	0.136276199790331
1	6777	null_6776	L	H	1027	761	131	0	0	81	1919	null_6776_H	0.0405	0.533090151120375	0.669619593538301	0.385434484316757
1	6778	null_6777	L	H	615	934	343	0	0	108	1892	null_6777_H	0.054	0.856236786469345	1.21881606765328	0.485674633149927
1	6779	null_6778	L	H	508	942	459	0	0	91	1909	null_6778_H	0.0455	0.974332111052907	1.45521215295966	0.50588909033085
1	6780	null_6779	H	L	759	876	258	0	0	107	1893	null_6779_L	0.0535	0.735340729001585	1.00792393026941	0.467197942540832
1	6781	null_6780	H	L	1238	601	75	0	0	86	1914	null_6780_L	0.043	0.392371995820272	0.470741901776385	0.316786118672401
1	6782	null_6781	L	H	608	894	396	0	0	102	1898	null_6781_H	0.051	0.888303477344573	1.30558482613277	0.516501758270311
1	6783	null_6782	H	L	1058	701	134	0	0	107	1893	null_6782_L	0.0535	0.511885895404121	0.653460116217644	0.391432946303966
1	6784	null_6783	L	H	1543	341	24	0	0	92	1908	null_6783_H	0.046	0.203878406708595	0.229035639412998	0.187469234690962
1	6785	null_6784	L	H	1014	727	150	0	0	109	1891	null_6784_H	0.0545	0.543098889476467	0.70174510840825	0.406788704657677
1	6786	null_6785	H	L	920	775	201	0	0	104	1896	null_6785_L	0.052	0.6207805907173	0.832805907172996	0.447437365361676
1	6787	null_6786	H	L	1194	608	87	0	0	111	1889	null_6786_L	0.0555	0.413975648491265	0.506087877183695	0.334712039639931
1	6788	null_6787	L	H	746	920	245	0	0	89	1911	null_6787_H	0.0445	0.737833594976452	0.994243851386708	0.449845437510834
1	6789	null_6788	L	H	1109	704	106	0	0	81	1919	null_6788_H	0.0405	0.477331943720688	0.587806149035956	0.359960364539786
1	6790	null_6789	L	H	887	828	184	0	0	101	1899	null_6789_H	0.0505	0.629805160610848	0.823591363875724	0.426936823543668
1	6791	null_6790	H	L	507	979	415	0	0	99	1901	null_6790_L	0.0495	0.951604418726986	1.38821672803787	0.48266575829715
1	6792	null_6791	H	L	876	840	199	0	0	85	1915	null_6791_L	0.0425	0.646475195822454	0.854308093994778	0.436377915181097
1	6793	null_6792	H	L	557	950	398	0	0	95	1905	null_6792_L	0.0475	0.916535433070866	1.33438320209974	0.494346002025337
1	6794	null_6793	L	H	616	911	365	0	0	108	1892	null_6793_H	0.054	0.867336152219873	1.25317124735729	0.500899246409719
1	6795	null_6794	L	H	789	860	260	0	0	91	1909	null_6794_H	0.0455	0.72289156626506	0.995285489785228	0.472713273208076
1	6796	null_6795	H	L	919	800	178	0	0	103	1897	null_6795_L	0.0515	0.60938323668951	0.797047970479705	0.425700041321522
1	6797	null_6796	L	H	775	868	249	0	0	108	1892	null_6796_H	0.054	0.721987315010571	0.985200845665962	0.463935162629789
1	6798	null_6797	L	H	1470	390	28	0	0	112	1888	null_6797_H	0.056	0.236228813559322	0.265889830508475	0.21008577815283
1	6799	null_6798	H	L	1012	764	127	0	0	97	1903	null_6798_L	0.0485	0.534944823962165	0.668418286915397	0.382252322231485
1	6800	null_6799	H	L	1194	628	90	0	0	88	1912	null_6799_L	0.044	0.422594142259414	0.51673640167364	0.33815059260167
1	6801	null_6800	H	L	722	892	289	0	0	97	1903	null_6800_L	0.0485	0.772464529689963	1.07619548081976	0.479494031190622
1	6802	null_6801	L	H	1106	697	103	0	0	94	1906	null_6801_H	0.047	0.473767051416579	0.581846799580273	0.357391580572313
1	6803	null_6802	L	H	1036	747	124	0	0	93	1907	null_6802_H	0.0465	0.521761929732564	0.651809124278972	0.379573612960723
1	6804	null_6803	H	L	658	907	340	0	0	95	1905	null_6803_L	0.0475	0.833070866141732	1.19002624671916	0.496019178705024
1	6805	null_6804	L	H	1015	742	144	0	0	99	1901	null_6804_H	0.0495	0.541820094687007	0.693319305628617	0.399750290621979
1	6806	null_6805	H	L	1366	502	39	0	0	93	1907	null_6805_L	0.0465	0.304142632406922	0.345044572627163	0.252541831779751
1	6807	null_6806	H	L	762	884	259	0	0	95	1905	null_6806_L	0.0475	0.735958005249344	1.00787401574803	0.466239830257438
1	6808	null_6807	L	H	694	891	298	0	0	117	1883	null_6807_H	0.0585	0.789697291556028	1.10621348911312	0.482591676822192
1	6809	null_6808	H	L	636	957	318	0	0	89	1911	null_6808_L	0.0445	0.833594976452119	1.16640502354788	0.471524438781671
1	6810	null_6809	H	L	492	934	479	0	0	95	1905	null_6809_L	0.0475	0.993175853018373	1.49606299212598	0.509664717107212
1	6811	null_6810	L	H	1557	328	23	0	0	92	1908	null_6810_H	0.046	0.19601677148847	0.220125786163522	0.181703211458759
1	6812	null_6811	H	L	537	984	368	0	0	111	1889	null_6811_L	0.0555	0.910534674430916	1.3001588141874	0.471085420846387
1	6813	null_6812	L	H	1269	595	62	0	0	74	1926	null_6812_H	0.037	0.37331256490135	0.437694704049844	0.29833243293662
1	6814	null_6813	L	H	1269	583	56	0	0	92	1908	null_6813_H	0.046	0.364255765199161	0.422955974842767	0.290273712361941
1	6815	null_6814	H	L	690	907	299	0	0	104	1896	null_6814_L	0.052	0.793776371308017	1.10917721518987	0.479096287542951
1	6816	null_6815	L	H	1525	351	23	0	0	101	1899	null_6815_H	0.0505	0.209057398630858	0.233280674038968	0.189575678116666
1	6817	null_6816	L	H	1111	696	109	0	0	84	1916	null_6816_H	0.042	0.477035490605428	0.590814196242171	0.36325133694501
1	6818	null_6817	H	L	1442	420	32	0	0	106	1894	null_6817_L	0.053	0.255543822597677	0.289334741288279	0.224032096020446
1	6819	null_6818	H	L	1131	662	98	0	0	109	1891	null_6818_L	0.0545	0.453728186144897	0.557377049180328	0.35150778227799
1	6820	null_6819	L	H	894	812	186	0	0	108	1892	null_6819_H	0.054	0.625792811839323	0.822410147991543	0.430793504641776
1	6821	null_6820	L	H	575	983	343	0	0	99	1901	null_6820_H	0.0495	0.877958968963703	1.23882167280379	0.468009721619979
1	6822	null_6821	H	L	1390	471	35	0	0	104	1896	null_6821_L	0.052	0.285337552742616	0.322257383966245	0.2408398649611
1	6823	null_6822	L	H	786	886	219	0	0	109	1891	null_6822_H	0.0545	0.700158646218932	0.931782125859334	0.441559995984207
1	6824	null_6823	L	H	1177	661	75	0	0	87	1913	null_6823_H	0.0435	0.423941453214846	0.502352326189232	0.322625970435316
1	6825	null_6824	L	H	1696	197	6	0	0	101	1899	null_6824_H	0.0505	0.110057925223802	0.116377040547657	0.104264293643089
1	6826	null_6825	L	H	1005	762	131	0	0	102	1898	null_6825_H	0.051	0.539515279241307	0.677555321390938	0.386478584856113
1	6827	null_6826	H	L	604	950	357	0	0	89	1911	null_6826_L	0.0445	0.870748299319728	1.2443746729461	0.486172072177903
1	6828	null_6827	L	H	1142	643	98	0	0	117	1883	null_6827_H	0.0585	0.445565586829527	0.549654806160382	0.351126113993641
1	6829	null_6828	H	L	578	966	367	0	0	89	1911	null_6828_L	0.0445	0.889586603872318	1.27367870225013	0.482314376461046
1	6830	null_6829	H	L	1060	723	130	0	0	87	1913	null_6829_L	0.0435	0.513852587558808	0.649764767381077	0.385720285640194
1	6831	null_6830	L	H	995	759	149	0	0	97	1903	null_6830_H	0.0485	0.555438780872307	0.712033631108776	0.403521391811861
1	6832	null_6831	H	L	1046	722	134	0	0	98	1902	null_6831_L	0.049	0.520504731861199	0.661409043112513	0.390483867222615
1	6833	null_6832	L	H	1371	491	36	0	0	102	1898	null_6832_H	0.051	0.296628029504742	0.334562697576396	0.24657450968853
1	6834	null_6833	H	L	971	753	166	0	0	110	1890	null_6833_L	0.055	0.574074074074074	0.74973544973545	0.420174407211444
1	6835	null_6834	L	H	842	843	204	0	0	111	1889	null_6834_H	0.0555	0.662255161461091	0.878242456326099	0.439660557444243
1	6836	null_6835	H	L	1222	584	87	0	0	107	1893	null_6835_L	0.0535	0.400422609614369	0.492340200739567	0.332001934449186
1	6837	null_6836	H	L	859	825	220	0	0	96	1904	null_6836_L	0.048	0.664390756302521	0.895483193277311	0.454068116217075
1	6838	null_6837	L	H	1651	249	6	0	0	94	1906	null_6837_H	0.047	0.136935991605456	0.143231899265477	0.124480433468508
1	6839	null_6838	L	H	1139	673	89	0	0	99	1901	null_6838_H	0.0495	0.447659126775381	0.541294055760126	0.340895361974829
1	6840	null_6839	L	H	1465	401	35	0	0	99	1901	null_6839_H	0.0495	0.247764334560758	0.284587059442399	0.223199893962064
1	6841	null_6840	H	L	638	929	341	0	0	92	1908	null_6840_L	0.046	0.84433962264151	1.2017819706499	0.488872572287489
1	6842	null_6841	L	H	567	927	408	0	0	98	1902	null_6841_H	0.049	0.916403785488959	1.34542586750789	0.505629969449393
1	6843	null_6842	L	H	901	812	183	0	0	104	1896	null_6842_H	0.052	0.621308016877637	0.814345991561181	0.428322339724759
1	6844	null_6843	L	H	1655	248	9	0	0	88	1912	null_6843_H	0.044	0.139121338912134	0.148535564853556	0.129180817912852
1	6845	null_6844	H	L	1183	617	105	0	0	95	1905	null_6844_L	0.0475	0.434120734908136	0.544356955380577	0.355896142903397
1	6846	null_6845	H	L	1405	451	36	0	0	108	1892	null_6845_L	0.054	0.276427061310782	0.314482029598309	0.238070109373394
1	6847	null_6846	H	L	1373	481	42	0	0	104	1896	null_6846_L	0.052	0.297995780590717	0.342299578059072	0.253498092809201
1	6848	null_6847	L	H	767	847	275	0	0	111	1889	null_6847_H	0.0555	0.739544732662785	1.03070407623081	0.483777664621541
1	6849	null_6848	L	H	1464	421	29	0	0	86	1914	null_6848_H	0.043	0.250261233019854	0.280564263322884	0.217933578570267
1	6850	null_6849	H	L	1629	260	8	0	0	103	1897	null_6849_L	0.0515	0.145492883500264	0.15392725355825	0.132759074409029
1	6851	null_6850	L	H	1508	376	20	0	0	96	1904	null_6850_H	0.048	0.218487394957983	0.239495798319328	0.191759056563802
1	6852	null_6851	H	L	1435	429	30	0	0	106	1894	null_6851_L	0.053	0.25818373812038	0.289862724392819	0.223203881763006
1	6853	null_6852	H	L	627	949	330	0	0	94	1906	null_6852_L	0.047	0.844176285414481	1.19045120671563	0.477817605859444
1	6854	null_6853	L	H	1216	600	79	0	0	105	1895	null_6853_H	0.0525	0.4	0.483377308707124	0.323377308707124
1	6855	null_6854	L	H	631	908	359	0	0	102	1898	null_6854_H	0.051	0.856691253951528	1.2349841938883	0.501064289291262
1	6856	null_6855	H	L	618	927	349	0	0	106	1894	null_6855_L	0.053	0.857972544878564	1.22650475184794	0.490387864082542
1	6857	null_6856	H	L	1340	512	47	0	0	101	1899	null_6856_L	0.0505	0.31911532385466	0.368615060558189	0.266780470639324
1	6858	null_6857	L	H	868	827	213	0	0	92	1908	null_6857_H	0.046	0.656708595387841	0.879979035639413	0.448712856383142
1	6859	null_6858	L	H	1425	429	40	0	0	106	1894	null_6858_H	0.053	0.268743400211193	0.310982048574446	0.238759033417372
1	6860	null_6859	L	H	464	987	457	0	0	92	1908	null_6859_H	0.046	0.996331236897275	1.47536687631027	0.482690942693019
1	6861	null_6860	L	H	1348	507	61	0	0	84	1916	null_6860_H	0.042	0.328288100208768	0.3919624217119	0.284189344973218
1	6862	null_6861	H	L	1390	460	22	0	0	128	1872	null_6861_L	0.064	0.269230769230769	0.292735042735043	0.220249835634451
1	6863	null_6862	H	L	768	878	249	0	0	105	1895	null_6862_L	0.0525	0.726121372031662	0.988918205804749	0.461665958883606
1	6864	null_6863	H	L	1697	199	9	0	0	95	1905	null_6863_L	0.0475	0.113910761154856	0.123359580052493	0.110383918545615
1	6865	null_6864	L	H	522	932	450	0	0	96	1904	null_6864_H	0.048	0.96218487394958	1.43487394957983	0.509074217922463
1	6866	null_6865	L	H	1353	488	51	0	0	108	1892	null_6865_H	0.054	0.31183932346723	0.365750528541226	0.268506764880726
1	6867	null_6866	L	H	628	933	343	0	0	96	1904	null_6866_H	0.048	0.85031512605042	1.21060924369748	0.487573430107337
1	6868	null_6867	H	L	736	941	240	0	0	83	1917	null_6867_L	0.0415	0.741262389149713	0.991653625456442	0.442183695888502
1	6869	null_6868	L	H	507	944	460	0	0	89	1911	null_6868_H	0.0445	0.975405546834118	1.45682888540031	0.505412904605549
1	6870	null_6869	H	L	1045	718	150	0	0	87	1913	null_6869_L	0.0435	0.532148457919498	0.68897020386827	0.40578822260217
1	6871	null_6870	H	L	677	918	304	0	0	101	1899	null_6870_L	0.0505	0.803580832016851	1.12374934175882	0.478007188173926
1	6872	null_6871	H	L	596	939	358	0	0	107	1893	null_6871_L	0.0535	0.874273639725304	1.25250924458531	0.488154847466784
1	6873	null_6872	H	L	1631	240	14	0	0	115	1885	null_6872_L	0.0575	0.142175066312997	0.157029177718833	0.136815428237728
1	6874	null_6873	L	H	1169	675	79	0	0	77	1923	null_6873_H	0.0385	0.433177327093084	0.515340613624545	0.327698016917037
1	6875	null_6874	L	H	901	834	164	0	0	101	1899	null_6874_H	0.0505	0.611901000526593	0.784623486045287	0.410200651599842
1	6876	null_6875	H	L	626	947	339	0	0	88	1912	null_6875_L	0.044	0.84989539748954	1.20449790794979	0.482175721275888
1	6877	null_6876	L	H	1160	636	106	0	0	98	1902	null_6876_H	0.049	0.445846477392219	0.557308096740273	0.358529015337223
1	6878	null_6877	H	L	724	845	340	0	0	91	1909	null_6877_L	0.0455	0.798847564169722	1.15505500261917	0.516897571839274
1	6879	null_6878	L	H	1594	311	15	0	0	80	1920	null_6878_H	0.04	0.177604166666667	0.193229166666667	0.161685926649306
1	6880	null_6879	L	H	1523	364	27	0	0	86	1914	null_6879_H	0.043	0.218390804597701	0.246603970741902	0.19890942720907
1	6881	null_6880	L	H	1611	293	13	0	0	83	1917	null_6880_H	0.0415	0.16640584246218	0.179968701095462	0.152277796689914
1	6882	null_6881	L	H	1260	590	57	0	0	93	1907	null_6881_H	0.0465	0.369166229680126	0.428945988463555	0.292662283327316
1	6883	null_6882	L	H	1026	763	112	0	0	99	1901	null_6882_H	0.0495	0.519200420831142	0.637033140452394	0.367464063461159
1	6884	null_6883	H	L	830	836	228	0	0	106	1894	null_6883_L	0.053	0.682154171066526	0.922914466737064	0.457580153633605
1	6885	null_6884	H	L	706	878	314	0	0	102	1898	null_6884_L	0.051	0.793466807165437	1.12434141201264	0.494751837939332
1	6886	null_6885	H	L	898	819	189	0	0	94	1906	null_6885_L	0.047	0.628016789087093	0.826337880377755	0.431932793002492
1	6887	null_6886	L	H	908	821	169	0	0	102	1898	null_6886_H	0.051	0.610642781875659	0.788724973656481	0.415840366599637
1	6888	null_6887	L	H	837	852	202	0	0	109	1891	null_6887_H	0.0545	0.664198836594395	0.877842411422528	0.436682316889181
1	6889	null_6888	H	L	1644	243	5	0	0	108	1892	null_6888_L	0.054	0.133720930232558	0.139006342494715	0.121125055312454
1	6890	null_6889	H	L	1551	345	16	0	0	88	1912	null_6889_L	0.044	0.197175732217573	0.213912133891213	0.175033864515677
1	6891	null_6890	H	L	1391	472	40	0	0	97	1903	null_6890_L	0.0485	0.290068313189701	0.332107199159222	0.247967572842504
1	6892	null_6891	H	L	1256	578	62	0	0	104	1896	null_6891_L	0.052	0.370253164556962	0.435654008438819	0.298566602574374
1	6893	null_6892	L	H	1398	473	31	0	0	98	1902	null_6892_H	0.049	0.281282860147214	0.313880126182965	0.234760078770368
1	6894	null_6893	L	H	474	963	451	0	0	112	1888	null_6893_H	0.056	0.987817796610169	1.46557203389831	0.489788034598535
1	6895	null_6894	L	H	1664	250	7	0	0	79	1921	null_6894_H	0.0395	0.137428422696512	0.144716293597085	0.125829722232234
1	6896	null_6895	L	H	795	873	234	0	0	98	1902	null_6895_H	0.049	0.705047318611987	0.951104100946372	0.454012379464419
1	6897	null_6896	L	H	522	951	418	0	0	109	1891	null_6896_H	0.0545	0.945002644103649	1.38709677419355	0.494066776830661
1	6898	null_6897	L	H	1137	660	97	0	0	106	1894	null_6897_H	0.053	0.450897571277719	0.553326293558606	0.35001767377446
1	6899	null_6898	L	H	1086	711	123	0	0	80	1920	null_6898_H	0.04	0.4984375	0.6265625	0.37812255859375
1	6900	null_6899	L	H	1025	741	141	0	0	93	1907	null_6899_H	0.0465	0.536444677503933	0.684320922915574	0.396548030893276
1	6901	null_6900	H	L	549	966	386	0	0	99	1901	null_6900_L	0.0495	0.914255654918464	1.32035770647028	0.484494303919889
1	6902	null_6901	H	L	880	834	185	0	0	101	1899	null_6901_L	0.0505	0.634017904160084	0.82885729331227	0.426878590516724
1	6903	null_6902	L	H	1335	511	46	0	0	108	1892	null_6902_H	0.054	0.318710359408034	0.367336152219873	0.265759859025875
1	6904	null_6903	H	L	1623	264	9	0	0	104	1896	null_6903_L	0.052	0.14873417721519	0.158227848101266	0.136105992629386
1	6905	null_6904	H	L	1382	480	36	0	0	102	1898	null_6904_L	0.051	0.290832455216017	0.328767123287671	0.244183606280695
1	6906	null_6905	L	H	954	773	171	0	0	102	1898	null_6905_H	0.051	0.587460484720759	0.767650158061117	0.422540336952768
1	6907	null_6906	L	H	610	956	344	0	0	90	1910	null_6906_H	0.045	0.860732984293194	1.22094240837696	0.480081138126696
1	6908	null_6907	L	H	485	979	431	0	0	105	1895	null_6907_H	0.0525	0.971503957783641	1.42638522427441	0.482565284285128
1	6909	null_6908	H	L	1531	358	17	0	0	94	1906	null_6908_L	0.047	0.205666316894019	0.223504721930745	0.181206088025994
1	6910	null_6909	H	L	473	966	449	0	0	112	1888	null_6909_L	0.056	0.98728813559322	1.46292372881356	0.488185866130422
1	6911	null_6910	L	H	1050	745	108	0	0	97	1903	null_6910_H	0.0485	0.504992117708881	0.61849710982659	0.36348007087849
1	6912	null_6911	L	H	793	857	247	0	0	103	1897	null_6911_H	0.0515	0.712177121771218	0.972588297311544	0.465392044537209
1	6913	null_6912	H	L	671	932	297	0	0	100	1900	null_6912_L	0.05	0.803157894736842	1.11578947368421	0.470726869806094
1	6914	null_6913	H	L	625	929	347	0	0	99	1901	null_6913_L	0.0495	0.853761178327196	1.21883219358233	0.489924043963683
1	6915	null_6914	H	L	1380	459	59	0	0	102	1898	null_6914_L	0.051	0.304004214963119	0.366174920969442	0.273756358254099
1	6916	null_6915	L	H	777	876	249	0	0	98	1902	null_6915_H	0.049	0.722397476340694	0.984227129337539	0.462369015514136
1	6917	null_6916	L	H	671	920	318	0	0	91	1909	null_6916_H	0.0455	0.815086432687271	1.14824515453117	0.483879261780307
1	6918	null_6917	H	L	593	923	377	0	0	107	1893	null_6917_L	0.0535	0.885895404120444	1.28420496566297	0.499394298621244
1	6919	null_6918	H	L	1443	420	33	0	0	104	1896	null_6918_L	0.052	0.256329113924051	0.291139240506329	0.22543462586124
1	6920	null_6919	H	L	558	965	361	0	0	116	1884	null_6919_L	0.058	0.895435244161359	1.27866242038217	0.476858143895854
1	6921	null_6920	H	L	1480	409	27	0	0	84	1916	null_6920_L	0.042	0.241649269311065	0.269832985386221	0.21143861602765
1	6922	null_6921	L	H	1670	226	11	0	0	93	1907	null_6921_H	0.0465	0.130047194546408	0.141583639223912	0.124671366414521
1	6923	null_6922	L	H	1408	465	40	0	0	87	1913	null_6922_H	0.0435	0.284892838473602	0.326711970726607	0.245548041313062
1	6924	null_6923	L	H	909	808	170	0	0	113	1887	null_6923_H	0.0565	0.608373078961314	0.788553259141494	0.418435455936625
1	6925	null_6924	L	H	1121	684	103	0	0	92	1908	null_6924_H	0.046	0.466457023060797	0.574423480083858	0.356841325721117
1	6926	null_6925	H	L	1607	285	10	0	0	98	1902	null_6925_L	0.049	0.160357518401682	0.17087276550999	0.145158231802044
1	6927	null_6926	L	H	974	783	159	0	0	84	1916	null_6926_H	0.042	0.574634655532359	0.740605427974948	0.410400440636155
1	6928	null_6927	L	H	512	983	420	0	0	85	1915	null_6927_H	0.0425	0.951958224543081	1.39060052219321	0.484376060917996
1	6929	null_6928	H	L	587	939	355	0	0	119	1881	null_6928_L	0.0595	0.876661350345561	1.25412014885699	0.485585025667289
1	6930	null_6929	L	H	488	972	446	0	0	94	1906	null_6929_H	0.047	0.977964323189927	1.44596012591815	0.489545908485822
1	6931	null_6930	H	L	804	874	214	0	0	108	1892	null_6930_L	0.054	0.68816067653277	0.914376321353066	0.440811204627026
1	6932	null_6931	L	H	1001	733	154	0	0	112	1888	null_6931_H	0.056	0.551377118644068	0.714512711864407	0.410495984900172
1	6933	null_6932	H	L	1349	502	53	0	0	96	1904	null_6932_L	0.048	0.319327731092437	0.375	0.273029800155356
1	6934	null_6933	L	H	1287	549	56	0	0	108	1892	null_6933_H	0.054	0.349365750528541	0.408562367864693	0.286505940222323
1	6935	null_6934	L	H	459	957	454	0	0	130	1870	null_6934_H	0.065	0.997326203208556	1.48288770053476	0.488228144928365
1	6936	null_6935	L	H	572	944	382	0	0	102	1898	null_6935_H	0.051	0.899894625922023	1.30242360379347	0.492613266030129
1	6937	null_6936	H	L	836	869	199	0	0	96	1904	null_6936_L	0.048	0.665441176470588	0.874474789915966	0.431662830573406
1	6938	null_6937	H	L	620	958	337	0	0	85	1915	null_6937_L	0.0425	0.852219321148825	1.20417754569191	0.477899774352542
1	6939	null_6938	H	L	1218	613	67	0	0	102	1898	null_6938_L	0.051	0.393572181243414	0.464172813487882	0.309273751639183
1	6940	null_6939	H	L	1561	336	13	0	0	90	1910	null_6939_L	0.045	0.189528795811518	0.203141361256545	0.16722019681478
1	6941	null_6940	H	L	1087	720	105	0	0	88	1912	null_6940_L	0.044	0.486401673640167	0.596234309623431	0.359647721503475
1	6942	null_6941	L	H	743	885	271	0	0	101	1899	null_6941_H	0.0505	0.75144813059505	1.03686150605582	0.472187213081024
1	6943	null_6942	H	L	695	898	303	0	0	104	1896	null_6942_L	0.052	0.793248945147679	1.11286919831224	0.48362530933433
1	6944	null_6943	L	H	1360	486	42	0	0	112	1888	null_6943_H	0.056	0.301906779661017	0.346398305084746	0.25525060147946
1	6945	null_6944	H	L	1575	319	13	0	0	93	1907	null_6944_L	0.0465	0.180912427897221	0.194546407970635	0.161817101402967
1	6946	null_6945	L	H	1227	601	71	0	0	101	1899	null_6945_H	0.0505	0.391258557135334	0.466034755134281	0.312951496602658
1	6947	null_6946	L	H	1233	587	86	0	0	94	1906	null_6946_H	0.047	0.398216159496327	0.488457502623295	0.32988139293929
1	6948	null_6947	L	H	1310	542	60	0	0	88	1912	null_6947_H	0.044	0.346234309623431	0.408995815899582	0.289117618739168
1	6949	null_6948	L	H	506	961	432	0	0	101	1899	null_6948_H	0.0505	0.961032122169563	1.4160084254871	0.492425685645365
1	6950	null_6949	L	H	1337	521	49	0	0	93	1907	null_6949_H	0.0465	0.324593602517043	0.375983219716833	0.270622212921841
1	6951	null_6950	L	H	574	935	381	0	0	110	1890	null_6950_H	0.055	0.897883597883598	1.3010582010582	0.494863245709807
1	6952	null_6951	L	H	950	807	163	0	0	80	1920	null_6951_H	0.04	0.590104166666667	0.759895833333333	0.411672905815972
1	6953	null_6952	H	L	1343	511	51	0	0	95	1905	null_6952_L	0.0475	0.321784776902887	0.375328083989501	0.27178264134306
1	6954	null_6953	H	L	832	855	232	0	0	81	1919	null_6953_L	0.0405	0.687337154768108	0.929129755080771	0.456697390756053
1	6955	null_6954	H	L	828	824	243	0	0	105	1895	null_6954_L	0.0525	0.691292875989446	0.947757255936675	0.469871415542916
1	6956	null_6955	H	L	1613	259	5	0	0	123	1877	null_6955_L	0.0615	0.143313798614811	0.148641449120938	0.128102604247531
1	6957	null_6956	H	L	712	904	279	0	0	105	1895	null_6956_L	0.0525	0.771503957783641	1.06596306068602	0.470744703810194
1	6958	null_6957	H	L	759	889	253	0	0	99	1901	null_6957_L	0.0495	0.733824302998422	1	0.46150189232888
1	6959	null_6958	L	H	1696	202	7	0	0	95	1905	null_6958_H	0.0475	0.113385826771654	0.120734908136483	0.107878562423792
1	6960	null_6959	L	H	703	925	269	0	0	103	1897	null_6959_H	0.0515	0.771217712177122	1.05482340537691	0.460046645801197
1	6961	null_6960	H	L	767	856	274	0	0	103	1897	null_6960_L	0.0515	0.740115972588297	1.02899314707433	0.481221494194007
1	6962	null_6961	L	H	1221	621	64	0	0	94	1906	null_6961_H	0.047	0.392969569779643	0.4601259181532	0.305700835380403
1	6963	null_6962	H	L	1093	690	101	0	0	116	1884	null_6962_L	0.058	0.473460721868365	0.58067940552017	0.356514350368056
1	6964	null_6963	H	L	1501	384	17	0	0	98	1902	null_6963_L	0.049	0.219768664563617	0.237644584647739	0.189346318723664
1	6965	null_6964	L	H	1589	296	16	0	0	99	1901	null_6964_H	0.0495	0.172540768016833	0.189374013677012	0.159603697049173
1	6966	null_6965	L	H	1482	385	35	0	0	98	1902	null_6965_H	0.049	0.239221871713985	0.27602523659306	0.218798132686717
1	6967	null_6966	H	L	837	846	221	0	0	96	1904	null_6966_L	0.048	0.676470588235294	0.908613445378151	0.451000988630746
1	6968	null_6967	L	H	1525	349	27	0	0	99	1901	null_6967_H	0.0495	0.211993687532877	0.240399789584429	0.195458466030642
1	6969	null_6968	L	H	787	822	302	0	0	89	1911	null_6968_H	0.0445	0.746206174777603	1.06227106227106	0.505447406994839
1	6970	null_6969	H	L	881	846	179	0	0	94	1906	null_6969_L	0.047	0.631689401888772	0.819517313746065	0.42048581328747
1	6971	null_6970	L	H	773	858	245	0	0	124	1876	null_6970_H	0.062	0.718550106609808	0.979744136460554	0.463429880751588
1	6972	null_6971	H	L	702	868	348	0	0	82	1918	null_6971_L	0.041	0.815432742440042	1.17831074035454	0.513380182911249
1	6973	null_6972	H	L	1456	395	35	0	0	114	1886	null_6972_L	0.057	0.246553552492047	0.283669141039236	0.222880486792788
1	6974	null_6973	L	H	935	797	159	0	0	109	1891	null_6973_H	0.0545	0.589635113696457	0.757800105764146	0.410130538460312
1	6975	null_6974	L	H	1342	506	48	0	0	104	1896	null_6974_H	0.052	0.317510548523207	0.368143459915612	0.267330511492104
1	6976	null_6975	L	H	965	787	161	0	0	87	1913	null_6975_H	0.0435	0.579717720857292	0.74803972817564	0.411967092299667
1	6977	null_6976	L	H	1277	574	56	0	0	93	1907	null_6976_H	0.0465	0.359727320398532	0.418458311484006	0.289054566442898
1	6978	null_6977	L	H	950	793	154	0	0	103	1897	null_6977_H	0.0515	0.580390089615182	0.742751713231418	0.405899057107899
1	6979	null_6978	L	H	588	943	372	0	0	97	1903	null_6978_H	0.0485	0.886495007882291	1.27745664739884	0.491583248398621
1	6980	null_6979	H	L	724	913	263	0	0	100	1900	null_6979_L	0.05	0.757368421052632	1.03421052631579	0.460603601108033
1	6981	null_6980	H	L	1119	680	109	0	0	92	1908	null_6980_L	0.046	0.470649895178197	0.584905660377359	0.363394336546111
1	6982	null_6981	L	H	877	838	191	0	0	94	1906	null_6981_H	0.047	0.640083945435467	0.840503672612802	0.430796215408568
1	6983	null_6982	H	L	1536	343	26	0	0	95	1905	null_6982_L	0.0475	0.207349081364829	0.234645669291339	0.1916520277485
1	6984	null_6983	L	H	648	907	355	0	0	90	1910	null_6983_H	0.045	0.846596858638744	1.21832460732984	0.501598366272854
1	6985	null_6984	L	H	1031	743	132	0	0	94	1906	null_6984_H	0.047	0.528331584470094	0.666841552990556	0.387707289841876
1	6986	null_6985	H	L	1245	587	80	0	0	88	1912	null_6985_L	0.044	0.390690376569038	0.474372384937239	0.321733414593582
1	6987	null_6986	L	H	1646	257	11	0	0	86	1914	null_6986_H	0.043	0.14576802507837	0.157262277951933	0.136013960816685
1	6988	null_6987	H	L	804	854	245	0	0	97	1903	null_6987_L	0.0485	0.706253284287966	0.963741460851287	0.464947759283748
1	6989	null_6988	H	L	1237	582	81	0	0	100	1900	null_6988_L	0.05	0.391578947368421	0.476842105263158	0.323508033240997
1	6990	null_6989	L	H	542	925	435	0	0	98	1902	null_6989_H	0.049	0.943743427970557	1.40115667718191	0.510505019344295
1	6991	null_6990	L	H	826	868	208	0	0	98	1902	null_6990_H	0.049	0.675078864353312	0.893796004206099	0.438064531109541
1	6992	null_6991	H	L	762	878	252	0	0	108	1892	null_6991_L	0.054	0.730443974630021	0.996828752642706	0.463280352569403
1	6993	null_6992	H	L	930	792	171	0	0	107	1893	null_6992_L	0.0535	0.59904912836767	0.779714738510301	0.420854880312236
1	6994	null_6993	L	H	492	962	434	0	0	112	1888	null_6993_H	0.056	0.969279661016949	1.42902542372881	0.489522362467682
1	6995	null_6994	L	H	948	812	148	0	0	92	1908	null_6994_H	0.046	0.580712788259958	0.735849056603774	0.398621714155119
1	6996	null_6995	H	L	1046	734	135	0	0	85	1915	null_6995_L	0.0425	0.524281984334204	0.665274151436031	0.390402552338621
1	6997	null_6996	H	L	486	973	453	0	0	88	1912	null_6996_L	0.044	0.982740585774058	1.456589958159	0.490810899231456
1	6998	null_6997	H	L	749	853	294	0	0	104	1896	null_6997_L	0.052	0.760021097046414	1.07014767932489	0.492515611369261
1	6999	null_6998	L	H	713	910	287	0	0	90	1910	null_6998_H	0.045	0.77696335078534	1.07748691099476	0.473814862531181
1	7000	null_6999	H	L	770	892	236	0	0	102	1898	null_6999_L	0.051	0.718651211801897	0.967334035827187	0.450874471602852
1	7001	null_7000	H	L	723	914	255	0	0	108	1892	null_7000_L	0.054	0.752642706131078	1.02219873150106	0.455727688408745
1	7002	null_7001	H	L	872	809	214	0	0	105	1895	null_7001_L	0.0525	0.652770448548813	0.878627968337731	0.452518709839113
1	7003	null_7002	L	H	710	934	263	0	0	93	1907	null_7002_H	0.0465	0.765600419507079	1.04142632406922	0.455282321719803
1	7004	null_7003	L	H	649	912	343	0	0	96	1904	null_7003_H	0.048	0.839285714285714	1.19957983193277	0.495179321728691
1	7005	null_7004	L	H	534	943	425	0	0	98	1902	null_7004_H	0.049	0.942691903259727	1.38958990536278	0.50092188089133
1	7006	null_7005	H	L	1279	553	61	0	0	107	1893	null_7005_L	0.0535	0.356576862123613	0.421024828314844	0.293877769712922
1	7007	null_7006	L	H	778	863	272	0	0	87	1913	null_7006_H	0.0435	0.735493988499739	1.01986408782018	0.478912680700924
1	7008	null_7007	L	H	1233	591	68	0	0	108	1892	null_7007_H	0.054	0.384249471458774	0.456131078224102	0.308483421907754
1	7009	null_7008	L	H	1222	618	68	0	0	92	1908	null_7008_H	0.046	0.39517819706499	0.466457023060797	0.310291215625261
1	7010	null_7009	H	L	858	832	219	0	0	91	1909	null_7009_L	0.0455	0.665269774751179	0.894709271870089	0.452125398672605
1	7011	null_7010	L	H	871	796	221	0	0	112	1888	null_7010_H	0.056	0.655720338983051	0.889830508474576	0.459861345518529
1	7012	null_7011	H	L	1366	510	34	0	0	90	1910	null_7011_L	0.045	0.30261780104712	0.338219895287958	0.246642361777364
1	7013	null_7012	L	H	485	933	473	0	0	109	1891	null_7012_H	0.0545	0.993654151242729	1.49391856160762	0.506569989325707
1	7014	null_7013	H	L	1484	380	31	0	0	105	1895	null_7013_L	0.0525	0.233245382585752	0.265963060686016	0.211559652188442
1	7015	null_7014	H	L	1274	560	72	0	0	94	1906	null_7014_L	0.047	0.369359916054565	0.444910807974816	0.308484060386981
1	7016	null_7015	H	L	618	921	364	0	0	97	1903	null_7015_L	0.0485	0.866526537046768	1.24908039936942	0.498212159963152
1	7017	null_7016	H	L	730	882	301	0	0	87	1913	null_7016_L	0.0435	0.775744903293257	1.09043387349712	0.488653718511661
1	7018	null_7017	H	L	663	892	325	0	0	120	1880	null_7017_L	0.06	0.820212765957447	1.16595744680851	0.493208465368945
1	7019	null_7018	L	H	899	799	201	0	0	101	1899	null_7018_H	0.0505	0.632438125329121	0.844128488678252	0.444150506308439
1	7020	null_7019	L	H	1033	750	119	0	0	98	1902	null_7019_H	0.049	0.519453207150368	0.644584647739222	0.374753013320419
1	7021	null_7020	H	L	849	850	198	0	0	103	1897	null_7020_L	0.0515	0.656826568265683	0.865577227200843	0.43415608642117
1	7022	null_7021	H	L	1017	744	133	0	0	106	1894	null_7021_L	0.053	0.533262935586061	0.673706441393875	0.389337082924012
1	7023	null_7022	L	H	1267	587	62	0	0	84	1916	null_7022_H	0.042	0.371085594989562	0.43580375782881	0.298099239020053
1	7024	null_7023	L	H	1688	219	4	0	0	89	1911	null_7023_H	0.0445	0.118785975928833	0.122972265829409	0.108862157752043
1	7025	null_7024	L	H	545	962	411	0	0	82	1918	null_7024_H	0.041	0.930135557872784	1.35870698644421	0.493554830424897
1	7026	null_7025	L	H	655	925	319	0	0	101	1899	null_7025_H	0.0505	0.82306477093207	1.15903106898368	0.481595451834216
1	7027	null_7026	H	L	1004	760	134	0	0	102	1898	null_7026_L	0.051	0.541622760800843	0.682824025289779	0.389468810272251
1	7028	null_7027	L	H	1368	510	51	0	0	71	1929	null_7027_H	0.0355	0.317262830482115	0.370139968895801	0.269484265290278
1	7029	null_7028	L	H	725	914	268	0	0	93	1907	null_7028_H	0.0465	0.760356581017305	1.04142632406922	0.463284193772894
1	7030	null_7029	L	H	947	799	153	0	0	101	1899	null_7029_H	0.0505	0.581885202738283	0.743022643496577	0.404432254330804
1	7031	null_7030	H	L	792	869	234	0	0	105	1895	null_7030_L	0.0525	0.705540897097625	0.952506596306069	0.454718638828747
1	7032	null_7031	L	H	523	942	437	0	0	98	1902	null_7031_H	0.049	0.95478443743428	1.4143007360673	0.502687414100604
1	7033	null_7032	H	L	854	851	196	0	0	99	1901	null_7032_L	0.0495	0.653866386112572	0.860073645449763	0.432532394561848
1	7034	null_7033	H	L	1628	263	7	0	0	102	1898	null_7033_L	0.051	0.145943097997893	0.15331928345627	0.132019895603047
1	7035	null_7034	H	L	1154	635	102	0	0	109	1891	null_7034_L	0.0545	0.443680592279217	0.551560021152829	0.354707553187592
1	7036	null_7035	L	H	1162	642	82	0	0	114	1886	null_7035_H	0.057	0.427359490986214	0.514316012725345	0.331679878189349
1	7037	null_7036	H	L	1507	364	24	0	0	105	1895	null_7036_L	0.0525	0.217414248021108	0.242744063324538	0.195475108081954
1	7038	null_7037	H	L	641	937	325	0	0	97	1903	null_7037_L	0.0485	0.833946400420389	1.17551234892275	0.48004575014863
1	7039	null_7038	H	L	1020	753	123	0	0	104	1896	null_7038_L	0.052	0.526898734177215	0.656645569620253	0.379023293542701
1	7040	null_7039	H	L	646	930	323	0	0	101	1899	null_7039_L	0.0505	0.829910479199579	1.17008952080042	0.481338117315147
1	7041	null_7040	H	L	1621	265	9	0	0	105	1895	null_7040_L	0.0525	0.14934036939314	0.158839050131926	0.136536504201447
1	7042	null_7041	L	H	489	956	449	0	0	106	1894	null_7041_H	0.053	0.978880675818374	1.45300950369588	0.494802126205245
1	7043	null_7042	H	L	1323	520	54	0	0	103	1897	null_7042_L	0.0515	0.331049024775962	0.38798102266737	0.278387565862254
1	7044	null_7043	L	H	810	872	227	0	0	91	1909	null_7043_H	0.0455	0.694604504976427	0.932425353588266	0.449949935254718
1	7045	null_7044	L	H	829	840	217	0	0	114	1886	null_7044_H	0.057	0.675503711558855	0.905620360551432	0.449315096221643
1	7046	null_7045	H	L	1457	417	25	0	0	101	1899	null_7045_L	0.0505	0.245918904686677	0.272248551869405	0.21177244418711
1	7047	null_7046	L	H	1610	267	6	0	0	117	1883	null_7046_H	0.0585	0.148167817312799	0.154540626659586	0.132586924572347
1	7048	null_7047	H	L	854	832	215	0	0	99	1901	null_7047_L	0.0495	0.663861125723304	0.890057864281957	0.449346270035345
1	7049	null_7048	L	H	542	941	426	0	0	91	1909	null_7048_H	0.0455	0.93923520167627	1.3855421686747	0.503379404606835
1	7050	null_7049	H	L	1178	624	114	0	0	84	1916	null_7049_L	0.042	0.444676409185804	0.563674321503132	0.365937212616751
1	7051	null_7050	L	H	1408	452	37	0	0	103	1897	null_7050_H	0.0515	0.277279915656299	0.316288877174486	0.239404725548122
1	7052	null_7051	L	H	1528	346	21	0	0	105	1895	null_7051_H	0.0525	0.204749340369393	0.226912928759894	0.184990636378193
1	7053	null_7052	H	L	720	938	264	0	0	78	1922	null_7052_L	0.039	0.762747138397503	1.03746097814776	0.455677781014184
1	7054	null_7053	H	L	1736	173	4	0	0	87	1913	null_7053_L	0.0435	0.0946157867224255	0.0987976999477261	0.0898455528506226
1	7055	null_7054	H	L	1377	487	42	0	0	94	1906	null_7054_L	0.047	0.299580272822665	0.343651626442812	0.25390328657831
1	7056	null_7055	H	L	577	964	351	0	0	108	1892	null_7055_L	0.054	0.880549682875264	1.25158562367865	0.476217879666918
1	7057	null_7056	H	L	852	844	206	0	0	98	1902	null_7056_L	0.049	0.660357518401682	0.876971608832808	0.440899556723179
1	7058	null_7057	L	H	1481	378	27	0	0	114	1886	null_7057_H	0.057	0.229056203605514	0.257688229056204	0.205221484646033
1	7059	null_7058	H	L	1610	278	12	0	0	100	1900	null_7058_L	0.05	0.158947368421053	0.171578947368421	0.146314681440443
1	7060	null_7059	L	H	973	771	173	0	0	83	1917	null_7059_H	0.0415	0.582681272822118	0.763171622326552	0.423654156628949
1	7061	null_7060	H	L	557	945	412	0	0	86	1914	null_7060_L	0.043	0.924242424242424	1.35475444096134	0.500530382191824
1	7062	null_7061	H	L	1447	426	41	0	0	86	1914	null_7061_L	0.043	0.265412748171369	0.308254963427377	0.237811036535499
1	7063	null_7062	L	H	602	935	350	0	0	113	1887	null_7062_H	0.0565	0.866454689984102	1.23741388447271	0.486670154677262
1	7064	null_7063	L	H	1317	544	55	0	0	84	1916	null_7063_H	0.042	0.34133611691023	0.39874739039666	0.282237045689306
1	7065	null_7064	H	L	1190	622	73	0	0	115	1885	null_7064_L	0.0575	0.407427055702918	0.484880636604775	0.318883830886026
1	7066	null_7065	L	H	523	977	404	0	0	96	1904	null_7065_H	0.048	0.9375	1.36186974789916	0.48296349789916
1	7067	null_7066	H	L	1064	716	110	0	0	110	1890	null_7066_L	0.055	0.495238095238095	0.611640211640212	0.366379440665155
1	7068	null_7067	L	H	551	909	433	0	0	107	1893	null_7067_H	0.0535	0.937665081880613	1.39513998943476	0.515924183656583
1	7069	null_7068	H	L	745	898	264	0	0	93	1907	null_7068_L	0.0465	0.747771368641846	1.02464604090194	0.465484021141441
1	7070	null_7069	H	L	1200	618	76	0	0	106	1894	null_7069_L	0.053	0.406546990496304	0.486800422386484	0.321519966904882
1	7071	null_7070	L	H	800	875	223	0	0	102	1898	null_7070_H	0.051	0.695995785036881	0.930979978925184	0.44656984613608
1	7072	null_7071	H	L	797	876	229	0	0	98	1902	null_7071_L	0.049	0.70136698212408	0.942166140904311	0.450250497290472
1	7073	null_7072	L	H	790	878	227	0	0	105	1895	null_7072_H	0.0525	0.702902374670185	0.942480211081794	0.44840846276481
1	7074	null_7073	H	L	710	919	264	0	0	107	1893	null_7073_L	0.0535	0.764395139989435	1.04331748547279	0.459017555433327
1	7075	null_7074	L	H	527	940	432	0	0	101	1899	null_7074_H	0.0505	0.949973670352817	1.40494997367035	0.50249999930675
1	7076	null_7075	L	H	808	872	214	0	0	106	1894	null_7075_H	0.053	0.686378035902851	0.912354804646251	0.441239996476396
1	7077	null_7076	H	L	636	914	342	0	0	108	1892	null_7076_L	0.054	0.8446088794926	1.2061310782241	0.492766918906355
1	7078	null_7077	H	L	1630	261	15	0	0	94	1906	null_7077_L	0.047	0.152675760755509	0.168415529905561	0.145105641983288
1	7079	null_7078	H	L	1085	714	104	0	0	97	1903	null_7078_L	0.0485	0.484498160798739	0.593799264319496	0.359060796502135
1	7080	null_7079	L	H	1460	413	19	0	0	108	1892	null_7079_H	0.054	0.238372093023256	0.25845665961945	0.201635404887163
1	7081	null_7080	H	L	771	856	263	0	0	110	1890	null_7080_L	0.055	0.731216931216931	1.00952380952381	0.474845609025503
1	7082	null_7081	L	H	1443	415	28	0	0	114	1886	null_7081_H	0.057	0.249734888653234	0.279427359490986	0.217059844880343
1	7083	null_7082	L	H	629	923	351	0	0	97	1903	null_7082_H	0.0485	0.853914871255912	1.22280609563847	0.493635488286465
1	7084	null_7083	H	L	502	942	450	0	0	106	1894	null_7083_L	0.053	0.972544878563886	1.44772967265048	0.501886131829632
1	7085	null_7084	L	H	1168	634	87	0	0	111	1889	null_7084_H	0.0555	0.427739544732663	0.519851773425093	0.336890655296987
1	7086	null_7085	L	H	1382	484	22	0	0	112	1888	null_7085_H	0.056	0.279661016949153	0.302966101694915	0.224755817293881
1	7087	null_7086	L	H	1081	710	115	0	0	94	1906	null_7086_H	0.047	0.493179433368311	0.613850996852046	0.370625043354558
1	7088	null_7087	L	H	953	779	166	0	0	102	1898	null_7087_H	0.051	0.585353003161222	0.76027397260274	0.417635834292878
1	7089	null_7088	L	H	482	954	464	0	0	100	1900	null_7088_H	0.05	0.990526315789474	1.47894736842105	0.497804986149584
1	7090	null_7089	H	L	471	969	466	0	0	94	1906	null_7089_L	0.047	0.997376705141658	1.48635886673662	0.491598574777392
1	7091	null_7090	H	L	1083	695	122	0	0	100	1900	null_7090_L	0.05	0.49421052631579	0.622631578947368	0.378387534626039
1	7092	null_7091	L	H	1222	591	84	0	0	103	1897	null_7091_H	0.0515	0.400105429625725	0.488666315234581	0.328581960418595
1	7093	null_7092	H	L	867	834	199	0	0	100	1900	null_7092_L	0.05	0.648421052631579	0.857894736842105	0.43744487534626
1	7094	null_7093	H	L	1353	503	48	0	0	96	1904	null_7093_L	0.048	0.314600840336134	0.365021008403361	0.266047319663159
1	7095	null_7094	L	H	1013	729	159	0	0	99	1901	null_7094_H	0.0495	0.550762756443977	0.718043135192004	0.414703521306237
1	7096	null_7095	H	L	1654	245	7	0	0	94	1906	null_7095_L	0.047	0.13588667366212	0.143231899265477	0.124766711186522
1	7097	null_7096	H	L	1648	241	8	0	0	103	1897	null_7096_L	0.0515	0.135477069056405	0.143911439114391	0.125557402874277
1	7098	null_7097	H	L	1632	272	11	0	0	85	1915	null_7097_L	0.0425	0.153524804177546	0.165013054830287	0.141443189332533
1	7099	null_7098	L	H	1448	400	38	0	0	114	1886	null_7098_H	0.057	0.252386002120891	0.292682926829268	0.228984232762702
1	7100	null_7099	L	H	527	928	455	0	0	90	1910	null_7099_H	0.045	0.962303664921466	1.43874345549738	0.512715111976097
1	7101	null_7100	H	L	776	897	239	0	0	88	1912	null_7100_L	0.044	0.719142259414226	0.969142259414226	0.451976670138828
1	7102	null_7101	L	H	1350	509	51	0	0	90	1910	null_7101_H	0.045	0.319895287958115	0.373298429319372	0.270965434061566
1	7103	null_7102	L	H	733	895	273	0	0	99	1901	null_7102_H	0.0495	0.758022093634929	1.04523934771173	0.47064185327305
1	7104	null_7103	L	H	665	942	299	0	0	94	1906	null_7103_H	0.047	0.80797481636936	1.12172088142707	0.468897577539972
1	7105	null_7104	H	L	558	912	422	0	0	108	1892	null_7104_L	0.054	0.928118393234672	1.37420718816068	0.512803436300167
1	7106	null_7105	H	L	874	828	193	0	0	105	1895	null_7105_L	0.0525	0.640633245382586	0.844327176781003	0.433916221691578
1	7107	null_7106	L	H	1562	335	9	0	0	94	1906	null_7106_H	0.047	0.185204616998951	0.194648478488982	0.160347728331254
1	7108	null_7107	H	L	1016	755	124	0	0	105	1895	null_7107_L	0.0525	0.529287598944591	0.660158311345646	0.380012948949116
1	7109	null_7108	L	H	817	865	208	0	0	110	1890	null_7108_H	0.055	0.677777777777778	0.897883597883598	0.438500881834215
1	7110	null_7109	L	H	470	970	468	0	0	92	1908	null_7109_H	0.046	0.99895178197065	1.4895178197065	0.491613157004162
1	7111	null_7110	H	L	1489	379	24	0	0	108	1892	null_7110_L	0.054	0.22568710359408	0.251057082452431	0.200122413723746
1	7112	null_7111	L	H	843	840	202	0	0	115	1885	null_7111_H	0.0575	0.659946949602122	0.874270557029178	0.438740580740032
1	7113	null_7112	H	L	1624	249	11	0	0	116	1884	null_7112_L	0.058	0.143842887473461	0.15552016985138	0.134829393574677
1	7114	null_7113	H	L	1667	213	10	0	0	110	1890	null_7113_L	0.055	0.123280423280423	0.133862433862434	0.118664371098234
1	7115	null_7114	H	L	644	943	326	0	0	87	1913	null_7114_L	0.0435	0.833768949294302	1.1745948771563	0.479424216348975
1	7116	null_7115	H	L	704	919	294	0	0	83	1917	null_7115_L	0.0415	0.786124152321335	1.09285341679708	0.474862233934141
1	7117	null_7116	H	L	1642	260	9	0	0	89	1911	null_7116_L	0.0445	0.145473574045003	0.154892726321298	0.133730165575871
1	7118	null_7117	L	H	702	881	323	0	0	94	1906	null_7117_H	0.047	0.801154249737671	1.14008394543547	0.498235813562737
1	7119	null_7118	L	H	1187	647	71	0	0	95	1905	null_7118_H	0.0475	0.414173228346457	0.488713910761155	0.317174447682229
1	7120	null_7119	H	L	648	936	311	0	0	105	1895	null_7119_L	0.0525	0.822163588390501	1.15039577836412	0.474442812288971
1	7121	null_7120	H	L	568	953	384	0	0	95	1905	null_7120_L	0.0475	0.903412073490814	1.30656167979003	0.490408305261055
1	7122	null_7121	L	H	725	903	269	0	0	103	1897	null_7121_H	0.0515	0.759620453347391	1.04322614654718	0.466202913403485
1	7123	null_7122	L	H	767	898	243	0	0	92	1908	null_7122_H	0.046	0.725366876310273	0.980083857442348	0.453926752194226
1	7124	null_7123	H	L	1533	342	26	0	0	99	1901	null_7123_L	0.0495	0.207259337190952	0.234613361388743	0.19165692853591
1	7125	null_7124	H	L	1103	662	129	0	0	106	1894	null_7124_L	0.053	0.485744456177402	0.621964097148891	0.386016420441811
1	7126	null_7125	L	H	889	837	183	0	0	91	1909	null_7125_H	0.0455	0.630172865374542	0.821896280775275	0.424778440520915
1	7127	null_7126	H	L	1304	539	53	0	0	104	1896	null_7126_L	0.052	0.340189873417722	0.396097046413502	0.280367896437537
1	7128	null_7127	H	L	898	794	202	0	0	106	1894	null_7127_L	0.053	0.632523759239704	0.845828933474129	0.445742627471401
1	7129	null_7128	L	H	794	861	226	0	0	119	1881	null_7128_H	0.0595	0.698032961190856	0.93833067517278	0.451080660263906
1	7130	null_7129	H	L	616	946	336	0	0	102	1898	null_7129_L	0.051	0.852476290832455	1.20653319283456	0.479817366403102
1	7131	null_7130	L	H	1405	448	41	0	0	106	1894	null_7130_H	0.053	0.279831045406547	0.323125659978881	0.24482024600556
1	7132	null_7131	H	L	1631	271	8	0	0	90	1910	null_7131_L	0.045	0.150261780104712	0.158638743455497	0.136060140895261
1	7133	null_7132	L	H	1092	711	114	0	0	83	1917	null_7132_H	0.0415	0.489827856025039	0.608763693270736	0.368832364732649
1	7134	null_7133	L	H	1194	634	80	0	0	92	1908	null_7133_H	0.046	0.416142557651992	0.5	0.326825371710859
1	7135	null_7134	L	H	1028	732	133	0	0	107	1893	null_7134_H	0.0535	0.527205493924987	0.667723190702589	0.389777557877899
1	7136	null_7135	H	L	1082	689	114	0	0	115	1885	null_7135_L	0.0575	0.486472148541114	0.607427055702918	0.37077190439671
1	7137	null_7136	H	L	1455	412	22	0	0	111	1889	null_7136_L	0.0555	0.241397564849127	0.264690312334569	0.20641752801948
1	7138	null_7137	H	L	1395	469	38	0	0	98	1902	null_7137_L	0.049	0.286540483701367	0.326498422712934	0.24439297391312
1	7139	null_7138	L	H	1475	388	26	0	0	111	1889	null_7138_H	0.0555	0.23292747485442	0.260455267337215	0.206200058795159
1	7140	null_7139	H	L	1372	480	53	0	0	95	1905	null_7139_L	0.0475	0.307611548556431	0.363254593175853	0.268629728370568
1	7141	null_7140	L	H	530	924	446	0	0	100	1900	null_7140_H	0.05	0.95578947368421	1.42526315789474	0.511729639889197
1	7142	null_7141	H	L	645	916	340	0	0	99	1901	null_7141_L	0.0495	0.83955812730142	1.19726459758022	0.492406748462353
1	7143	null_7142	L	H	1171	667	75	0	0	87	1913	null_7142_H	0.0435	0.427077888133821	0.505488761108207	0.323093238575362
1	7144	null_7143	L	H	578	922	405	0	0	95	1905	null_7143_H	0.0475	0.909186351706037	1.33438320209974	0.507763379971204
1	7145	null_7144	L	H	891	815	189	0	0	105	1895	null_7144_H	0.0525	0.629551451187335	0.829023746701847	0.432688717009767
1	7146	null_7145	H	L	1432	439	42	0	0	87	1913	null_7145_L	0.0435	0.273392577104025	0.317302665969681	0.242559164754101
1	7147	null_7146	H	L	806	863	232	0	0	99	1901	null_7146_L	0.0495	0.698053655970542	0.942135718043135	0.454856811429296
1	7148	null_7147	L	H	1484	402	25	0	0	89	1911	null_7147_H	0.0445	0.236525379382522	0.26268969126112	0.206745436169074
1	7149	null_7148	L	H	814	871	224	0	0	91	1909	null_7148_H	0.0455	0.690937663698271	0.925615505500262	0.448220650383436
1	7150	null_7149	H	L	736	889	266	0	0	109	1891	null_7149_L	0.0545	0.751454257006875	1.0327868852459	0.468103384872148
1	7151	null_7150	L	H	754	863	273	0	0	110	1890	null_7150_H	0.055	0.745502645502646	1.03439153439153	0.478617339940091
1	7152	null_7151	L	H	1381	469	40	0	0	110	1890	null_7151_H	0.055	0.290476190476191	0.332804232804233	0.248427815570673
1	7153	null_7152	H	L	532	927	443	0	0	98	1902	null_7152_L	0.049	0.953207150368034	1.41903259726604	0.510428725753289
1	7154	null_7153	H	L	1464	404	28	0	0	104	1896	null_7153_L	0.052	0.242616033755274	0.272151898734177	0.213289358899037
1	7155	null_7154	L	H	1221	611	74	0	0	94	1906	null_7154_H	0.047	0.398216159496327	0.475865687303253	0.317289577619249
1	7156	null_7155	H	L	1130	664	97	0	0	109	1891	null_7155_L	0.0545	0.453728186144897	0.556319407720783	0.350450140818445
1	7157	null_7156	L	H	671	899	323	0	0	107	1893	null_7156_H	0.0535	0.816164817749604	1.15742208135235	0.491297071620107
1	7158	null_7157	L	H	843	843	227	0	0	87	1913	null_7157_H	0.0435	0.677992681651856	0.915316257187663	0.455642180814189
1	7159	null_7158	L	H	596	898	406	0	0	100	1900	null_7158_H	0.05	0.9	1.32736842105263	0.517368421052631
1	7160	null_7159	H	L	1435	428	34	0	0	103	1897	null_7159_L	0.0515	0.261465471797575	0.297311544544017	0.228947351601688
1	7161	null_7160	H	L	503	945	465	0	0	87	1913	null_7160_L	0.0435	0.980135912179822	1.46628332462101	0.505616918276442
1	7162	null_7161	H	L	753	870	270	0	0	107	1893	null_7161_L	0.0535	0.744849445324881	1.03011093502377	0.475310238822989
1	7163	null_7162	H	L	812	837	252	0	0	99	1901	null_7162_L	0.0495	0.70541820094687	0.970541820094687	0.472926981867568
1	7164	null_7163	L	H	1399	468	42	0	0	91	1909	null_7163_H	0.0455	0.289156626506024	0.333158721843897	0.249547167191553
1	7165	null_7164	L	H	970	779	155	0	0	96	1904	null_7164_H	0.048	0.571953781512605	0.734768907563025	0.407637779376457
1	7166	null_7165	L	H	686	911	310	0	0	93	1907	null_7165_H	0.0465	0.802831672784478	1.1279496591505	0.483410964324575
1	7167	null_7166	L	H	1649	256	9	0	0	86	1914	null_7166_H	0.043	0.143155694879833	0.152560083594566	0.132066530618039
1	7168	null_7167	L	H	1605	262	21	0	0	112	1888	null_7167_H	0.056	0.161016949152542	0.183262711864407	0.157336253950014
1	7169	null_7168	L	H	927	818	160	0	0	95	1905	null_7168_H	0.0475	0.59737532808399	0.765354330708662	0.408497048105207
1	7170	null_7169	L	H	758	881	259	0	0	102	1898	null_7169_H	0.051	0.73709167544784	1.0100105374078	0.466706399393294
1	7171	null_7170	H	L	502	968	420	0	0	110	1890	null_7170_L	0.055	0.956613756613757	1.4010582010582	0.485948321715518
1	7172	null_7171	H	L	1614	268	12	0	0	106	1894	null_7171_L	0.053	0.154171066525871	0.166842661034847	0.143073943281122
1	7173	null_7172	L	H	482	987	443	0	0	88	1912	null_7172_H	0.044	0.979602510460251	1.44299163179916	0.483370553299137
1	7174	null_7173	L	H	630	934	328	0	0	108	1892	null_7173_H	0.054	0.840380549682875	1.18710359408034	0.480864125795047
1	7175	null_7174	H	L	1438	440	29	0	0	93	1907	null_7174_L	0.0465	0.261143156790771	0.291557420031463	0.223361671692814
1	7176	null_7175	H	L	889	784	217	0	0	110	1890	null_7175_L	0.055	0.644444444444445	0.874074074074074	0.458765432098765
1	7177	null_7176	L	H	668	929	308	0	0	95	1905	null_7176_H	0.0475	0.811023622047244	1.13438320209974	0.476623886581106
1	7178	null_7177	L	H	1112	680	116	0	0	92	1908	null_7177_H	0.046	0.477987421383648	0.59958071278826	0.371108737787271
1	7179	null_7178	L	H	875	838	178	0	0	109	1891	null_7178_H	0.0545	0.631411951348493	0.819672131147541	0.42099107884183
1	7180	null_7179	L	H	1572	317	18	0	0	93	1907	null_7179_H	0.0465	0.18510749868904	0.203985317252229	0.169720531181316
1	7181	null_7180	H	L	1666	241	5	0	0	88	1912	null_7180_L	0.044	0.131276150627615	0.136506276150628	0.119272848427023
1	7182	null_7181	L	H	1069	709	118	0	0	104	1896	null_7181_H	0.052	0.498417721518987	0.62289029535865	0.374470070234471
1	7183	null_7182	L	H	1321	528	41	0	0	110	1890	null_7182_H	0.055	0.322751322751323	0.366137566137566	0.261969149799838
1	7184	null_7183	L	H	1199	625	80	0	0	96	1904	null_7183_H	0.048	0.412289915966387	0.496323529411765	0.326340554604195
1	7185	null_7184	H	L	763	918	231	0	0	88	1912	null_7184_L	0.044	0.721757322175732	0.963389121338912	0.442455489224628
1	7186	null_7185	L	H	616	921	371	0	0	92	1908	null_7185_H	0.046	0.871593291404612	1.2604821802935	0.500807314671976
1	7187	null_7186	H	L	747	868	276	0	0	109	1891	null_7186_L	0.0545	0.750925436277102	1.04283447911158	0.478945468263625
1	7188	null_7187	H	L	572	993	347	0	0	88	1912	null_7187_L	0.044	0.882322175732218	1.24529288702929	0.466800465240454
1	7189	null_7188	H	L	890	794	203	0	0	113	1887	null_7188_L	0.0565	0.635930047694754	0.851086380498145	0.446679354937094
1	7190	null_7189	H	L	697	890	321	0	0	92	1908	null_7189_L	0.046	0.80293501048218	1.13941299790356	0.494708366845545
1	7191	null_7190	L	H	661	910	333	0	0	96	1904	null_7190_H	0.048	0.827731092436975	1.17752100840336	0.492382247016454
1	7192	null_7191	H	L	1089	705	124	0	0	82	1918	null_7191_L	0.041	0.496871741397289	0.626173096976017	0.379291569576842
1	7193	null_7192	H	L	796	846	242	0	0	116	1884	null_7192_L	0.058	0.705944798301486	0.962845010615711	0.464486952366785
1	7194	null_7193	L	H	622	937	340	0	0	101	1899	null_7193_H	0.0505	0.851500789889415	1.20958399157451	0.484530396392214
1	7195	null_7194	H	L	1376	471	48	0	0	105	1895	null_7194_L	0.0525	0.299208443271768	0.349868073878628	0.260342381353513
1	7196	null_7195	H	L	1160	666	80	0	0	94	1906	null_7195_L	0.047	0.433368310598111	0.517313746065058	0.329505653434397
1	7197	null_7196	H	L	685	899	318	0	0	98	1902	null_7196_L	0.049	0.807045215562566	1.14143007360673	0.490108093644302
1	7198	null_7197	L	H	665	934	292	0	0	109	1891	null_7197_H	0.0545	0.802749867794818	1.11158117398202	0.467173823737423
1	7199	null_7198	L	H	1123	688	96	0	0	93	1907	null_7198_H	0.0465	0.461457787100157	0.562139486103828	0.349196196828454
1	7200	null_7199	H	L	1074	700	128	0	0	98	1902	null_7199_L	0.049	0.502628811777077	0.637223974763407	0.384588252334971
1	7201	null_7200	L	H	1603	281	18	0	0	98	1902	null_7200_H	0.049	0.166666666666667	0.185594111461619	0.157816333683842
1	7202	null_7201	H	L	538	961	402	0	0	99	1901	null_7201_L	0.0495	0.92845870594424	1.35139400315623	0.489358434512581
1	7203	null_7202	H	L	1423	432	40	0	0	105	1895	null_7202_L	0.0525	0.270184696569921	0.312401055408971	0.239401285148391
1	7204	null_7203	H	L	1175	648	71	0	0	106	1894	null_7203_L	0.053	0.417106652587117	0.49208025343189	0.31810229379946
1	7205	null_7204	H	L	685	890	307	0	0	118	1882	null_7204_L	0.059	0.799149840595112	1.12539851222104	0.486758044497849
1	7206	null_7205	L	H	1219	611	72	0	0	98	1902	null_7205_H	0.049	0.396950578338591	0.472660357518402	0.31509059587506
1	7207	null_7206	H	L	1267	564	71	0	0	98	1902	null_7206_L	0.049	0.371188222923239	0.445846477392219	0.308065780555307
1	7208	null_7207	H	L	1503	363	25	0	0	109	1891	null_7207_L	0.0545	0.218402961396087	0.244843997884717	0.197144144338137
1	7209	null_7208	L	H	1189	636	95	0	0	80	1920	null_7208_H	0.04	0.430208333333333	0.529166666666667	0.344087456597222
1	7210	null_7209	L	H	1373	484	38	0	0	105	1895	null_7209_H	0.0525	0.295514511873351	0.335620052770449	0.248291226042704
1	7211	null_7210	L	H	924	777	206	0	0	93	1907	null_7210_H	0.0465	0.62349239643419	0.8395385422129	0.450795773801651
1	7212	null_7211	L	H	1650	243	10	0	0	97	1903	null_7211_H	0.0485	0.138202837624803	0.148712559117183	0.129612534789636
1	7213	null_7212	H	L	1414	453	33	0	0	100	1900	null_7212_L	0.05	0.273157894736842	0.307894736842105	0.233279501385042
1	7214	null_7213	H	L	753	875	267	0	0	105	1895	null_7213_L	0.0525	0.74353562005277	1.02532981530343	0.472484597016172
1	7215	null_7214	L	H	1179	651	78	0	0	92	1908	null_7214_H	0.046	0.422955974842767	0.504716981132076	0.32582522447688
1	7216	null_7215	H	L	573	976	357	0	0	94	1906	null_7215_L	0.047	0.886673662119622	1.26128016789087	0.475089984794249
1	7217	null_7216	H	L	1067	728	110	0	0	95	1905	null_7216_L	0.0475	0.497637795275591	0.613123359580053	0.365479984293302
1	7218	null_7217	H	L	1092	690	111	0	0	107	1893	null_7217_L	0.0535	0.481774960380349	0.59904912836767	0.366942015918184
1	7219	null_7218	L	H	1106	686	115	0	0	93	1907	null_7218_H	0.0465	0.480335605663346	0.600943890928159	0.370221596860186
1	7220	null_7219	H	L	1193	623	85	0	0	99	1901	null_7219_L	0.0495	0.417148869016307	0.506575486586007	0.332562307664423
1	7221	null_7220	H	L	1437	421	39	0	0	103	1897	null_7220_L	0.0515	0.263046916183448	0.304164470216131	0.234970790102509
1	7222	null_7221	H	L	1336	525	49	0	0	90	1910	null_7221_L	0.045	0.326178010471204	0.377486910994764	0.271094816479811
1	7223	null_7222	H	L	1272	559	56	0	0	113	1887	null_7222_L	0.0565	0.35559088500265	0.414944356120827	0.288499478623859
1	7224	null_7223	L	H	1199	615	78	0	0	108	1892	null_7223_H	0.054	0.407505285412262	0.489957716701903	0.323897159062974
1	7225	null_7224	L	H	516	958	440	0	0	86	1914	null_7224_H	0.043	0.960292580982236	1.42006269592476	0.49790085483524
1	7226	null_7225	L	H	635	961	308	0	0	96	1904	null_7225_H	0.048	0.828256302521008	1.15178571428571	0.465777211619942
1	7227	null_7226	L	H	1269	568	66	0	0	97	1903	null_7226_H	0.0485	0.367840252233316	0.437204414083027	0.301897962919957
1	7228	null_7227	H	L	1454	430	32	0	0	84	1916	null_7227_L	0.042	0.257828810020877	0.291231732776618	0.224756037499837
1	7229	null_7228	H	L	1180	646	87	0	0	87	1913	null_7228_L	0.0435	0.428646105593309	0.519602718243597	0.335865234403286
1	7230	null_7229	L	H	1154	637	111	0	0	98	1902	null_7229_H	0.049	0.451629863301788	0.568349106203996	0.364379572778005
1	7231	null_7230	H	L	876	817	197	0	0	110	1890	null_7230_L	0.055	0.640740740740741	0.849206349206349	0.438657652361356
1	7232	null_7231	H	L	1114	688	101	0	0	97	1903	null_7231_L	0.0485	0.46768260641093	0.573830793483973	0.355103773144652
1	7233	null_7232	H	L	1072	692	119	0	0	117	1883	null_7232_L	0.0585	0.493892724375996	0.620286776420605	0.376356753229062
1	7234	null_7233	H	L	851	874	182	0	0	93	1907	null_7233_L	0.0465	0.649187205034085	0.840062926061877	0.41861889888191
1	7235	null_7234	H	L	751	878	271	0	0	100	1900	null_7234_L	0.05	0.747368421052632	1.03263157894737	0.474072022160665
1	7236	null_7235	L	H	1137	659	101	0	0	103	1897	null_7235_H	0.0515	0.453874538745388	0.560358460727464	0.354356363806126
1	7237	null_7236	L	H	1383	473	36	0	0	108	1892	null_7236_H	0.054	0.288054968287526	0.326109936575053	0.243134271819925
1	7238	null_7237	L	H	1692	190	2	0	0	116	1884	null_7237_H	0.058	0.102972399150743	0.105095541401274	0.0944922264144139
1	7239	null_7238	L	H	1550	338	15	0	0	97	1903	null_7238_H	0.0485	0.1933788754598	0.209143457698371	0.171748068224274
1	7240	null_7239	H	L	1533	342	19	0	0	106	1894	null_7239_L	0.053	0.200633579725449	0.220696937697994	0.180443104384546
1	7241	null_7240	H	L	1120	680	84	0	0	116	1884	null_7240_L	0.058	0.450106157112527	0.53927813163482	0.336682578964213
1	7242	null_7241	L	H	1371	502	38	0	0	89	1911	null_7241_H	0.0445	0.302459445316588	0.342229199372057	0.250747483310838
1	7243	null_7242	L	H	628	907	364	0	0	101	1899	null_7242_H	0.0505	0.860979462875197	1.24433912585571	0.50305349036285
1	7244	null_7243	L	H	1078	718	126	0	0	78	1922	null_7243_H	0.039	0.50468262226847	0.63579604578564	0.38109149656586
1	7245	null_7244	H	L	1152	668	92	0	0	88	1912	null_7244_L	0.044	0.44560669456067	0.5418410041841	0.343275677946815
1	7246	null_7245	H	L	1659	236	11	0	0	94	1906	null_7245_L	0.047	0.135362014690451	0.146904512067156	0.128581637046098
1	7247	null_7246	H	L	1464	412	28	0	0	96	1904	null_7246_L	0.048	0.245798319327731	0.275210084033613	0.214793270249276
1	7248	null_7247	L	H	1647	240	9	0	0	104	1896	null_7247_H	0.052	0.136075949367089	0.145569620253165	0.12705295625701
1	7249	null_7248	L	H	993	764	136	0	0	107	1893	null_7248_H	0.0535	0.547279450607501	0.690966719492869	0.39145192243562
1	7250	null_7249	L	H	1023	748	132	0	0	97	1903	null_7249_H	0.0485	0.531791907514451	0.670520231213873	0.387717598316015
1	7251	null_7250	L	H	503	951	447	0	0	99	1901	null_7250_H	0.0495	0.970541820094687	1.44082062072593	0.498869196173226
1	7252	null_7251	H	L	1636	260	9	0	0	95	1905	null_7251_L	0.0475	0.145931758530184	0.155380577427822	0.13408449928011
1	7253	null_7252	L	H	630	863	409	0	0	98	1902	null_7252_H	0.049	0.883806519453207	1.31388012618297	0.532766162354973
1	7254	null_7253	L	H	799	852	248	0	0	101	1899	null_7253_H	0.0505	0.70984728804634	0.971037388098999	0.467154215752256
1	7255	null_7254	H	L	902	771	214	0	0	113	1887	null_7254_L	0.0565	0.635400105988341	0.862215156332803	0.458481861642808
1	7256	null_7255	L	H	1520	348	20	0	0	112	1888	null_7255_H	0.056	0.205508474576271	0.226694915254237	0.184461182131571
1	7257	null_7256	H	L	1305	534	61	0	0	100	1900	null_7256_L	0.05	0.345263157894737	0.409473684210526	0.29026703601108
1	7258	null_7257	L	H	1133	662	93	0	0	112	1888	null_7257_H	0.056	0.449152542372881	0.547669491525424	0.345931485205401
1	7259	null_7258	L	H	1040	747	107	0	0	106	1894	null_7258_H	0.053	0.507391763463569	0.620380147835269	0.362933746204599
1	7260	null_7259	L	H	1159	648	101	0	0	92	1908	null_7259_H	0.046	0.445492662473795	0.551362683438155	0.352898971120165
1	7261	null_7260	L	H	715	887	297	0	0	101	1899	null_7260_H	0.0505	0.779884149552396	1.0926803580832	0.484461071360138
1	7262	null_7261	H	L	618	954	338	0	0	90	1910	null_7261_L	0.045	0.853403141361257	1.20732984293194	0.479032921246677
1	7263	null_7262	H	L	724	874	306	0	0	96	1904	null_7262_L	0.048	0.78046218487395	1.10189075630252	0.492769534284302
1	7264	null_7263	L	H	1158	649	81	0	0	112	1888	null_7263_H	0.056	0.429555084745763	0.515360169491525	0.330842598660586
1	7265	null_7264	L	H	1250	561	74	0	0	115	1885	null_7264_H	0.0575	0.376127320954907	0.454641909814324	0.313170148245608
1	7266	null_7265	L	H	1516	356	12	0	0	116	1884	null_7265_H	0.058	0.201698513800425	0.214437367303609	0.173755076834309
1	7267	null_7266	H	L	638	954	302	0	0	106	1894	null_7266_L	0.053	0.82259767687434	1.1414994720169	0.464832534017834
1	7268	null_7267	H	L	1368	487	57	0	0	88	1912	null_7267_L	0.044	0.314330543933054	0.373953974895398	0.275150284046148
1	7269	null_7268	L	H	775	857	271	0	0	97	1903	null_7268_H	0.0485	0.735155018392013	1.01996847083552	0.479515569768562
1	7270	null_7269	H	L	903	816	183	0	0	98	1902	null_7269_L	0.049	0.621451104100946	0.813880126182965	0.42767865139468
1	7271	null_7270	L	H	1394	474	37	0	0	95	1905	null_7270_H	0.0475	0.287664041994751	0.326509186351706	0.243758585294948
1	7272	null_7271	H	L	1256	582	72	0	0	90	1910	null_7271_L	0.045	0.380104712041885	0.455497382198953	0.311017790082509
1	7273	null_7272	H	L	1099	684	93	0	0	124	1876	null_7272_L	0.062	0.463752665245203	0.562899786780384	0.347833252258355
1	7274	null_7273	L	H	871	835	188	0	0	106	1894	null_7273_H	0.053	0.639387539598733	0.837909186906019	0.429092761111898
1	7275	null_7274	L	H	798	860	240	0	0	102	1898	null_7274_H	0.051	0.706006322444679	0.958904109589041	0.460459182257181
1	7276	null_7275	L	H	1056	742	108	0	0	94	1906	null_7275_H	0.047	0.502623294858342	0.61594963273872	0.363319456204464
1	7277	null_7276	H	L	1057	725	119	0	0	99	1901	null_7276_L	0.0495	0.506575486586007	0.631772751183588	0.375154027573737
1	7278	null_7277	L	H	689	882	334	0	0	95	1905	null_7277_H	0.0475	0.813648293963255	1.16430446194226	0.502280915672943
1	7279	null_7278	H	L	496	927	458	0	0	119	1881	null_7278_L	0.0595	0.97979797979798	1.46677299308878	0.50676891187258
1	7280	null_7279	L	H	1687	201	6	0	0	106	1894	null_7279_H	0.053	0.112460401267159	0.118796198521647	0.106148856668477
1	7281	null_7280	L	H	532	957	400	0	0	111	1889	null_7280_H	0.0555	0.930121757543674	1.35362625727898	0.488499773422851
1	7282	null_7281	L	H	1029	718	137	0	0	116	1884	null_7281_H	0.058	0.526539278131635	0.671974522292994	0.394730910877611
1	7283	null_7282	L	H	989	768	140	0	0	103	1897	null_7282_H	0.0515	0.552451238798102	0.700052714812863	0.394850343563305
1	7284	null_7283	L	H	1424	440	44	0	0	92	1908	null_7283_H	0.046	0.276729559748428	0.322851153039832	0.246271903801274
1	7285	null_7284	L	H	998	757	146	0	0	99	1901	null_7284_H	0.0495	0.551814834297738	0.70541820094687	0.40091858959583
1	7286	null_7285	L	H	1048	750	102	0	0	100	1900	null_7285_H	0.05	0.502105263157895	0.609473684210526	0.357363988919668
1	7287	null_7286	L	H	1022	741	137	0	0	100	1900	null_7286_H	0.05	0.53421052631579	0.678421052631579	0.393040166204986
1	7288	null_7287	H	L	526	940	435	0	0	99	1901	null_7287_L	0.0495	0.952130457653866	1.40978432403998	0.503231915647818
1	7289	null_7288	L	H	1528	332	14	0	0	126	1874	null_7288_H	0.063	0.192102454642476	0.207043756670224	0.17014040359056
1	7290	null_7289	H	L	879	812	209	0	0	100	1900	null_7289_L	0.05	0.647368421052632	0.867368421052632	0.448282548476454
1	7291	null_7290	H	L	1617	287	13	0	0	83	1917	null_7290_L	0.0415	0.163275952008346	0.176838810641628	0.150179774137396
1	7292	null_7291	L	H	669	905	325	0	0	101	1899	null_7291_H	0.0505	0.818852027382833	1.16113744075829	0.490618798009318
1	7293	null_7292	H	L	1376	483	38	0	0	103	1897	null_7292_L	0.0515	0.294675803900896	0.334739061676331	0.247905232271692
1	7294	null_7293	H	L	1638	250	13	0	0	99	1901	null_7293_L	0.0495	0.145186743819043	0.158863755917938	0.137784565337162
1	7295	null_7294	L	H	1538	343	22	0	0	97	1903	null_7294_H	0.0485	0.203363110877562	0.226484498160799	0.185127943294999
1	7296	null_7295	H	L	746	860	284	0	0	110	1890	null_7295_L	0.055	0.755555555555556	1.05608465608466	0.485220458553792
1	7297	null_7296	H	L	1353	484	58	0	0	105	1895	null_7296_L	0.0525	0.316622691292876	0.377836411609499	0.277586482967955
1	7298	null_7297	L	H	1644	245	13	0	0	98	1902	null_7297_H	0.049	0.14248159831756	0.15615141955836	0.135850413699233
1	7299	null_7298	H	L	1686	207	7	0	0	100	1900	null_7298_L	0.05	0.116315789473684	0.123684210526316	0.110154847645429
1	7300	null_7299	L	H	1673	212	5	0	0	110	1890	null_7299_H	0.055	0.117460317460317	0.122751322751323	0.108954396573444
1	7301	null_7300	L	H	1685	205	3	0	0	107	1893	null_7300_H	0.0535	0.111463285789752	0.114632857897517	0.102208793818469
1	7302	null_7301	L	H	682	921	303	0	0	94	1906	null_7301_H	0.047	0.801154249737671	1.11909758656873	0.477249454696001
1	7303	null_7302	H	L	840	858	206	0	0	96	1904	null_7302_L	0.048	0.667016806722689	0.883403361344538	0.438491940894005
1	7304	null_7303	H	L	1381	461	41	0	0	117	1883	null_7303_L	0.0585	0.288369622942114	0.331917153478492	0.248760114042715
1	7305	null_7304	L	H	1448	439	30	0	0	83	1917	null_7304_H	0.0415	0.260302556077204	0.291601460615545	0.223844039915219
1	7306	null_7305	L	H	1677	220	6	0	0	97	1903	null_7305_H	0.0485	0.121912769311613	0.128218602207042	0.113355878885815
1	7307	null_7306	L	H	1087	693	129	0	0	91	1909	null_7306_H	0.0455	0.498166579360922	0.63331587218439	0.385145931392228
1	7308	null_7307	L	H	1379	477	34	0	0	110	1890	null_7307_H	0.055	0.288359788359788	0.324338624338624	0.241187256795722
1	7309	null_7308	H	L	732	883	292	0	0	93	1907	null_7308_L	0.0465	0.769271106449921	1.07551127425275	0.483733239034067
1	7310	null_7309	H	L	571	949	374	0	0	106	1894	null_7309_L	0.053	0.895987328405491	1.2909186906019	0.488125397938692
1	7311	null_7310	H	L	1440	437	28	0	0	95	1905	null_7310_L	0.0475	0.258792650918635	0.288188976377953	0.221215340208458
1	7312	null_7311	L	H	1298	547	50	0	0	105	1895	null_7311_H	0.0525	0.341424802110818	0.394195250659631	0.277624355163219
1	7313	null_7312	H	L	1644	242	10	0	0	104	1896	null_7312_L	0.052	0.138185654008439	0.14873417721519	0.12963890224145
1	7314	null_7313	L	H	1392	461	45	0	0	102	1898	null_7313_H	0.051	0.290305584826133	0.337723919915701	0.253446587334458
1	7315	null_7314	H	L	752	901	245	0	0	102	1898	null_7314_L	0.051	0.732876712328767	0.99104320337197	0.453934927898148
1	7316	null_7315	L	H	1184	634	70	0	0	112	1888	null_7315_H	0.056	0.409957627118644	0.484110169491525	0.316044913458776
1	7317	null_7316	H	L	594	966	337	0	0	103	1897	null_7316_L	0.0515	0.864522930943595	1.21982076963627	0.472420871508964
1	7318	null_7317	L	H	1147	667	89	0	0	97	1903	null_7317_H	0.0485	0.444035733053074	0.53757225433526	0.340404522107279
1	7319	null_7318	L	H	605	921	373	0	0	101	1899	null_7318_H	0.0505	0.877830437072143	1.27066877303844	0.500082496788171
1	7320	null_7319	L	H	1582	288	16	0	0	114	1886	null_7319_H	0.057	0.169671261930011	0.186638388123012	0.157850050998089
1	7321	null_7320	H	L	993	748	147	0	0	112	1888	null_7320_L	0.056	0.551906779661017	0.707627118644068	0.403026025208273
1	7322	null_7321	H	L	1596	302	18	0	0	84	1916	null_7321_L	0.042	0.176409185803758	0.195198329853862	0.164078129017917
1	7323	null_7322	L	H	1095	690	106	0	0	109	1891	null_7322_H	0.0545	0.476996298254892	0.589106292966684	0.361580824417815
1	7324	null_7323	L	H	480	944	472	0	0	104	1896	null_7323_H	0.052	0.9957805907173	1.49367088607595	0.502091901226655
1	7325	null_7324	H	L	1316	534	48	0	0	102	1898	null_7324_L	0.051	0.331928345626976	0.382507903055848	0.272331476425187
1	7326	null_7325	H	L	1687	209	4	0	0	100	1900	null_7325_L	0.05	0.114210526315789	0.118421052631579	0.105377008310249
1	7327	null_7326	H	L	1608	280	11	0	0	101	1899	null_7326_L	0.0505	0.159031068983676	0.170616113744076	0.145325232841985
1	7328	null_7327	L	H	1318	560	52	0	0	70	1930	null_7327_H	0.035	0.344041450777202	0.397927461139896	0.279562941287014
1	7329	null_7328	L	H	1168	645	97	0	0	90	1910	null_7328_H	0.045	0.439267015706806	0.540837696335079	0.347882185247115
1	7330	null_7329	H	L	1658	260	6	0	0	76	1924	null_7329_L	0.038	0.141372141372141	0.147609147609148	0.127623065253003
1	7331	null_7330	H	L	1443	410	29	0	0	118	1882	null_7330_L	0.059	0.248671625929862	0.279489904357067	0.217652326814466
1	7332	null_7331	H	L	1700	199	7	0	0	94	1906	null_7331_L	0.047	0.111752360965373	0.11909758656873	0.106608996387395
1	7333	null_7332	H	L	918	804	181	0	0	97	1903	null_7332_L	0.0485	0.61271676300578	0.802942722017867	0.427520890349585
1	7334	null_7333	L	H	1025	722	143	0	0	110	1890	null_7333_H	0.055	0.533333333333333	0.684656084656085	0.40021164021164
1	7335	null_7334	H	L	860	839	208	0	0	93	1907	null_7334_L	0.0465	0.658101730466702	0.876245411641321	0.443147523998054
1	7336	null_7335	L	H	1489	363	28	0	0	120	1880	null_7335_H	0.06	0.222872340425532	0.252659574468085	0.202987494341331
1	7337	null_7336	L	H	1340	517	54	0	0	89	1911	null_7336_H	0.0445	0.32705389848247	0.383568812140241	0.276604559627659
1	7338	null_7337	L	H	1274	565	64	0	0	97	1903	null_7337_H	0.0485	0.364161849710983	0.431424067262218	0.298810214477293
1	7339	null_7338	H	L	472	962	456	0	0	110	1890	null_7338_L	0.055	0.991534391534391	1.47407407407407	0.490933624478598
1	7340	null_7339	H	L	1008	755	129	0	0	108	1892	null_7339_L	0.054	0.535412262156448	0.671775898520085	0.385109608052599
1	7341	null_7340	H	L	872	842	197	0	0	89	1911	null_7340_L	0.0445	0.646781789638933	0.852956567242282	0.434629883833741
1	7342	null_7341	H	L	1130	671	96	0	0	103	1897	null_7341_L	0.0515	0.454928835002636	0.556141275698471	0.349181030781616
1	7343	null_7342	L	H	1147	645	101	0	0	107	1893	null_7342_H	0.0535	0.44743792921289	0.554146856840993	0.353946156342674
1	7344	null_7343	L	H	470	970	453	0	0	107	1893	null_7343_H	0.0535	0.991019545694665	1.46962493396725	0.487505194018389
1	7345	null_7344	H	L	643	916	351	0	0	90	1910	null_7344_L	0.045	0.847120418848168	1.21465968586387	0.497046681834379
1	7346	null_7345	H	L	700	907	279	0	0	114	1886	null_7345_L	0.057	0.77677624602333	1.07264050901379	0.469259172627689
1	7347	null_7346	L	H	521	949	417	0	0	113	1887	null_7346_H	0.0565	0.944886062533121	1.38685744568098	0.494047774511629
1	7348	null_7347	H	L	902	804	189	0	0	105	1895	null_7347_L	0.0525	0.623746701846966	0.823218997361478	0.43415904929651
1	7349	null_7348	H	L	1158	648	97	0	0	97	1903	null_7348_L	0.0485	0.442459274829217	0.544403573305307	0.348633363422911
1	7350	null_7349	H	L	1056	723	119	0	0	102	1898	null_7349_L	0.051	0.506322444678609	0.631717597471022	0.375355179485699
1	7351	null_7350	H	L	1058	735	106	0	0	101	1899	null_7350_L	0.0505	0.498683517640864	0.610321221695629	0.361635970928964
1	7352	null_7351	L	H	738	904	270	0	0	88	1912	null_7351_H	0.044	0.755230125523013	1.03765690376569	0.467284361268185
1	7353	null_7352	H	L	1092	697	101	0	0	110	1890	null_7352_L	0.055	0.475661375661376	0.582539682539683	0.35628593824361
1	7354	null_7353	H	L	749	886	274	0	0	91	1909	null_7353_L	0.0455	0.751178627553693	1.03823991618649	0.473970585693035
1	7355	null_7354	L	H	600	934	368	0	0	98	1902	null_7354_H	0.049	0.878023133543638	1.26498422712934	0.494059604091548
1	7356	null_7355	H	L	1005	766	144	0	0	85	1915	null_7355_L	0.0425	0.550391644908616	0.700783289817232	0.39785232703202
1	7357	null_7356	H	L	1168	636	91	0	0	105	1895	null_7356_L	0.0525	0.431662269129288	0.527704485488127	0.341372170898281
1	7358	null_7357	H	L	1085	709	87	0	0	119	1881	null_7357_L	0.0595	0.46943115364168	0.561935140882509	0.341569532873151
1	7359	null_7358	H	L	1638	254	7	0	0	101	1899	null_7358_L	0.0505	0.141126908899421	0.148499210110585	0.128582405695079
1	7360	null_7359	L	H	1073	702	113	0	0	112	1888	null_7359_H	0.056	0.491525423728814	0.611228813559322	0.369631571387532
1	7361	null_7360	L	H	1601	269	16	0	0	114	1886	null_7360_H	0.057	0.159597030752916	0.176564156945917	0.15109294472077
1	7362	null_7361	L	H	1269	562	64	0	0	105	1895	null_7361_H	0.0525	0.364116094986807	0.431662269129288	0.299081738500846
1	7363	null_7362	L	H	929	801	174	0	0	96	1904	null_7362_H	0.048	0.603466386554622	0.786239495798319	0.422067816097027
1	7364	null_7363	H	L	1399	456	48	0	0	97	1903	null_7363_L	0.0485	0.290068313189701	0.340514976353127	0.256375350036409
1	7365	null_7364	L	H	1405	462	42	0	0	91	1909	null_7364_H	0.0455	0.286013619696176	0.330015715034049	0.24821192438234
1	7366	null_7365	L	H	1075	694	102	0	0	129	1871	null_7365_H	0.0645	0.479957242116515	0.588989845002672	0.358630890742581
1	7367	null_7366	L	H	892	819	170	0	0	119	1881	null_7366_H	0.0595	0.616161616161616	0.796916533758639	0.417261396527744
1	7368	null_7367	H	L	523	907	451	0	0	119	1881	null_7367_L	0.0595	0.961722488038277	1.44125465178097	0.516344507782433
1	7369	null_7368	L	H	642	909	338	0	0	111	1889	null_7368_H	0.0555	0.839068290100583	1.19692959237692	0.492893996924604
1	7370	null_7369	L	H	694	917	288	0	0	101	1899	null_7369_H	0.0505	0.786203264876251	1.08952080042127	0.471405226719198
1	7371	null_7370	H	L	1399	461	40	0	0	100	1900	null_7370_L	0.05	0.284736842105263	0.326842105263158	0.24576703601108
1	7372	null_7371	H	L	1288	555	58	0	0	99	1901	null_7371_L	0.0495	0.352972119936875	0.413992635455024	0.289403318002292
1	7373	null_7372	L	H	1180	629	74	0	0	117	1883	null_7372_H	0.0585	0.412639405204461	0.491237387148168	0.320966108420677
1	7374	null_7373	L	H	971	797	125	0	0	107	1893	null_7373_H	0.0535	0.553090332805071	0.685155837295299	0.379246921052874
1	7375	null_7374	H	L	1389	476	47	0	0	88	1912	null_7374_L	0.044	0.298117154811715	0.347280334728034	0.258406496735001
1	7376	null_7375	H	L	1083	694	124	0	0	99	1901	null_7375_L	0.0495	0.495528669121515	0.625986322987901	0.380437661066561
1	7377	null_7376	L	H	664	943	296	0	0	97	1903	null_7376_H	0.0485	0.8066211245402	1.11770888071466	0.467071242160165
1	7378	null_7377	H	L	802	855	242	0	0	101	1899	null_7377_L	0.0505	0.705107951553449	0.959978936282254	0.462801712938353
1	7379	null_7378	H	L	1411	448	34	0	0	107	1893	null_7378_L	0.0535	0.272583201267829	0.308505018489171	0.234203416875753
1	7380	null_7379	H	L	1514	365	21	0	0	100	1900	null_7379_L	0.05	0.214210526315789	0.236315789473684	0.190429639889197
1	7381	null_7380	H	L	1562	304	26	0	0	108	1892	null_7380_L	0.054	0.18816067653277	0.215644820295983	0.180240380102714
1	7382	null_7381	H	L	516	968	423	0	0	93	1907	null_7381_L	0.0465	0.951232302045097	1.39486103828002	0.490018145826006
1	7383	null_7382	L	H	539	937	424	0	0	100	1900	null_7382_H	0.05	0.939473684210526	1.38578947368421	0.503178670360111
1	7384	null_7383	H	L	1260	571	56	0	0	113	1887	null_7383_L	0.0565	0.361950185479597	0.421303656597774	0.290295719829059
1	7385	null_7384	L	H	1210	614	95	0	0	81	1919	null_7384_H	0.0405	0.418968212610735	0.517978113600834	0.3424437504226
1	7386	null_7385	H	L	1434	420	33	0	0	113	1887	null_7385_L	0.0565	0.257551669316375	0.292527821939587	0.226194959571935
1	7387	null_7386	H	L	1341	496	59	0	0	104	1896	null_7386_L	0.052	0.323839662447257	0.386075949367089	0.281203822393135
1	7388	null_7387	L	H	766	864	264	0	0	106	1894	null_7387_H	0.053	0.734952481520591	1.01372756071806	0.473572410624782
1	7389	null_7388	H	L	898	821	179	0	0	102	1898	null_7388_L	0.051	0.62118018967334	0.809799789251844	0.423934961209237
1	7390	null_7389	L	H	1405	454	36	0	0	105	1895	null_7389_H	0.0525	0.277572559366755	0.3155672823219	0.238520756608489
1	7391	null_7390	H	L	1266	574	60	0	0	100	1900	null_7390_L	0.05	0.365263157894737	0.428421052631579	0.295003878116343
1	7392	null_7391	H	L	711	910	273	0	0	106	1894	null_7391_L	0.053	0.768743400211193	1.05702217529039	0.466055759922124
1	7393	null_7392	H	L	647	940	322	0	0	91	1909	null_7392_L	0.0455	0.829753797799895	1.16710319539026	0.478611830426907
1	7394	null_7393	H	L	605	964	338	0	0	93	1907	null_7393_L	0.0465	0.859989512323021	1.21447299423178	0.474891032926191
1	7395	null_7394	H	L	1278	553	61	0	0	108	1892	null_7394_L	0.054	0.35676532769556	0.421247357293869	0.293965858248149
1	7396	null_7395	L	H	1307	539	69	0	0	85	1915	null_7395_H	0.0425	0.353524804177546	0.425587467362924	0.300607680194152
1	7397	null_7396	L	H	737	901	266	0	0	96	1904	null_7396_H	0.048	0.752626050420168	1.03203781512605	0.465591843354989
1	7398	null_7397	L	H	685	918	284	0	0	113	1887	null_7397_H	0.0565	0.78749337572867	1.08850026497085	0.468354448154317
1	7399	null_7398	H	L	842	855	199	0	0	104	1896	null_7398_L	0.052	0.660864978902954	0.8707805907173	0.434038070376898
1	7400	null_7399	L	H	524	955	434	0	0	87	1913	null_7399_H	0.0435	0.952953476215369	1.40669106116048	0.498570733329526
1	7401	null_7400	L	H	489	944	449	0	0	118	1882	null_7400_H	0.059	0.97874601487779	1.45589798087141	0.497954219232259
1	7402	null_7401	H	L	711	873	323	0	0	93	1907	null_7401_L	0.0465	0.796539066596749	1.13529103303618	0.500816548421363
1	7403	null_7402	L	H	974	779	151	0	0	96	1904	null_7402_H	0.048	0.567752100840336	0.726365546218487	0.404023098209872
1	7404	null_7403	H	L	519	953	419	0	0	109	1891	null_7403_L	0.0545	0.947117927022739	1.39026969857218	0.493237330884333
1	7405	null_7404	L	H	1418	438	40	0	0	104	1896	null_7404_H	0.052	0.273206751054852	0.315400843881857	0.240758915059909
1	7406	null_7405	H	L	661	897	348	0	0	94	1906	null_7405_L	0.047	0.835781741867786	1.200944386149	0.502413266109453
1	7407	null_7406	L	H	782	844	272	0	0	102	1898	null_7406_H	0.051	0.731296101159115	1.01791359325606	0.483119605685537
1	7408	null_7407	H	L	1569	334	13	0	0	84	1916	null_7407_L	0.042	0.187891440501044	0.201461377870564	0.166158184457006
1	7409	null_7408	H	L	1178	628	100	0	0	94	1906	null_7408_L	0.047	0.434417628541448	0.539349422875131	0.350630746887556
1	7410	null_7409	L	H	1305	544	54	0	0	97	1903	null_7409_H	0.0485	0.342616920651603	0.399369416710457	0.281983062393671
1	7411	null_7410	L	H	1071	723	102	0	0	104	1896	null_7410_H	0.052	0.488924050632911	0.596518987341772	0.357472260054478
1	7412	null_7411	H	L	915	799	186	0	0	100	1900	null_7411_L	0.05	0.616315789473684	0.812105263157895	0.432260110803324
1	7413	null_7412	H	L	1185	646	80	0	0	89	1911	null_7412_L	0.0445	0.421768707482993	0.505494505494506	0.327605662882631
1	7414	null_7413	H	L	566	941	383	0	0	110	1890	null_7413_L	0.055	0.903174603174603	1.30846560846561	0.492741244646007
1	7415	null_7414	L	H	814	855	243	0	0	88	1912	null_7414_H	0.044	0.701359832635983	0.955543933054393	0.463638318219219
1	7416	null_7415	H	L	468	982	433	0	0	117	1883	null_7415_L	0.0585	0.981412639405205	1.441317047265	0.478146278480713
1	7417	null_7416	L	H	1422	446	37	0	0	95	1905	null_7416_H	0.0475	0.272965879265092	0.311811023622047	0.237300652379083
1	7418	null_7417	L	H	532	981	382	0	0	105	1895	null_7417_H	0.0525	0.920844327176781	1.32401055408971	0.476056279196051
1	7419	null_7418	H	L	1007	755	140	0	0	98	1902	null_7418_L	0.049	0.54416403785489	0.691377497371188	0.395262997276651
1	7420	null_7419	L	H	814	864	213	0	0	109	1891	null_7419_H	0.0545	0.682178741406663	0.907456372289794	0.442088537062615
1	7421	null_7420	H	L	1477	415	16	0	0	92	1908	null_7420_L	0.046	0.234276729559748	0.25104821802935	0.196162632016139
1	7422	null_7421	H	L	860	826	216	0	0	98	1902	null_7421_L	0.049	0.661409043112513	0.888538380651945	0.451076458340935
1	7423	null_7422	L	H	594	958	341	0	0	107	1893	null_7422_H	0.0535	0.86634970945589	1.22662440570523	0.476062586630925
1	7424	null_7423	H	L	616	949	345	0	0	90	1910	null_7423_L	0.045	0.858115183246073	1.21937172774869	0.483010060031249
1	7425	null_7424	H	L	519	947	427	0	0	107	1893	null_7424_L	0.0535	0.951399894347596	1.40253565768621	0.497373898721595
1	7426	null_7425	H	L	1324	533	41	0	0	102	1898	null_7425_L	0.051	0.324025289778714	0.36722866174921	0.26223627333303
1	7427	null_7426	H	L	1437	435	44	0	0	84	1916	null_7426_L	0.042	0.272964509394572	0.318893528183716	0.244383904794697
1	7428	null_7427	H	L	795	863	246	0	0	96	1904	null_7427_L	0.048	0.711659663865546	0.970063025210084	0.463603548036862
1	7429	null_7428	H	L	1349	494	38	0	0	119	1881	null_7428_L	0.0595	0.303030303030303	0.343434343434343	0.251606978879706
1	7430	null_7429	H	L	1435	420	35	0	0	110	1890	null_7429_L	0.055	0.259259259259259	0.296296296296296	0.229080932784636
1	7431	null_7430	H	L	830	833	225	0	0	112	1888	null_7430_L	0.056	0.679555084745763	0.917902542372881	0.456107429169061
1	7432	null_7431	H	L	740	885	274	0	0	101	1899	null_7431_L	0.0505	0.754607688256977	1.04318062137967	0.473747858203134
1	7433	null_7432	L	H	506	948	449	0	0	97	1903	null_7432_H	0.0485	0.970047293746716	1.4419337887546	0.500942036649271
1	7434	null_7433	H	L	940	777	171	0	0	112	1888	null_7433_L	0.056	0.592690677966102	0.773834745762712	0.422552506014795
1	7435	null_7434	L	H	550	940	404	0	0	106	1894	null_7434_H	0.053	0.922914466737064	1.34952481520591	0.497753702293353
1	7436	null_7435	L	H	791	881	220	0	0	108	1892	null_7435_H	0.054	0.698202959830867	0.930761099365751	0.443273726249168
1	7437	null_7436	H	L	1486	382	26	0	0	106	1894	null_7436_L	0.053	0.229144667370644	0.256599788806758	0.204092510222355
1	7438	null_7437	H	L	561	911	426	0	0	102	1898	null_7437_L	0.051	0.928872497365648	1.37776606954689	0.514961953184596
1	7439	null_7438	H	L	680	936	273	0	0	111	1889	null_7438_L	0.0555	0.784542085759661	1.07358390682901	0.45807762250089
1	7440	null_7439	L	H	1029	741	102	0	0	128	1872	null_7439_H	0.064	0.504807692307692	0.613782051282051	0.358951245069034
1	7441	null_7440	L	H	599	959	330	0	0	112	1888	null_7440_H	0.056	0.857521186440678	1.20709745762712	0.471754872432491
1	7442	null_7441	L	H	961	764	160	0	0	115	1885	null_7441_H	0.0575	0.575066312997348	0.744827586206897	0.414126321862533
1	7443	null_7442	L	H	839	871	194	0	0	96	1904	null_7442_H	0.048	0.661239495798319	0.865021008403361	0.427783337599746
1	7444	null_7443	H	L	1144	651	110	0	0	95	1905	null_7443_L	0.0475	0.457217847769029	0.572703412073491	0.363655251754948
1	7445	null_7444	L	H	473	959	464	0	0	104	1896	null_7444_H	0.052	0.995253164556962	1.48470464135021	0.494175779789564
1	7446	null_7445	H	L	1238	590	69	0	0	103	1897	null_7445_L	0.0515	0.383763837638376	0.456510279388508	0.309235596309574
1	7447	null_7446	H	L	1297	536	64	0	0	103	1897	null_7446_L	0.0515	0.350026357406431	0.417501317870322	0.294982866991107
1	7448	null_7447	H	L	1329	521	48	0	0	102	1898	null_7447_L	0.051	0.325079030558483	0.375658587987355	0.269982211878512
1	7449	null_7448	H	L	490	976	439	0	0	95	1905	null_7448_L	0.0475	0.973228346456693	1.43412073490814	0.486947320561308
1	7450	null_7449	H	L	1485	387	34	0	0	94	1906	null_7449_L	0.047	0.238719832109129	0.274396642182581	0.217409483940371
1	7451	null_7450	H	L	691	885	323	0	0	101	1899	null_7450_L	0.0505	0.806213796735124	1.14639283833597	0.496412152289903
1	7452	null_7451	L	H	1269	594	56	0	0	81	1919	null_7451_H	0.0405	0.367899947889526	0.426263678999479	0.290913307342363
1	7453	null_7452	H	L	1103	691	109	0	0	97	1903	null_7452_L	0.0485	0.477666841828692	0.592222806095639	0.364057194313042
1	7454	null_7453	H	L	818	845	239	0	0	98	1902	null_7453_L	0.049	0.695583596214511	0.946898002103049	0.463061462780338
1	7455	null_7454	L	H	1299	539	55	0	0	107	1893	null_7454_H	0.0535	0.34284204965663	0.40095087163233	0.283410200619571
1	7456	null_7455	H	L	761	864	260	0	0	115	1885	null_7455_L	0.0575	0.7342175066313	1.01007957559682	0.471004228552935
1	7457	null_7456	H	L	736	888	269	0	0	107	1893	null_7456_L	0.0535	0.753301637612256	1.03750660327522	0.470043246045918
1	7458	null_7457	H	L	502	958	441	0	0	99	1901	null_7457_L	0.0495	0.967911625460284	1.43187795896896	0.495025044267794
1	7459	null_7458	H	L	1099	697	111	0	0	93	1907	null_7458_L	0.0465	0.481908757210278	0.598321971683272	0.366085921407318
1	7460	null_7459	L	H	619	916	347	0	0	118	1882	null_7459_H	0.059	0.855472901168969	1.22422954303932	0.492395658404867
1	7461	null_7460	L	H	1318	539	54	0	0	89	1911	null_7460_H	0.0445	0.338566195709053	0.395081109366824	0.280454040489923
1	7462	null_7461	L	H	1656	236	5	0	0	103	1897	null_7461_H	0.0515	0.129678439641539	0.134949920927781	0.118133423219916
1	7463	null_7462	H	L	1355	491	45	0	0	109	1891	null_7462_L	0.0545	0.307244843997885	0.354838709677419	0.260439315514135
1	7464	null_7463	L	H	1418	435	39	0	0	108	1892	null_7463_H	0.054	0.271141649048626	0.312367864693446	0.238850070844638
1	7465	null_7464	H	L	1607	286	9	0	0	98	1902	null_7464_L	0.049	0.159831756046267	0.169295478443743	0.14374928820291
1	7466	null_7465	L	H	1586	317	17	0	0	80	1920	null_7465_H	0.04	0.1828125	0.200520833333333	0.167100423177083
1	7467	null_7466	L	H	864	849	191	0	0	96	1904	null_7466_H	0.048	0.646533613445378	0.847163865546219	0.429158152231481
1	7468	null_7467	L	H	724	918	268	0	0	90	1910	null_7467_H	0.045	0.761256544502618	1.04188481675393	0.462373290205861
1	7469	null_7468	H	L	1246	588	61	0	0	105	1895	null_7468_L	0.0525	0.37467018469657	0.439050131926121	0.29867238462556
1	7470	null_7469	L	H	1429	440	33	0	0	98	1902	null_7469_H	0.049	0.266035751840168	0.300736067297582	0.229961046040418
1	7471	null_7470	L	H	577	941	380	0	0	102	1898	null_7470_H	0.051	0.896206533192835	1.29662802950474	0.493441879367223
1	7472	null_7471	L	H	915	789	170	0	0	126	1874	null_7471_H	0.063	0.602454642475987	0.783884738527215	0.420933142286345
1	7473	null_7472	L	H	582	955	367	0	0	96	1904	null_7472_H	0.048	0.887079831932773	1.27258403361345	0.485673405391568
1	7474	null_7473	L	H	1000	782	134	0	0	84	1916	null_7473_H	0.042	0.548016701461378	0.687891440501044	0.387569135420435
1	7475	null_7474	L	H	859	841	208	0	0	92	1908	null_7474_H	0.046	0.658805031446541	0.876834381551363	0.442810312092085
1	7476	null_7475	L	H	538	956	404	0	0	102	1898	null_7475_H	0.051	0.929399367755532	1.35511064278188	0.491327457997493
1	7477	null_7476	L	H	1000	744	140	0	0	116	1884	null_7476_H	0.058	0.543524416135881	0.692144373673036	0.396725582737186
1	7478	null_7477	H	L	720	883	306	0	0	91	1909	null_7477_L	0.0455	0.783132530120482	1.10371922472499	0.490422664992079
1	7479	null_7478	L	H	913	825	171	0	0	91	1909	null_7478_H	0.0455	0.611314824515453	0.790466212676794	0.416760398004435
1	7480	null_7479	L	H	819	845	229	0	0	107	1893	null_7479_H	0.0535	0.688325409403064	0.93026941362916	0.456477544399264
1	7481	null_7480	H	L	1292	537	62	0	0	109	1891	null_7480_L	0.0545	0.349550502379693	0.415124272871497	0.292938719157601
1	7482	null_7481	L	H	1141	650	101	0	0	108	1892	null_7481_H	0.054	0.450317124735729	0.55708245243129	0.354296939601035
1	7483	null_7482	H	L	940	764	195	0	0	101	1899	null_7482_L	0.0505	0.607688256977357	0.813059505002633	0.443774487334455
1	7484	null_7483	H	L	1351	486	53	0	0	110	1890	null_7483_L	0.055	0.313227513227513	0.369312169312169	0.271200694269477
1	7485	null_7484	H	L	1649	241	9	0	0	101	1899	null_7484_L	0.0505	0.13638757240653	0.145866245392312	0.127264675485365
1	7486	null_7485	L	H	1099	700	116	0	0	85	1915	null_7485_H	0.0425	0.48668407310705	0.607832898172324	0.370971511156256
1	7487	null_7486	L	H	1399	468	22	0	0	111	1889	null_7486_H	0.0555	0.271042879830598	0.29433562731604	0.220871384609176
1	7488	null_7487	H	L	1296	550	60	0	0	94	1906	null_7487_L	0.047	0.351521511017838	0.414480587618048	0.290913214909784
1	7489	null_7488	H	L	1037	720	134	0	0	109	1891	null_7488_L	0.0545	0.522474881015336	0.664198836594395	0.391218835302405
1	7490	null_7489	H	L	779	895	236	0	0	90	1910	null_7489_L	0.045	0.715706806282723	0.96282722513089	0.450590992571476
1	7491	null_7490	H	L	546	932	432	0	0	90	1910	null_7490_L	0.045	0.940314136125654	1.39267015706806	0.508479482470327
1	7492	null_7491	L	H	1561	324	9	0	0	106	1894	null_7491_H	0.053	0.180570221752904	0.190073917634636	0.157468312650743
1	7493	null_7492	L	H	488	974	441	0	0	97	1903	null_7492_H	0.0485	0.975302154492906	1.43878087230688	0.48756657974838
1	7494	null_7493	H	L	632	943	340	0	0	85	1915	null_7493_L	0.0425	0.847519582245431	1.20261096605744	0.484321523767972
1	7495	null_7494	L	H	1098	692	109	0	0	101	1899	null_7494_H	0.0505	0.479199578725645	0.593996840442338	0.364364604191502
1	7496	null_7495	H	L	1573	310	22	0	0	95	1905	null_7495_L	0.0475	0.185826771653543	0.208923884514436	0.174392295451258
1	7497	null_7496	H	L	1505	350	32	0	0	113	1887	null_7496_L	0.0565	0.21939586645469	0.253312135665077	0.205177589447673
1	7498	null_7497	L	H	930	768	188	0	0	114	1886	null_7497_H	0.057	0.606574761399788	0.80593849416755	0.438005553000341
1	7499	null_7498	L	H	661	974	259	0	0	106	1894	null_7498_H	0.053	0.787750791974657	1.06124604012672	0.440694729870017
1	7500	null_7499	H	L	1234	590	82	0	0	94	1906	null_7499_L	0.047	0.395592864637985	0.481636935991605	0.325143221439118
1	7501	null_7500	H	L	713	916	286	0	0	85	1915	null_7500_L	0.0425	0.777023498694517	1.0757180156658	0.471952498142328
1	7502	null_7501	L	H	666	905	319	0	0	110	1890	null_7501_H	0.055	0.816402116402116	1.15396825396825	0.487455838302399
1	7503	null_7502	L	H	1165	653	96	0	0	86	1914	null_7502_H	0.043	0.441483803552769	0.541797283176594	0.346889334377174
1	7504	null_7503	L	H	1049	718	122	0	0	111	1889	null_7503_H	0.0555	0.50926416093171	0.638433033350979	0.379083047741501
1	7505	null_7504	L	H	1639	261	11	0	0	89	1911	null_7504_H	0.0445	0.148090005232862	0.159602302459445	0.137671652809576
1	7506	null_7505	H	L	1329	517	44	0	0	110	1890	null_7505_L	0.055	0.32010582010582	0.366666666666667	0.264198930601047
1	7507	null_7506	L	H	1162	662	77	0	0	99	1901	null_7506_H	0.0495	0.429247764334561	0.510257759074172	0.326004115887953
1	7508	null_7507	H	L	999	756	137	0	0	108	1892	null_7507_L	0.054	0.544397463002114	0.689217758985201	0.392849161262063
1	7509	null_7508	H	L	972	780	156	0	0	92	1908	null_7508_L	0.046	0.572327044025157	0.735849056603774	0.408290811281199
1	7510	null_7509	H	L	924	792	185	0	0	99	1901	null_7509_L	0.0495	0.611257233035245	0.805891635981063	0.432256231043159
1	7511	null_7510	L	H	1636	268	12	0	0	84	1916	null_7510_H	0.042	0.152400835073069	0.164926931106472	0.141700916575503
1	7512	null_7511	H	L	894	818	180	0	0	108	1892	null_7511_L	0.054	0.62262156448203	0.812896405919662	0.425238793361612
1	7513	null_7512	L	H	1655	240	12	0	0	93	1907	null_7512_H	0.0465	0.138437336130047	0.151022548505506	0.131857652470722
1	7514	null_7513	H	L	505	958	454	0	0	83	1917	null_7513_L	0.0415	0.97339593114241	1.44705268648931	0.499553047724707
1	7515	null_7514	H	L	993	731	165	0	0	111	1889	null_7514_L	0.0555	0.561672842773954	0.73636844891477	0.420892066604994
1	7516	null_7515	L	H	1447	440	29	0	0	84	1916	null_7515_H	0.042	0.259916492693111	0.290187891440501	0.222631308266613
1	7517	null_7516	H	L	1393	481	27	0	0	99	1901	null_7516_L	0.0495	0.281430825881115	0.309836927932667	0.230633618176541
1	7518	null_7517	L	H	1176	639	79	0	0	106	1894	null_7517_H	0.053	0.420802534318902	0.504223864836325	0.327149091947115
1	7519	null_7518	H	L	1099	694	108	0	0	99	1901	null_7518_L	0.0495	0.478695423461336	0.592319831667544	0.363170523224716
1	7520	null_7519	L	H	936	804	163	0	0	97	1903	null_7519_H	0.0485	0.593799264319496	0.765107724645297	0.412510158338923
1	7521	null_7520	L	H	774	876	264	0	0	86	1914	null_7520_H	0.043	0.733542319749216	1.00940438871473	0.471320053851672
1	7522	null_7521	L	H	1224	602	71	0	0	103	1897	null_7521_H	0.0515	0.392198207696363	0.467053241960991	0.313233807840752
1	7523	null_7522	H	L	1373	497	31	0	0	99	1901	null_7522_L	0.0495	0.294055760126249	0.326670173592846	0.24020138352942
1	7524	null_7523	L	H	785	876	245	0	0	94	1906	null_7523_H	0.047	0.716684155299056	0.973767051416579	0.460130872959859
1	7525	null_7524	L	H	1424	432	41	0	0	103	1897	null_7524_H	0.0515	0.27095413811281	0.31418028465999	0.240764139699534
1	7526	null_7525	H	L	1452	421	24	0	0	103	1897	null_7525_L	0.0515	0.247232472324723	0.272535582498682	0.211411687126887
1	7527	null_7526	H	L	736	900	259	0	0	105	1895	null_7526_L	0.0525	0.748284960422164	1.02163588390501	0.461705501911014
1	7528	null_7527	H	L	1403	459	41	0	0	97	1903	null_7527_L	0.0485	0.284287966368891	0.327377824487651	0.246558176665491
1	7529	null_7528	H	L	991	766	147	0	0	96	1904	null_7528_L	0.048	0.55672268907563	0.711134453781513	0.401194301249912
1	7530	null_7529	H	L	1371	508	27	0	0	94	1906	null_7529_L	0.047	0.29485834207765	0.323189926547744	0.236248484654964
1	7531	null_7530	H	L	1550	340	10	0	0	100	1900	null_7530_L	0.05	0.189473684210526	0.2	0.16409972299169
1	7532	null_7531	H	L	1063	728	108	0	0	101	1899	null_7531_L	0.0505	0.4971037388099	0.610847814639284	0.363735687500503
1	7533	null_7532	H	L	526	944	426	0	0	104	1896	null_7532_L	0.052	0.947257383966245	1.39662447257384	0.499327921095266
1	7534	null_7533	H	L	666	893	341	0	0	100	1900	null_7533_L	0.05	0.828947368421053	1.18789473684211	0.500740997229917
1	7535	null_7534	H	L	1486	390	22	0	0	102	1898	null_7534_L	0.051	0.228661749209694	0.251844046364594	0.199557850812957
1	7536	null_7535	L	H	1281	568	53	0	0	98	1902	null_7535_H	0.049	0.354363827549947	0.410094637223975	0.284520914948126
1	7537	null_7536	H	L	763	873	268	0	0	96	1904	null_7536_L	0.048	0.740021008403361	1.02153361344538	0.47390252056705
1	7538	null_7537	H	L	735	891	273	0	0	101	1899	null_7537_L	0.0505	0.756714060031596	1.04423380726698	0.471617638617481
1	7539	null_7538	L	H	1489	376	21	0	0	114	1886	null_7538_H	0.057	0.221633085896076	0.24390243902439	0.194781214260573
1	7540	null_7539	H	L	685	920	306	0	0	89	1911	null_7539_L	0.0445	0.80167451596023	1.12192569335426	0.479243663814195
1	7541	null_7540	H	L	733	913	245	0	0	109	1891	null_7540_L	0.0545	0.741935483870968	1.00105764145955	0.450589379232698
1	7542	null_7541	H	L	988	764	160	0	0	88	1912	null_7541_L	0.044	0.566945606694561	0.734309623430962	0.412882302480699
1	7543	null_7542	L	H	1045	722	122	0	0	111	1889	null_7542_H	0.0555	0.511381683430387	0.640550555849656	0.37903932970156
1	7544	null_7543	H	L	999	752	134	0	0	115	1885	null_7543_L	0.0575	0.541114058355438	0.683289124668435	0.390484700518543
1	7545	null_7544	L	H	1609	273	13	0	0	105	1895	null_7544_H	0.0525	0.15778364116095	0.171503957783641	0.146608280365634
1	7546	null_7545	L	H	1278	548	68	0	0	106	1894	null_7545_H	0.053	0.361140443505808	0.432946145723337	0.302523725787765
1	7547	null_7546	L	H	667	936	288	0	0	109	1891	null_7546_H	0.0545	0.799576943416182	1.1041776837652	0.464854395322439
1	7548	null_7547	H	L	1345	512	57	0	0	86	1914	null_7547_L	0.043	0.327063740856844	0.38662486938349	0.279654178800217
1	7549	null_7548	L	H	903	829	178	0	0	90	1910	null_7548_H	0.045	0.620418848167539	0.806806282722513	0.421886735560977
1	7550	null_7549	H	L	1343	505	53	0	0	99	1901	null_7549_L	0.0495	0.32140978432404	0.377169910573382	0.273865661114157
1	7551	null_7550	H	L	686	884	324	0	0	106	1894	null_7550_L	0.053	0.808870116156283	1.15100316789863	0.496732303087948
1	7552	null_7551	L	H	1129	668	99	0	0	104	1896	null_7551_H	0.052	0.456751054852321	0.561181434599156	0.352559908490449
1	7553	null_7552	H	L	526	907	469	0	0	98	1902	null_7552_L	0.049	0.970031545741325	1.46319663512093	0.522235435387621
1	7554	null_7553	L	H	1203	599	102	0	0	96	1904	null_7553_H	0.048	0.421743697478992	0.528886554621849	0.351018808258598
1	7555	null_7554	L	H	1144	648	98	0	0	110	1890	null_7554_H	0.055	0.446560846560847	0.55026455026455	0.35084796058341
1	7556	null_7555	H	L	504	979	419	0	0	98	1902	null_7555_L	0.049	0.955310199789695	1.39589905362776	0.483281475805533
1	7557	null_7556	L	H	904	803	188	0	0	105	1895	null_7556_H	0.0525	0.622163588390501	0.820580474934037	0.433492944215092
1	7558	null_7557	L	H	628	933	346	0	0	93	1907	null_7557_H	0.0465	0.852123754588359	1.21499737808076	0.488882484946994
1	7559	null_7558	L	H	874	836	202	0	0	88	1912	null_7558_H	0.044	0.648535564853557	0.859832635983264	0.439234257103342
1	7560	null_7559	L	H	1386	485	36	0	0	93	1907	null_7559_H	0.0465	0.29208180388044	0.329837441006817	0.244525660848765
1	7561	null_7560	H	L	1585	297	14	0	0	104	1896	null_7560_L	0.052	0.171413502109705	0.186181434599156	0.156798845893642
1	7562	null_7561	L	H	1708	189	8	0	0	95	1905	null_7561_H	0.0475	0.10761154855643	0.116010498687664	0.104430253304951
1	7563	null_7562	H	L	1396	482	25	0	0	97	1903	null_7562_L	0.0485	0.27955859169732	0.305832895428271	0.227679889236482
1	7564	null_7563	H	L	1009	759	149	0	0	83	1917	null_7563_L	0.0415	0.551382368283777	0.706833594157538	0.402811078103311
1	7565	null_7564	L	H	1449	414	36	0	0	101	1899	null_7564_H	0.0505	0.255924170616114	0.293838862559242	0.228341681453696
1	7566	null_7565	H	L	1698	189	10	0	0	103	1897	null_7565_L	0.0515	0.110173958882446	0.120716921454929	0.108578620239098
1	7567	null_7566	L	H	1015	739	136	0	0	110	1890	null_7566_H	0.055	0.534920634920635	0.678835978835979	0.392695893172084
1	7568	null_7567	H	L	686	901	311	0	0	102	1898	null_7567_L	0.051	0.802423603793467	1.13013698630137	0.486253346376476
1	7569	null_7568	L	H	1269	574	62	0	0	95	1905	null_7568_H	0.0475	0.366404199475066	0.431496062992126	0.297244025599162
1	7570	null_7569	H	L	590	970	343	0	0	97	1903	null_7569_L	0.0485	0.870204939569101	1.23068838675775	0.473431749907288
1	7571	null_7570	L	H	1535	346	17	0	0	102	1898	null_7570_H	0.051	0.200210748155954	0.218124341412013	0.178039997734846
1	7572	null_7571	H	L	484	992	437	0	0	87	1913	null_7571_L	0.0435	0.975431259801359	1.43230527966545	0.48083913706778
1	7573	null_7572	H	L	1676	222	5	0	0	97	1903	null_7572_L	0.0485	0.121912769311613	0.127167630057803	0.112304906736577
1	7574	null_7573	H	L	763	886	252	0	0	99	1901	null_7573_L	0.0495	0.731194108364019	0.996317727511836	0.461672903405583
1	7575	null_7574	L	H	735	886	268	0	0	111	1889	null_7574_H	0.0555	0.752779248279513	1.03652726310217	0.469850666461902
1	7576	null_7575	H	L	1080	733	98	0	0	89	1911	null_7575_L	0.0445	0.486132914704343	0.588697017268446	0.352371806509506
1	7577	null_7576	L	H	493	963	451	0	0	93	1907	null_7576_H	0.0465	0.977975878342947	1.45097011012061	0.494533291499949
1	7578	null_7577	L	H	977	763	172	0	0	88	1912	null_7577_H	0.044	0.57897489539749	0.758891213389121	0.423679283888587
1	7579	null_7578	L	H	1114	674	127	0	0	85	1915	null_7578_H	0.0425	0.484595300261097	0.617232375979112	0.38239977094397
1	7580	null_7579	L	H	833	853	236	0	0	78	1922	null_7579_H	0.039	0.689386056191467	0.934963579604578	0.459710445133354
1	7581	null_7580	H	L	954	772	181	0	0	93	1907	null_7580_L	0.0465	0.59465128474043	0.784478238070267	0.430868087626823
1	7582	null_7581	H	L	541	976	398	0	0	85	1915	null_7581_L	0.0425	0.92532637075718	1.34099216710183	0.484763274683173
1	7583	null_7582	H	L	590	922	376	0	0	112	1888	null_7582_L	0.056	0.886652542372881	1.28495762711864	0.49880489622235
1	7584	null_7583	H	L	662	937	287	0	0	114	1886	null_7583_L	0.057	0.801166489925769	1.10551431601273	0.463646571432749
1	7585	null_7584	H	L	1603	280	11	0	0	106	1894	null_7584_L	0.053	0.159450897571278	0.171066525871172	0.145641937134886
1	7586	null_7585	L	H	689	917	293	0	0	101	1899	null_7585_H	0.0505	0.791469194312796	1.10005265929437	0.473629173748219
1	7587	null_7586	L	H	477	993	431	0	0	99	1901	null_7586_H	0.0495	0.975802209363493	1.42924776433456	0.477057812535887
1	7588	null_7587	H	L	621	910	360	0	0	109	1891	null_7587_L	0.0545	0.86197778952935	1.24272871496563	0.499723005323723
1	7589	null_7588	L	H	1599	279	16	0	0	106	1894	null_7588_H	0.053	0.164202745512144	0.181098204857445	0.154135663223719
1	7590	null_7589	L	H	1324	542	39	0	0	95	1905	null_7589_H	0.0475	0.325459317585302	0.366404199475066	0.260480432071975
1	7591	null_7590	H	L	514	948	439	0	0	99	1901	null_7590_L	0.0495	0.960547080483956	1.42240925828511	0.499758564458862
1	7592	null_7591	L	H	1468	412	29	0	0	91	1909	null_7591_H	0.0455	0.246202200104767	0.276584599266632	0.215969075930204
1	7593	null_7592	H	L	513	969	405	0	0	113	1887	null_7592_L	0.0565	0.942766295707472	1.37201907790143	0.483210789579442
1	7594	null_7593	L	H	1293	561	51	0	0	95	1905	null_7593_H	0.0475	0.348031496062992	0.401574803149606	0.280448880897762
1	7595	null_7594	H	L	1019	749	137	0	0	95	1905	null_7594_L	0.0475	0.537007874015748	0.680839895013123	0.39246243825821
1	7596	null_7595	L	H	1140	657	97	0	0	106	1894	null_7595_H	0.053	0.449313621964097	0.551742344244984	0.349859613362489
1	7597	null_7596	H	L	625	916	362	0	0	97	1903	null_7596_L	0.0485	0.861797162375197	1.24224908039937	0.499554731321427
1	7598	null_7597	L	H	567	931	407	0	0	95	1905	null_7597_H	0.0475	0.916010498687664	1.34330708661417	0.50423185290815
1	7599	null_7598	L	H	569	936	382	0	0	113	1887	null_7598_H	0.0565	0.900900900900901	1.30577636459989	0.494153931355839
1	7600	null_7599	L	H	1619	258	8	0	0	115	1885	null_7599_H	0.0575	0.145358090185676	0.153846153846154	0.132717179463727
1	7601	null_7600	H	L	1715	176	7	0	0	102	1898	null_7600_L	0.051	0.100105374077977	0.107481559536354	0.0974604736170624
1	7602	null_7601	L	H	957	789	153	0	0	101	1899	null_7601_H	0.0505	0.576619273301738	0.737756714060032	0.405266927717007
1	7603	null_7602	H	L	781	857	273	0	0	89	1911	null_7602_L	0.0445	0.734170591313449	1.01988487702773	0.480878419878196
1	7604	null_7603	H	L	1238	593	70	0	0	99	1901	null_7603_L	0.0495	0.385586533403472	0.459231983166754	0.310555008424648
1	7605	null_7604	H	L	1245	593	52	0	0	110	1890	null_7604_L	0.055	0.368783068783069	0.423809523809524	0.287808571988466
1	7606	null_7605	H	L	1083	687	122	0	0	108	1892	null_7605_L	0.054	0.492071881606765	0.621035940803383	0.37890120413536
1	7607	null_7606	L	H	626	925	358	0	0	91	1909	null_7606_H	0.0455	0.859612362493452	1.23467784180199	0.495744428050417
1	7608	null_7607	H	L	1065	700	134	0	0	101	1899	null_7607_L	0.0505	0.509741969457609	0.65086887835703	0.391032002930508
1	7609	null_7608	H	L	1324	510	43	0	0	123	1877	null_7608_L	0.0615	0.317527970165157	0.363345764517848	0.262521752680643
1	7610	null_7609	H	L	691	913	310	0	0	86	1914	null_7609_L	0.043	0.800940438871473	1.12486938349007	0.483363796870445
1	7611	null_7610	H	L	1517	378	9	0	0	96	1904	null_7610_L	0.048	0.207983193277311	0.217436974789916	0.174179966104089
1	7612	null_7611	H	L	659	916	331	0	0	94	1906	null_7611_L	0.047	0.82791185729276	1.17523609653725	0.489798053091304
1	7613	null_7612	H	L	1460	420	33	0	0	87	1913	null_7612_L	0.0435	0.25405122843701	0.28855201254574	0.224009985875386
1	7614	null_7613	H	L	562	952	395	0	0	91	1909	null_7613_L	0.0455	0.912519643792562	1.32634887375589	0.49365677344859
1	7615	null_7614	L	H	1704	191	7	0	0	98	1902	null_7614_H	0.049	0.107781282860147	0.115141955835962	0.103525150900983
1	7616	null_7615	H	L	597	935	361	0	0	107	1893	null_7615_L	0.0535	0.875330163761226	1.256735340729	0.490532445138748
1	7617	null_7616	H	L	815	864	225	0	0	96	1904	null_7616_L	0.048	0.690126050420168	0.926470588235294	0.450196622766754
1	7618	null_7617	L	H	1254	561	75	0	0	110	1890	null_7617_H	0.055	0.376190476190476	0.455555555555556	0.314036281179138
1	7619	null_7618	L	H	884	833	182	0	0	101	1899	null_7618_H	0.0505	0.630331753554502	0.82201158504476	0.424693465505667
1	7620	null_7619	H	L	1365	503	31	0	0	101	1899	null_7619_L	0.0505	0.297525013164824	0.330173775671406	0.241652642212678
1	7621	null_7620	H	L	1026	748	152	0	0	74	1926	null_7620_L	0.037	0.546209761163032	0.70404984423676	0.405704741046983
1	7622	null_7621	H	L	1478	393	34	0	0	95	1905	null_7621_L	0.0475	0.241994750656168	0.277690288713911	0.21912882936877
1	7623	null_7622	L	H	1661	240	9	0	0	90	1910	null_7622_H	0.045	0.135078534031414	0.144502617801047	0.126256407444971
1	7624	null_7623	L	H	787	841	282	0	0	90	1910	null_7623_H	0.045	0.735602094240838	1.03089005235602	0.489779611304515
1	7625	null_7624	L	H	1606	294	12	0	0	88	1912	null_7624_H	0.044	0.166317991631799	0.178870292887029	0.151208618546594
1	7626	null_7625	L	H	871	862	169	0	0	98	1902	null_7625_H	0.049	0.630914826498423	0.808622502628812	0.410568984333277
1	7627	null_7626	L	H	941	809	151	0	0	99	1901	null_7626_H	0.0495	0.584429247764335	0.743293003682273	0.401735458039887
1	7628	null_7627	L	H	1561	312	14	0	0	113	1887	null_7627_H	0.0565	0.18018018018018	0.195018547959724	0.162553650629962
1	7629	null_7628	L	H	1412	461	26	0	0	101	1899	null_7628_H	0.0505	0.270142180094787	0.297525013164824	0.224548215698459
1	7630	null_7629	H	L	957	789	158	0	0	96	1904	null_7629_L	0.048	0.580357142857143	0.746323529411765	0.409509116146459
1	7631	null_7630	H	L	780	852	272	0	0	96	1904	null_7630_L	0.048	0.733193277310924	1.01890756302521	0.481335181131276
1	7632	null_7631	L	H	1566	324	20	0	0	90	1910	null_7631_H	0.045	0.190575916230367	0.21151832460733	0.175199144760286
1	7633	null_7632	H	L	1264	575	67	0	0	94	1906	null_7632_L	0.047	0.371983210912907	0.442287513116474	0.303916003915398
1	7634	null_7633	L	H	1150	665	87	0	0	98	1902	null_7633_H	0.049	0.441114616193481	0.532597266035752	0.33801516141623
1	7635	null_7634	H	L	846	815	241	0	0	98	1902	null_7634_L	0.049	0.681913774973712	0.935331230283912	0.470324833785014
1	7636	null_7635	H	L	1084	693	111	0	0	112	1888	null_7635_L	0.056	0.484639830508475	0.602224576271186	0.367348810955903
1	7637	null_7636	H	L	873	871	180	0	0	76	1924	null_7636_L	0.038	0.63981288981289	0.826923076923077	0.417562542952356
1	7638	null_7637	H	L	723	898	274	0	0	105	1895	null_7637_L	0.0525	0.763060686015831	1.05224274406332	0.469981133520374
1	7639	null_7638	L	H	782	866	241	0	0	111	1889	null_7638_H	0.0555	0.713605082053997	0.968766543144521	0.459534330011229
1	7640	null_7639	L	H	1118	669	109	0	0	104	1896	null_7639_H	0.052	0.467827004219409	0.582805907172996	0.363943801296089
1	7641	null_7640	H	L	830	839	224	0	0	107	1893	null_7640_L	0.0535	0.679873217115689	0.916534601162176	0.454307009810939
1	7642	null_7641	L	H	560	937	388	0	0	115	1885	null_7641_H	0.0575	0.908753315649867	1.32042440318302	0.494591814478396
1	7643	null_7642	H	L	473	969	459	0	0	99	1901	null_7642_L	0.0495	0.992635455023672	1.47553918990005	0.490214043330001
1	7644	null_7643	L	H	995	742	163	0	0	100	1900	null_7643_H	0.05	0.562105263157895	0.733684210526316	0.41772188365651
1	7645	null_7644	H	L	597	936	369	0	0	98	1902	null_7644_L	0.049	0.8801261829653	1.26813880126183	0.493516703320762
1	7646	null_7645	H	L	527	950	415	0	0	108	1892	null_7645_L	0.054	0.940803382663848	1.37949260042283	0.494381595591095
1	7647	null_7646	L	H	1119	671	98	0	0	112	1888	null_7646_H	0.056	0.459216101694915	0.563029661016949	0.352150232961074
1	7648	null_7647	L	H	564	964	361	0	0	111	1889	null_7647_H	0.0555	0.892535733192165	1.27474854420328	0.478128509178406
1	7649	null_7648	L	H	741	883	272	0	0	104	1896	null_7648_H	0.052	0.752637130801688	1.03955696202532	0.47309431136392
1	7650	null_7649	H	L	477	933	469	0	0	121	1879	null_7649_L	0.0605	0.995742416178819	1.49494411921235	0.503441159834716
1	7651	null_7650	L	H	1069	736	105	0	0	90	1910	null_7650_H	0.045	0.495287958115183	0.605235602094241	0.359925440640333
1	7652	null_7651	L	H	1276	563	53	0	0	108	1892	null_7651_H	0.054	0.353594080338266	0.409619450317125	0.28459067666686
1	7653	null_7652	L	H	1060	724	123	0	0	93	1907	null_7652_H	0.0465	0.508652333508128	0.637650760356581	0.378923563973317
1	7654	null_7653	H	L	845	850	199	0	0	106	1894	null_7653_L	0.053	0.658922914466737	0.869060190073918	0.434880782864579
1	7655	null_7654	L	H	930	794	163	0	0	113	1887	null_7654_H	0.0565	0.59353471118177	0.766295707472178	0.414012254094551
1	7656	null_7655	L	H	1400	471	34	0	0	95	1905	null_7655_H	0.0475	0.282939632545932	0.318635170603675	0.238580334938448
1	7657	null_7656	H	L	1423	447	34	0	0	96	1904	null_7656_L	0.048	0.270483193277311	0.306197478991597	0.233036321146106
1	7658	null_7657	L	H	1103	703	97	0	0	97	1903	null_7657_H	0.0485	0.471361008933263	0.573305307409354	0.35112410666677
1	7659	null_7658	H	L	1367	487	51	0	0	95	1905	null_7658_L	0.0475	0.309186351706037	0.362729658792651	0.267133458711362
1	7660	null_7659	H	L	1248	598	59	0	0	95	1905	null_7659_L	0.0475	0.375853018372703	0.437795275590551	0.29652978417068
1	7661	null_7660	L	H	1576	322	11	0	0	91	1909	null_7660_H	0.0455	0.180199057097957	0.191723415400733	0.159251715221741
1	7662	null_7661	L	H	853	827	206	0	0	114	1886	null_7661_H	0.057	0.65694591728526	0.875397667020149	0.443819728782377
1	7663	null_7662	H	L	677	904	321	0	0	98	1902	null_7662_L	0.049	0.812828601472135	1.15036803364879	0.489677698277644
1	7664	null_7663	H	L	760	900	252	0	0	88	1912	null_7663_L	0.044	0.734309623430962	0.997907949790795	0.458697326727473
1	7665	null_7664	L	H	1212	612	94	0	0	82	1918	null_7664_H	0.041	0.417101147028154	0.515119916579771	0.341146549727569
1	7666	null_7665	L	H	1353	506	51	0	0	90	1910	null_7665_H	0.045	0.318324607329843	0.3717277486911	0.270397193059401
1	7667	null_7666	H	L	1160	634	99	0	0	107	1893	null_7666_L	0.0535	0.439513998943476	0.544109878499736	0.35093732323245
1	7668	null_7667	L	H	1482	400	26	0	0	92	1908	null_7667_H	0.046	0.236897274633124	0.264150943396226	0.208030624667625
1	7669	null_7668	H	L	539	929	422	0	0	110	1890	null_7668_L	0.055	0.938095238095238	1.38465608465608	0.504633408919123
1	7670	null_7669	L	H	505	950	436	0	0	109	1891	null_7669_H	0.0545	0.96351136964569	1.4246430460074	0.49628888657089
1	7671	null_7670	L	H	800	862	252	0	0	86	1914	null_7670_H	0.043	0.713688610240334	0.977011494252874	0.467660061866094
1	7672	null_7671	L	H	1437	416	31	0	0	116	1884	null_7671_H	0.058	0.253715498938429	0.286624203821656	0.22225264942008
1	7673	null_7672	H	L	856	817	202	0	0	125	1875	null_7672_L	0.0625	0.6512	0.866666666666667	0.442605226666667
1	7674	null_7673	L	H	1341	521	47	0	0	91	1909	null_7673_H	0.0455	0.322158198009429	0.371398638030382	0.2676127334857
1	7675	null_7674	L	H	492	965	437	0	0	106	1894	null_7674_H	0.053	0.970960929250264	1.4324181626188	0.48965303648826
1	7676	null_7675	L	H	780	874	230	0	0	116	1884	null_7675_H	0.058	0.708067940552017	0.952229299363057	0.450869090925483
1	7677	null_7676	L	H	1110	696	97	0	0	97	1903	null_7676_H	0.0485	0.46768260641093	0.569626904887021	0.3508998845477
1	7678	null_7677	H	L	1313	535	63	0	0	89	1911	null_7677_L	0.0445	0.34589220303506	0.411826268969126	0.292184852848679
1	7679	null_7678	L	H	1144	651	96	0	0	109	1891	null_7678_H	0.0545	0.445795875198308	0.547329455314648	0.348595492970823
1	7680	null_7679	H	L	1075	674	149	0	0	102	1898	null_7679_L	0.051	0.512118018967334	0.669125395152793	0.406860529801766
1	7681	null_7680	L	H	1563	340	12	0	0	85	1915	null_7680_H	0.0425	0.190078328981723	0.202610966057441	0.166481194908957
1	7682	null_7681	H	L	1646	241	12	0	0	101	1899	null_7681_L	0.0505	0.139547130068457	0.152185360716166	0.132711959205824
1	7683	null_7682	H	L	1098	690	123	0	0	89	1911	null_7682_L	0.0445	0.489795918367347	0.618524332810047	0.378624291160734
1	7684	null_7683	L	H	958	798	140	0	0	104	1896	null_7683_H	0.052	0.568565400843882	0.716244725738397	0.392978110701633
1	7685	null_7684	H	L	973	768	170	0	0	89	1911	null_7684_L	0.0445	0.579801151229723	0.757718472004186	0.421549097036875
1	7686	null_7685	H	L	728	887	278	0	0	107	1893	null_7685_L	0.0535	0.762282091917591	1.05599577390386	0.474921786245598
1	7687	null_7686	H	L	1596	273	8	0	0	123	1877	null_7686_L	0.0615	0.153969099627064	0.162493340436867	0.138786856796898
1	7688	null_7687	L	H	646	931	341	0	0	82	1918	null_7687_H	0.041	0.840980187695516	1.19655891553702	0.489311239440632
1	7689	null_7688	H	L	986	763	134	0	0	117	1883	null_7688_L	0.0585	0.54753053637812	0.689856611789697	0.390066923523186
1	7690	null_7689	L	H	1213	590	91	0	0	106	1894	null_7689_H	0.053	0.407602956705385	0.503695881731785	0.337555711416812
1	7691	null_7690	L	H	859	849	200	0	0	92	1908	null_7690_H	0.046	0.65461215932914	0.864255765199162	0.435738686057602
1	7692	null_7691	H	L	649	954	307	0	0	90	1910	null_7691_L	0.045	0.820942408376963	1.14240837696335	0.468461939091582
1	7693	null_7692	L	H	981	760	144	0	0	115	1885	null_7692_H	0.0575	0.555968169761273	0.708753315649867	0.399652709862167
1	7694	null_7693	L	H	1624	253	17	0	0	106	1894	null_7693_H	0.053	0.151531151003168	0.16948257655755	0.146520886833205
1	7695	null_7694	L	H	719	883	294	0	0	104	1896	null_7694_H	0.052	0.77584388185654	1.08597046413502	0.484036735120796
1	7696	null_7695	L	H	551	937	396	0	0	116	1884	null_7695_H	0.058	0.917728237791932	1.33811040339703	0.495885284956343
1	7697	null_7696	L	H	520	921	462	0	0	97	1903	null_7696_H	0.0485	0.969521807672097	1.45507094062007	0.515098405068303
1	7698	null_7697	L	H	1634	254	11	0	0	101	1899	null_7697_H	0.0505	0.145339652448657	0.156924697209057	0.135801082635161
1	7699	null_7698	H	L	543	950	416	0	0	91	1909	null_7698_L	0.0455	0.933473022524882	1.36930330015715	0.497931416375411
1	7700	null_7699	H	L	958	796	162	0	0	84	1916	null_7699_L	0.042	0.58455114822547	0.753653444676409	0.411953399784694
1	7701	null_7700	H	L	971	751	167	0	0	111	1889	null_7700_L	0.0555	0.574377977766014	0.751191106405506	0.42128104506293
1	7702	null_7701	H	L	886	823	191	0	0	100	1900	null_7701_L	0.05	0.63421052631579	0.835263157894737	0.433040166204986
1	7703	null_7702	H	L	1539	352	12	0	0	97	1903	null_7702_L	0.0485	0.197582764056752	0.210194429847609	0.171155481195303
1	7704	null_7703	H	L	1062	732	112	0	0	94	1906	null_7703_L	0.047	0.501573976915005	0.61909758656873	0.367521132250396
1	7705	null_7704	L	H	976	784	134	0	0	106	1894	null_7704_H	0.053	0.555438225976769	0.696937697993664	0.388426075117444
1	7706	null_7705	H	L	768	888	236	0	0	108	1892	null_7705_L	0.054	0.718816067653277	0.968287526427061	0.451590987310541
1	7707	null_7706	L	H	818	862	211	0	0	109	1891	null_7706_H	0.0545	0.679005817028028	0.902168164992068	0.441119265434168
1	7708	null_7707	L	H	642	920	325	0	0	113	1887	null_7707_H	0.0565	0.832008479067303	1.17647058823529	0.484232478995408
1	7709	null_7708	L	H	878	803	221	0	0	98	1902	null_7708_H	0.049	0.654574132492114	0.886961093585699	0.458493798657896
1	7710	null_7709	L	H	877	844	196	0	0	83	1917	null_7709_H	0.0415	0.644757433489828	0.84924360980699	0.4335314617666
1	7711	null_7710	L	H	865	837	187	0	0	111	1889	null_7710_H	0.0555	0.641079936474325	0.839068290100583	0.428084805150658
1	7712	null_7711	L	H	770	903	229	0	0	98	1902	null_7711_H	0.049	0.715562565720294	0.956361724500526	0.444331939040315
1	7713	null_7712	H	L	1259	583	64	0	0	94	1906	null_7712_L	0.047	0.373032528856243	0.440188877229801	0.301035609644917
1	7714	null_7713	L	H	1077	674	118	0	0	131	1869	null_7713_H	0.0655	0.48689138576779	0.613162118780096	0.376098897245217
1	7715	null_7714	L	H	1186	620	108	0	0	86	1914	null_7714_H	0.043	0.436781609195402	0.549634273772205	0.35885609964088
1	7716	null_7715	H	L	1608	261	16	0	0	115	1885	null_7715_L	0.0575	0.155437665782493	0.172413793103448	0.148252925159538
1	7717	null_7716	H	L	1352	523	44	0	0	81	1919	null_7716_L	0.0405	0.318394997394476	0.364252214695154	0.262876840329325
1	7718	null_7717	L	H	642	922	333	0	0	103	1897	null_7717_H	0.0515	0.83711122825514	1.18819188191882	0.487436673447991
1	7719	null_7718	L	H	1104	700	104	0	0	92	1908	null_7718_H	0.046	0.475890985324948	0.584905660377359	0.358433430463809
1	7720	null_7719	L	H	817	865	231	0	0	87	1913	null_7719_H	0.0435	0.693674856246733	0.935180345007841	0.453995538818916
1	7721	null_7720	H	L	1636	240	9	0	0	115	1885	null_7720_L	0.0575	0.136870026525199	0.146419098143236	0.127685693982227
1	7722	null_7721	L	H	688	915	302	0	0	95	1905	null_7721_H	0.0475	0.79737532808399	1.11443569553806	0.478628281701008
1	7723	null_7722	H	L	1693	211	3	0	0	93	1907	null_7722_L	0.0465	0.113791295228107	0.116937598321972	0.103989139452281
1	7724	null_7723	L	H	898	819	184	0	0	99	1901	null_7723_H	0.0495	0.624408206207259	0.817990531299316	0.428104923320349
1	7725	null_7724	H	L	875	815	212	0	0	98	1902	null_7724_L	0.049	0.651419558359621	0.874342797055731	0.449995356042287
1	7726	null_7725	H	L	1462	415	27	0	0	96	1904	null_7725_L	0.048	0.246323529411765	0.27468487394958	0.214009592807711
1	7727	null_7726	L	H	1268	554	68	0	0	110	1890	null_7726_H	0.055	0.365079365079365	0.437037037037037	0.303754094230285
1	7728	null_7727	L	H	938	780	192	0	0	90	1910	null_7727_H	0.045	0.609424083769634	0.810471204188482	0.439073490310024
1	7729	null_7728	L	H	555	970	365	0	0	110	1890	null_7728_H	0.055	0.899470899470899	1.28571428571429	0.476666386719297
1	7730	null_7729	H	L	1234	570	79	0	0	117	1883	null_7729_L	0.0585	0.386617100371747	0.47052575677111	0.321052974471252
1	7731	null_7730	H	L	614	917	364	0	0	105	1895	null_7730_L	0.0525	0.868073878627968	1.25224274406332	0.49869048530712
1	7732	null_7731	L	H	1053	694	146	0	0	107	1893	null_7731_H	0.0535	0.520866349709456	0.675118858954041	0.403817104694388
1	7733	null_7732	L	H	1127	657	108	0	0	108	1892	null_7732_H	0.054	0.461416490486258	0.575581395348837	0.362676217656182
1	7734	null_7733	H	L	682	911	326	0	0	81	1919	null_7733_L	0.0405	0.814486711829078	1.15424700364773	0.49085839990159
1	7735	null_7734	H	L	1462	426	21	0	0	91	1909	null_7734_L	0.0455	0.245154531168151	0.267155578837087	0.207054834684812
1	7736	null_7735	L	H	1586	300	12	0	0	102	1898	null_7735_H	0.051	0.170706006322445	0.183350895679663	0.154210355085104
1	7737	null_7736	H	L	1292	551	59	0	0	98	1902	null_7736_L	0.049	0.351735015772871	0.413774973711882	0.290057452391141
1	7738	null_7737	H	L	1495	395	25	0	0	85	1915	null_7737_L	0.0425	0.232375979112272	0.258485639686684	0.204487044018297
1	7739	null_7738	L	H	543	939	412	0	0	106	1894	null_7738_H	0.053	0.930834213305174	1.36589229144667	0.499439958787211
1	7740	null_7739	H	L	1653	220	6	0	0	121	1879	null_7739_L	0.0605	0.123469930814263	0.129856306546035	0.114611482730756
1	7741	null_7740	H	L	1045	741	126	0	0	88	1912	null_7740_L	0.044	0.519351464435147	0.651150627615063	0.381424684004132
1	7742	null_7741	H	L	829	839	232	0	0	100	1900	null_7741_L	0.05	0.685789473684211	0.93	0.459692797783934
1	7743	null_7742	L	H	993	742	161	0	0	104	1896	null_7742_H	0.052	0.561181434599156	0.731012658227848	0.416088055689081
1	7744	null_7743	H	L	731	887	285	0	0	97	1903	null_7743_L	0.0485	0.765633210719916	1.06516027325276	0.478966059895472
1	7745	null_7744	L	H	1442	432	30	0	0	96	1904	null_7744_H	0.048	0.258403361344538	0.289915966386555	0.223143669232399
1	7746	null_7745	L	H	521	931	435	0	0	113	1887	null_7745_H	0.0565	0.954425013248543	1.41547429782724	0.504547191912758
1	7747	null_7746	H	L	830	814	258	0	0	98	1902	null_7746_L	0.049	0.699263932702419	0.97055730809674	0.481587260518288
1	7748	null_7747	L	H	691	892	326	0	0	91	1909	null_7747_H	0.0455	0.808800419067575	1.1503404924044	0.496182374520516
1	7749	null_7748	H	L	1249	597	49	0	0	105	1895	null_7748_L	0.0525	0.366754617414248	0.418469656992084	0.283960707597413
1	7750	null_7749	L	H	910	820	183	0	0	87	1913	null_7749_H	0.0435	0.61996863565081	0.811291165708312	0.426930056517584
1	7751	null_7750	H	L	1317	543	50	0	0	90	1910	null_7750_L	0.045	0.336649214659686	0.389005235602094	0.275672541871111
1	7752	null_7751	L	H	616	945	326	0	0	113	1887	null_7751_H	0.0565	0.846316905140435	1.19183889772125	0.475586593794767
1	7753	null_7752	L	H	1541	340	18	0	0	101	1899	null_7752_H	0.0505	0.197998946814113	0.216956292785677	0.177752709846179
1	7754	null_7753	H	L	999	755	153	0	0	93	1907	null_7753_L	0.0465	0.556371263765076	0.716832721552176	0.407283738408628
1	7755	null_7754	L	H	1316	529	53	0	0	102	1898	null_7754_H	0.051	0.334562697576396	0.39041095890411	0.278478760294514
1	7756	null_7755	H	L	851	849	216	0	0	84	1916	null_7755_L	0.042	0.668580375782881	0.894050104384134	0.447050385502155
1	7757	null_7756	H	L	910	802	174	0	0	114	1886	null_7756_L	0.057	0.609756097560976	0.794273594909862	0.422471096397072
1	7758	null_7757	L	H	996	768	154	0	0	82	1918	null_7757_H	0.041	0.561001042752868	0.721584984358707	0.406862814388902
1	7759	null_7758	H	L	1451	425	28	0	0	96	1904	null_7758_L	0.048	0.252626050420168	0.28203781512605	0.218217893775157
1	7760	null_7759	H	L	925	803	170	0	0	102	1898	null_7759_L	0.051	0.602212855637513	0.781348788198103	0.418688464703015
1	7761	null_7760	H	L	1261	586	60	0	0	93	1907	null_7760_L	0.0465	0.370214997378081	0.433141059255375	0.296081914971723
1	7762	null_7761	L	H	1615	280	10	0	0	95	1905	null_7761_H	0.0475	0.15748031496063	0.167979002624672	0.143178953024573
1	7763	null_7762	L	H	1101	680	111	0	0	108	1892	null_7762_H	0.054	0.476744186046512	0.594080338266385	0.366795319337234
1	7764	null_7763	H	L	1106	692	98	0	0	104	1896	null_7763_L	0.052	0.468354430379747	0.571729957805907	0.35237408534957
1	7765	null_7764	L	H	514	998	391	0	0	97	1903	null_7764_H	0.0485	0.93536521282186	1.34629532317394	0.471387241816652
1	7766	null_7765	H	L	995	762	152	0	0	91	1909	null_7765_L	0.0455	0.558407543216344	0.71765322158198	0.405834237261067
1	7767	null_7766	H	L	963	784	141	0	0	112	1888	null_7766_L	0.056	0.564618644067797	0.713983050847458	0.3951888376185
1	7768	null_7767	L	H	1091	706	91	0	0	112	1888	null_7767_H	0.056	0.470338983050848	0.566737288135593	0.345518529158288
1	7769	null_7768	L	H	1150	667	91	0	0	92	1908	null_7768_H	0.046	0.44496855345912	0.540356394129979	0.342359380562478
1	7770	null_7769	L	H	1041	741	127	0	0	91	1909	null_7769_H	0.0455	0.521215295966475	0.65426925091671	0.382603866167291
1	7771	null_7770	H	L	985	764	147	0	0	104	1896	null_7770_L	0.052	0.558016877637131	0.713080168776371	0.401697333048479
1	7772	null_7771	L	H	1676	207	3	0	0	114	1886	null_7771_H	0.057	0.112937433722163	0.116118769883351	0.103363905947603
1	7773	null_7772	H	L	555	925	421	0	0	99	1901	null_7772_L	0.0495	0.929510783798001	1.37243556023146	0.508445263034683
1	7774	null_7773	H	L	1231	573	65	0	0	131	1869	null_7773_L	0.0655	0.37613697164259	0.445692883895131	0.304213862458673
1	7775	null_7774	L	H	680	906	327	0	0	87	1913	null_7774_H	0.0435	0.815473078933612	1.15734448510193	0.492348142636469
1	7776	null_7775	L	H	527	946	419	0	0	108	1892	null_7775_H	0.054	0.94291754756871	1.38583509513742	0.49674159362443
1	7777	null_7776	L	H	656	954	301	0	0	89	1911	null_7776_H	0.0445	0.814233385661957	1.12925170068027	0.466275694353739
1	7778	null_7777	L	H	1225	614	78	0	0	83	1917	null_7777_H	0.0415	0.401669274908712	0.483046426708399	0.321708220302708
1	7779	null_7778	H	L	1159	660	80	0	0	101	1899	null_7778_L	0.0505	0.431806213796735	0.516061084781464	0.329604478507992
1	7780	null_7779	H	L	556	942	407	0	0	95	1905	null_7779_L	0.0475	0.921784776902887	1.3490813648294	0.499394189899491
1	7781	null_7780	L	H	1096	689	120	0	0	95	1905	null_7780_H	0.0475	0.487664041994751	0.613648293963255	0.375832076108597
1	7782	null_7781	H	L	1007	742	135	0	0	116	1884	null_7781_L	0.058	0.537154989384289	0.680467091295117	0.391931608674681
1	7783	null_7782	L	H	736	865	296	0	0	103	1897	null_7782_H	0.0515	0.768054823405377	1.08012651555087	0.490218303794605
1	7784	null_7783	L	H	1498	372	17	0	0	113	1887	null_7783_H	0.0565	0.215156332803392	0.23317435082141	0.186882103276006
1	7785	null_7784	L	H	988	776	156	0	0	80	1920	null_7784_H	0.04	0.566666666666667	0.729166666666667	0.408055555555556
1	7786	null_7785	H	L	1666	221	7	0	0	106	1894	null_7785_L	0.053	0.124076029567054	0.131467793030623	0.116072931917499
1	7787	null_7786	L	H	1278	568	63	0	0	91	1909	null_7786_H	0.0455	0.363541121005762	0.429544264012572	0.297382117350446
1	7788	null_7787	H	L	787	881	227	0	0	105	1895	null_7787_L	0.0525	0.704485488126649	0.944063324538259	0.447763521557216
1	7789	null_7788	H	L	1361	488	36	0	0	115	1885	null_7788_L	0.0575	0.297082228116711	0.335278514588859	0.24702066432607
1	7790	null_7789	L	H	579	959	367	0	0	95	1905	null_7789_H	0.0475	0.888713910761155	1.2740157480315	0.48420333285111
1	7791	null_7790	H	L	1679	224	6	0	0	91	1909	null_7790_L	0.0455	0.123624934520691	0.129910948140388	0.114627823705142
1	7792	null_7791	H	L	687	908	307	0	0	98	1902	null_7791_L	0.049	0.800210304942166	1.12302839116719	0.482691859031558
1	7793	null_7792	L	H	564	961	385	0	0	90	1910	null_7792_H	0.045	0.906282722513089	1.30942408376963	0.488075710643897
1	7794	null_7793	L	H	569	931	384	0	0	116	1884	null_7793_H	0.058	0.901804670912951	1.30944798301486	0.496196318534446
1	7795	null_7794	H	L	1679	228	8	0	0	85	1915	null_7794_L	0.0425	0.127415143603133	0.135770234986945	0.119535616167538
1	7796	null_7795	L	H	1595	281	14	0	0	110	1890	null_7795_H	0.055	0.163492063492064	0.178306878306878	0.151577223481985
1	7797	null_7796	H	L	1687	215	6	0	0	92	1908	null_7796_L	0.046	0.118972746331237	0.125262054507338	0.111107540137741
1	7798	null_7797	H	L	1105	658	135	0	0	102	1898	null_7797_L	0.051	0.488935721812434	0.631190727081138	0.392132587016892
1	7799	null_7798	L	H	1274	574	80	0	0	72	1928	null_7798_H	0.036	0.380705394190871	0.463692946058091	0.318756348892065
1	7800	null_7799	H	L	830	851	222	0	0	97	1903	null_7799_L	0.0485	0.680504466631634	0.91382028376248	0.450733954656875
1	7801	qtl_0	L	H	569	965	381	0	0	85	1915	qtl_0_H	0.0425	0.901827676240209	1.29973890339426	0.486445745761441
1	7802	qtl_1	H	L	1224	618	60	0	0	98	1902	qtl_1_L	0.049	0.38801261829653	0.451104100946372	0.300550308989044
1	7803	qtl_2	H	L	1660	242	3	0	0	95	1905	qtl_2_L	0.0475	0.130183727034121	0.133333333333333	0.116385530548839
1	7804	qtl_3	L	H	543	943	417	0	0	97	1903	qtl_3_H	0.0485	0.933788754598003	1.37204414083027	0.500082702616578
1	7805	qtl_4	H	L	791	853	251	0	0	105	1895	qtl_4_L	0.0525	0.715039577836412	0.979947229551451	0.468665631678977
1	7806	qtl_5	L	H	832	855	220	0	0	93	1907	qtl_5_H	0.0465	0.6790770844258	0.909805977975878	0.448660291383634
1	7807	qtl_6	H	L	1634	258	9	0	0	99	1901	qtl_6_L	0.0495	0.145186743819043	0.154655444502893	0.133576253922117
1	7808	qtl_7	H	L	1385	476	34	0	0	105	1895	qtl_7_L	0.0525	0.287071240105541	0.322955145118734	0.240545248223
1	7809	qtl_8	L	H	716	884	290	0	0	110	1890	qtl_8_H	0.055	0.774603174603175	1.08148148148148	0.481471403376165
1	7810	qtl_9	H	L	482	936	476	0	0	106	1894	qtl_9_L	0.053	0.996832101372756	1.49947201689546	0.505797778568235
1	7811	qtl_10	L	H	1098	694	101	0	0	107	1893	qtl_10_H	0.0535	0.473322768092974	0.580031695721078	0.355997252925882
1	7812	qtl_11	H	L	964	740	179	0	0	117	1883	qtl_11_L	0.0585	0.583112055231014	0.773234200743494	0.433214531787757
1	7813	qtl_12	H	L	528	932	436	0	0	104	1896	qtl_12_L	0.052	0.951476793248945	1.41139240506329	0.506084316971995
1	7814	qtl_13	L	H	1477	391	34	0	0	98	1902	qtl_13_H	0.049	0.241324921135647	0.277076761303891	0.218839043742765
1	7815	qtl_14	H	L	776	829	291	0	0	104	1896	qtl_14_L	0.052	0.744198312236287	1.05116033755274	0.497329209617405
1	7816	qtl_15	H	L	1052	718	134	0	0	96	1904	qtl_15_L	0.048	0.517857142857143	0.658613445378151	0.390437424969988
1	7817	qtl_16	L	H	1649	240	10	0	0	101	1899	qtl_16_H	0.0505	0.136914165350184	0.147446024223275	0.128700535549738
1	7818	qtl_17	H	L	1420	457	28	0	0	95	1905	qtl_17_L	0.0475	0.269291338582677	0.298687664041995	0.226169839006345
1	7819	qtl_18	H	L	1459	408	29	0	0	104	1896	qtl_18_L	0.052	0.2457805907173	0.276371308016878	0.215963209243533
1	7820	qtl_19	L	H	1285	553	70	0	0	92	1908	qtl_19_H	0.046	0.363207547169811	0.436582809224319	0.304663086903208
1	7821	qtl_20	L	H	1526	339	18	0	0	117	1883	qtl_20_H	0.0585	0.199150292087095	0.218268720127456	0.178607881289081
1	7822	qtl_21	H	L	845	836	227	0	0	92	1908	qtl_21_L	0.046	0.676100628930818	0.914046121593291	0.456934061152644
1	7823	qtl_22	L	H	1540	339	16	0	0	105	1895	qtl_22_H	0.0525	0.195778364116095	0.212664907651715	0.174335739795741
1	7824	qtl_23	L	H	1550	335	14	0	0	101	1899	qtl_23_H	0.0505	0.191153238546604	0.205897840968931	0.169358280362076
1	7825	qtl_24	H	L	662	910	331	0	0	97	1903	qtl_24_L	0.0485	0.826064109301104	1.1739358906989	0.491553978023471
1	7826	qtl_25	H	L	479	949	473	0	0	99	1901	qtl_25_L	0.0495	0.996843766438716	1.49447659126775	0.500779096580028
1	7827	qtl_26	H	L	1699	188	5	0	0	108	1892	qtl_26_L	0.054	0.104651162790698	0.109936575052854	0.098984709179409
1	7828	qtl_27	L	H	1251	589	63	0	0	97	1903	qtl_27_H	0.0485	0.375722543352601	0.441933788754598	0.300766359171251
1	7829	qtl_28	H	L	873	847	173	0	0	107	1893	qtl_28_L	0.0535	0.630216587427364	0.812995245641838	0.415822298573246
1	7830	qtl_29	L	H	755	872	279	0	0	94	1906	qtl_29_H	0.047	0.750262329485834	1.04302203567681	0.4801284726313
1	7831	qtl_30	H	L	1054	733	125	0	0	88	1912	qtl_30_L	0.044	0.514121338912134	0.644874476987448	0.380553725862643
1	7832	qtl_31	L	H	606	933	362	0	0	99	1901	qtl_31_H	0.0495	0.871646501841136	1.25249868490268	0.492731060730793
1	7833	qtl_32	L	H	803	864	229	0	0	104	1896	qtl_32_H	0.052	0.697257383966245	0.938818565400844	0.452650705905393
1	7834	qtl_33	L	H	818	847	240	0	0	95	1905	qtl_33_H	0.0475	0.696587926509186	0.948556430446194	0.463321691087827
1	7835	qtl_34	L	H	894	806	171	0	0	129	1871	qtl_34_H	0.0645	0.613575628006414	0.796365579903795	0.41989052862033
1	7836	qtl_35	L	H	909	785	180	0	0	126	1874	qtl_35_H	0.063	0.610992529348986	0.803094983991462	0.42978311307119
1	7837	qtl_36	L	H	1185	627	75	0	0	113	1887	qtl_36_H	0.0565	0.411764705882353	0.491255961844197	0.321705788833817
1	7838	qtl_37	H	L	793	880	219	0	0	108	1892	qtl_37_L	0.054	0.69661733615222	0.928118393234672	0.442842680206857
1	7839	qtl_38	L	H	1556	337	21	0	0	86	1914	qtl_38_H	0.043	0.198014629049112	0.219958202716823	0.180748409399366
1	7840	qtl_39	H	L	791	881	220	0	0	108	1892	qtl_39_L	0.054	0.698202959830867	0.930761099365751	0.443273726249168
1	7841	qtl_40	H	L	552	938	401	0	0	109	1891	qtl_40_L	0.0545	0.920148069804336	1.34426229508197	0.497589824717322
1	7842	qtl_41	L	H	1669	225	7	0	0	99	1901	qtl_41_H	0.0495	0.125723303524461	0.133087848500789	0.117281499451685
1	7843	qtl_42	H	L	1190	613	92	0	0	105	1895	qtl_42_L	0.0525	0.420580474934037	0.517678100263852	0.340790164368112
1	7844	qtl_43	L	H	1133	652	104	0	0	111	1889	qtl_43_H	0.0555	0.455267337215458	0.565378507146638	0.358110158811385
1	7845	qtl_44	H	L	544	923	439	0	0	94	1906	qtl_44_L	0.047	0.944910807974816	1.40556138509969	0.512704950072065
1	7846	qtl_45	L	H	723	889	290	0	0	98	1902	qtl_45_H	0.049	0.772344900105153	1.07728706624606	0.480770421527619
1	7847	qtl_46	L	H	871	829	196	0	0	104	1896	qtl_46_H	0.052	0.643987341772152	0.850738396624473	0.43601870026171
1	7848	qtl_47	L	H	778	880	245	0	0	97	1903	qtl_47_H	0.0485	0.719915922228061	0.977404098791382	0.459125163713902
1	7849	qtl_48	H	L	522	959	421	0	0	98	1902	qtl_48_L	0.049	0.946898002103049	1.38958990536278	0.49297407897603
1	7850	qtl_49	H	L	728	902	266	0	0	104	1896	qtl_49_L	0.052	0.756329113924051	1.03691983122363	0.464886102654489
1	7851	qtl_50	H	L	1650	245	3	0	0	102	1898	qtl_50_L	0.051	0.132244467860906	0.135405690200211	0.117917090920397
1	7852	qtl_51	L	H	1627	265	3	0	0	105	1895	qtl_51_H	0.0525	0.143007915567282	0.146174142480211	0.125722878565312
1	7853	qtl_52	H	L	1137	662	103	0	0	98	1902	qtl_52_L	0.049	0.456361724500526	0.564668769716088	0.356402746126995
1	7854	qtl_53	L	H	767	884	240	0	0	109	1891	qtl_53_H	0.0545	0.721311475409836	0.975145425700688	0.454855181142773
1	7855	qtl_54	L	H	1335	497	62	0	0	106	1894	qtl_54_H	0.053	0.327877507919747	0.393347412882788	0.285843752683124
1	7856	qtl_55	H	L	1392	456	50	0	0	102	1898	qtl_55_L	0.051	0.292939936775553	0.345626975763962	0.259813169205897
1	7857	qtl_56	L	H	666	918	312	0	0	104	1896	qtl_56_H	0.052	0.813291139240506	1.14240506329114	0.480962586124019
1	7858	qtl_57	H	L	1496	379	30	0	0	95	1905	qtl_57_L	0.0475	0.230446194225722	0.261942257217848	0.208836808784729
1	7859	qtl_58	L	H	568	945	388	0	0	99	1901	qtl_58_H	0.0495	0.905312993161494	1.31351920042083	0.493927584833808
1	7860	qtl_59	L	H	536	956	414	0	0	94	1906	qtl_59_H	0.047	0.935991605456453	1.3704092339979	0.494328948512952
1	7861	qtl_60	H	L	1121	683	97	0	0	99	1901	qtl_60_L	0.0495	0.461336138874277	0.563387690689111	0.350556657657685
1	7862	qtl_61	L	H	1536	339	26	0	0	99	1901	qtl_61_H	0.0495	0.20568122041031	0.233035244608101	0.190730480178626
1	7863	qtl_62	L	H	1471	425	21	0	0	83	1917	qtl_62_H	0.0415	0.243609806990089	0.265519040166928	0.206173302105179
1	7864	qtl_63	L	H	763	869	259	0	0	109	1891	qtl_63_H	0.0545	0.733474352194606	1.00740349021682	0.46941886488952
1	7865	qtl_64	L	H	1023	731	139	0	0	107	1893	qtl_64_H	0.0535	0.533016376122557	0.679873217115689	0.395766759900866
1	7866	qtl_65	H	L	1363	494	42	0	0	101	1899	qtl_65_L	0.0505	0.304370721432333	0.348604528699315	0.255962992634077
1	7867	qtl_66	L	H	1346	505	52	0	0	97	1903	qtl_66_H	0.0485	0.320021019442985	0.374671571203363	0.272258118318036
1	7868	qtl_67	L	H	783	903	222	0	0	92	1908	qtl_67_H	0.046	0.705974842767296	0.938679245283019	0.440278766662711
1	7869	qtl_68	H	L	1480	396	22	0	0	102	1898	qtl_68_L	0.051	0.231822971548999	0.255005268703899	0.201263378566091
1	7870	qtl_69	L	H	1054	721	147	0	0	78	1922	qtl_69_H	0.039	0.528095733610822	0.681061394380853	0.402176290522901
1	7871	qtl_70	H	L	596	920	391	0	0	93	1907	qtl_70_L	0.0465	0.892501310959623	1.30256948085999	0.506010890795345
1	7872	qtl_71	L	H	1557	331	22	0	0	90	1910	qtl_71_H	0.045	0.196335078534031	0.219371727748691	0.180824264685727
1	7873	qtl_72	L	H	577	957	378	0	0	88	1912	qtl_72_H	0.044	0.89592050209205	1.2913179916318	0.488644445562928
1	7874	qtl_73	L	H	533	959	418	0	0	90	1910	qtl_73_H	0.045	0.93979057591623	1.37748691099476	0.494280584413805
1	7875	qtl_74	H	L	1516	375	21	0	0	88	1912	qtl_74_L	0.044	0.218096234309623	0.240062761506276	0.192496794086238
1	7876	qtl_75	H	L	1296	558	58	0	0	88	1912	qtl_75_L	0.044	0.352510460251046	0.413179916317992	0.288916291731587
1	7877	qtl_76	L	H	1090	689	114	0	0	107	1893	qtl_76_H	0.0535	0.484416270470153	0.604860010565241	0.370200887469028
1	7878	qtl_77	H	L	762	874	269	0	0	95	1905	qtl_77_L	0.0475	0.741207349081365	1.02362204724409	0.47423371291187
1	7879	qtl_78	H	L	643	930	315	0	0	112	1888	qtl_78_L	0.056	0.826271186440678	1.15995762711864	0.477233553576558
1	7880	qtl_79	H	L	1106	711	97	0	0	86	1914	qtl_79_L	0.043	0.472831765935214	0.574190177638454	0.35062029876104
1	7881	qtl_80	H	L	1601	296	14	0	0	89	1911	qtl_80_L	0.0445	0.169544740973312	0.184196755625327	0.155451336433619
1	7882	qtl_81	H	L	1171	621	105	0	0	103	1897	qtl_81_L	0.0515	0.438060094886663	0.548761201897733	0.356864555165621
1	7883	qtl_82	H	L	596	954	357	0	0	93	1907	qtl_82_L	0.0465	0.874672260094389	1.24908232826429	0.484030765685663
1	7884	qtl_83	H	L	1482	388	23	0	0	107	1893	qtl_83_L	0.0535	0.229265715795034	0.253565768621236	0.201003000182227
1	7885	qtl_84	L	H	1205	620	87	0	0	88	1912	qtl_84_H	0.044	0.415271966527197	0.506276150627615	0.33382534444425
1	7886	qtl_85	H	L	1072	701	114	0	0	113	1887	qtl_85_L	0.0565	0.492315845257022	0.613142554319025	0.370767662827889
1	7887	qtl_86	L	H	664	940	282	0	0	114	1886	qtl_86_H	0.057	0.79745493107105	1.09650053022269	0.460566163133161
1	7888	qtl_87	L	H	1498	376	29	0	0	97	1903	qtl_87_H	0.0485	0.228060956384656	0.258539148712559	0.206527348885475
1	7889	qtl_88	L	H	1182	626	83	0	0	109	1891	qtl_88_H	0.0545	0.418826017979905	0.506610259122158	0.331195025785254
1	7890	qtl_89	L	H	492	916	492	0	0	100	1900	qtl_89_H	0.05	1	1.51789473684211	0.517894736842105
1	7891	qtl_90	L	H	693	917	270	0	0	120	1880	qtl_90_H	0.06	0.775	1.06223404255319	0.461609042553191
1	7892	qtl_91	L	H	859	835	203	0	0	103	1897	qtl_91_H	0.0515	0.654190827622562	0.868212967843964	0.440247328898472
1	7893	qtl_92	H	L	1132	659	112	0	0	97	1903	qtl_92_L	0.0485	0.464004203888597	0.581713084603258	0.366413183376967
1	7894	qtl_93	L	H	1067	713	117	0	0	103	1897	qtl_93_H	0.0515	0.499209277807064	0.622561939905113	0.373352036856463
1	7895	qtl_94	H	L	928	778	181	0	0	113	1887	qtl_94_L	0.0565	0.604133545310016	0.795972443031267	0.430995102462417
1	7896	qtl_95	H	L	925	808	181	0	0	86	1914	qtl_95_L	0.043	0.61128526645768	0.800417972831766	0.426748295843529
1	7897	qtl_96	H	L	514	973	408	0	0	105	1895	qtl_96_L	0.0525	0.944063324538259	1.37467018469657	0.483414623958341
1	7898	qtl_97	H	L	607	917	379	0	0	97	1903	qtl_97_L	0.0485	0.880189174986863	1.27850761954808	0.503774635784028
1	7899	qtl_98	H	L	966	777	163	0	0	94	1906	qtl_98_L	0.047	0.578698845750262	0.749737670514166	0.41484531644148
1	7900	qtl_99	L	H	1414	434	41	0	0	111	1889	qtl_99_H	0.0555	0.273160402329275	0.316569613552144	0.241953008151453
1	7901	qtl_100	L	H	1256	586	57	0	0	101	1899	qtl_100_H	0.0505	0.368615060558189	0.428646656134808	0.292769593264491
1	7902	qtl_101	L	H	494	931	467	0	0	108	1892	qtl_101_H	0.054	0.985729386892178	1.47938689217759	0.507724467994762
1	7903	qtl_102	H	L	757	917	242	0	0	84	1916	qtl_102_L	0.042	0.731210855949896	0.983820459290188	0.449151143431209
1	7904	qtl_103	L	H	1159	643	92	0	0	106	1894	qtl_103_H	0.053	0.436642027455121	0.533790918690602	0.343134658550483
1	7905	qtl_104	H	L	1642	243	11	0	0	104	1896	qtl_104_L	0.052	0.139767932489451	0.151371308016878	0.131836233064502
1	7906	qtl_105	L	H	639	928	334	0	0	99	1901	qtl_105_H	0.0495	0.83955812730142	1.19095213045765	0.486094281339786
1	7907	qtl_106	L	H	695	904	313	0	0	88	1912	qtl_106_H	0.044	0.800209205020921	1.12761506276151	0.487280290961293
1	7908	qtl_107	H	L	1548	323	11	0	0	118	1882	qtl_107_L	0.059	0.183315621679065	0.195005313496281	0.161400696344699
1	7909	qtl_108	L	H	711	922	278	0	0	89	1911	qtl_108_H	0.0445	0.773417059131345	1.06436420722135	0.466190259865972
1	7910	qtl_109	H	L	1427	439	39	0	0	95	1905	qtl_109_L	0.0475	0.271391076115486	0.312335958005249	0.238682841810128
1	7911	qtl_110	H	L	1577	307	13	0	0	103	1897	qtl_110_L	0.0515	0.17554032683184	0.189246178176067	0.158431771831838
1	7912	qtl_111	H	L	477	974	444	0	0	105	1895	qtl_111_L	0.0525	0.982585751978892	1.45118733509235	0.485712575100424
1	7913	qtl_112	L	H	1212	609	70	0	0	109	1891	qtl_112_H	0.0545	0.396086726599683	0.470121628767848	0.313236933779396
1	7914	qtl_113	H	L	877	813	211	0	0	99	1901	qtl_113_L	0.0495	0.649658074697528	0.871646501841136	0.449590887821438
1	7915	qtl_114	L	H	1574	310	7	0	0	109	1891	qtl_114_H	0.0545	0.171337916446325	0.178741406663141	0.149384725050973
1	7916	qtl_115	L	H	1539	346	12	0	0	103	1897	qtl_115_H	0.0515	0.195044807590933	0.207696362677913	0.169653885709728
1	7917	qtl_116	L	H	1336	509	45	0	0	110	1890	qtl_116_H	0.055	0.316931216931217	0.364550264550265	0.264104868284762
1	7918	qtl_117	L	H	1044	717	129	0	0	110	1890	qtl_117_H	0.055	0.515873015873016	0.652380952380952	0.386255983875031
1	7919	qtl_118	H	L	870	822	197	0	0	111	1889	qtl_118_L	0.0555	0.643726839597671	0.852302805717311	0.437918561698906
1	7920	qtl_119	H	L	590	959	337	0	0	114	1886	qtl_119_L	0.057	0.865853658536585	1.22322375397667	0.47352119597548
1	7921	qtl_120	L	H	511	972	414	0	0	103	1897	qtl_120_H	0.0515	0.948866631523458	1.38534528202425	0.484997397605575
1	7922	qtl_121	H	L	1266	570	69	0	0	95	1905	qtl_121_L	0.0475	0.371653543307087	0.444094488188976	0.305968131936264
1	7923	qtl_122	H	L	508	956	441	0	0	95	1905	qtl_122_L	0.0475	0.964829396325459	1.42782152230971	0.496925758295961
1	7924	qtl_123	L	H	735	881	285	0	0	99	1901	qtl_123_H	0.0495	0.763282482903735	1.06312467122567	0.48052452251798
1	7925	qtl_124	L	H	663	902	321	0	0	114	1886	qtl_124_H	0.057	0.818663838812301	1.15906680805939	0.488856327080491
1	7926	qtl_125	L	H	671	920	309	0	0	100	1900	qtl_125_H	0.05	0.809473684210526	1.13473684210526	0.4794891966759
1	7927	qtl_126	L	H	992	769	139	0	0	100	1900	qtl_126_H	0.05	0.551052631578947	0.697368421052632	0.393709418282548
1	7928	qtl_127	H	L	502	970	425	0	0	103	1897	qtl_127_L	0.0515	0.959409594095941	1.40748550342646	0.487018734183125
1	7929	qtl_128	L	H	1684	192	9	0	0	115	1885	qtl_128_H	0.0575	0.111405835543767	0.120954907161804	0.108543646968599
1	7930	qtl_129	H	L	1634	245	19	0	0	102	1898	qtl_129_L	0.051	0.149104320337197	0.169125395152792	0.146893296809575
1	7931	qtl_130	L	H	897	805	195	0	0	103	1897	qtl_130_H	0.0515	0.629942013705851	0.835529783869267	0.438702843237484
1	7932	qtl_131	H	L	1200	611	72	0	0	117	1883	qtl_131_L	0.0585	0.400955921402018	0.477429633563463	0.316663982656121
1	7933	qtl_132	L	H	1675	209	5	0	0	111	1889	qtl_132_H	0.0555	0.115934356802541	0.121228163049232	0.107787387962014
1	7934	qtl_133	H	L	935	804	168	0	0	93	1907	qtl_133_L	0.0465	0.597797587834295	0.773990561090718	0.416628605070217
1	7935	qtl_134	H	L	509	1001	383	0	0	107	1893	qtl_134_L	0.0535	0.933438985736925	1.33808769149498	0.466779351401401
1	7936	qtl_135	L	H	860	829	215	0	0	96	1904	qtl_135_H	0.048	0.661239495798319	0.887079831932773	0.449842161129158
1	7937	qtl_136	L	H	1012	757	136	0	0	95	1905	qtl_136_H	0.0475	0.540157480314961	0.682939632545932	0.391169529005725
1	7938	qtl_137	H	L	797	865	241	0	0	97	1903	qtl_137_L	0.0485	0.707829742511823	0.961114030478192	0.460091086093838
1	7939	qtl_138	L	H	768	897	248	0	0	87	1913	qtl_138_H	0.0435	0.728175640355463	0.987454260324098	0.45721449711701
1	7940	qtl_139	H	L	1243	599	60	0	0	98	1902	qtl_139_L	0.049	0.378023133543638	0.441114616193481	0.298213126699329
1	7941	qtl_140	H	L	1655	235	12	0	0	98	1902	qtl_140_L	0.049	0.136172450052576	0.148790746582545	0.130247810429223
1	7942	qtl_141	H	L	542	916	450	0	0	92	1908	qtl_141_L	0.046	0.951781970649895	1.42348008385744	0.517591164203244
1	7943	qtl_142	L	H	807	861	234	0	0	98	1902	qtl_142_H	0.049	0.698738170347003	0.944794952681388	0.456559921981511
1	7944	qtl_143	H	L	1200	616	86	0	0	98	1902	qtl_143_L	0.049	0.414300736067298	0.504731861198738	0.333086761292834
1	7945	qtl_144	L	H	569	921	411	0	0	99	1901	qtl_144_H	0.0495	0.916885849552867	1.34928984744871	0.508610186338429
1	7946	qtl_145	L	H	1204	620	81	0	0	95	1905	qtl_145_H	0.0475	0.410498687664042	0.495538057742782	0.327028885168881
1	7947	qtl_146	L	H	769	901	237	0	0	93	1907	qtl_146_H	0.0465	0.721027792343996	0.969585736759308	0.449704659426851
1	7948	qtl_147	H	L	1159	642	93	0	0	106	1894	qtl_147_L	0.053	0.437170010559662	0.535374868004224	0.344257249871489
1	7949	qtl_148	H	L	631	902	362	0	0	105	1895	qtl_148_L	0.0525	0.858047493403694	1.2401055408971	0.503860039960736
1	7950	qtl_149	L	H	733	894	282	0	0	91	1909	qtl_149_H	0.0455	0.763750654793085	1.05919329491881	0.475878232221939
1	7951	qtl_150	L	H	724	885	287	0	0	104	1896	qtl_150_H	0.052	0.769514767932489	1.07225738396624	0.480104405900052
1	7952	qtl_151	H	L	541	925	427	0	0	107	1893	qtl_151_L	0.0535	0.939778129952457	1.39091389329107	0.507730959754136
1	7953	qtl_152	L	H	509	939	458	0	0	94	1906	qtl_152_H	0.047	0.973242392444911	1.45383001049318	0.506629256041286
1	7954	qtl_153	L	H	564	943	380	0	0	113	1887	qtl_153_H	0.0565	0.902490726020138	1.30524642289348	0.490756912341126
1	7955	qtl_154	L	H	581	963	350	0	0	106	1894	qtl_154_H	0.053	0.878035902851109	1.24762407602957	0.476677029334006
1	7956	qtl_155	L	H	591	946	380	0	0	83	1917	qtl_155_H	0.0415	0.889932185706834	1.28638497652582	0.494405681368879
1	7957	qtl_156	H	L	704	882	321	0	0	93	1907	qtl_156_L	0.0465	0.799160985841636	1.13581541688516	0.497157135593784
1	7958	qtl_157	L	H	839	841	205	0	0	115	1885	qtl_157_H	0.0575	0.663660477453581	0.881167108753316	0.440721879419401
1	7959	qtl_158	H	L	1104	707	101	0	0	88	1912	qtl_158_L	0.044	0.475418410041841	0.581066945606695	0.355044280999983
1	7960	qtl_159	H	L	668	948	287	0	0	97	1903	qtl_159_L	0.0485	0.799789805570152	1.10141881240147	0.461755079307529
1	7961	qtl_160	H	L	1292	534	51	0	0	123	1877	qtl_160_L	0.0615	0.338838572189664	0.393180607352158	0.278369029348627
1	7962	qtl_161	H	L	858	844	213	0	0	85	1915	qtl_161_L	0.0425	0.663185378590078	0.885639686684073	0.445824840308408
1	7963	qtl_162	H	L	1423	436	35	0	0	106	1894	qtl_162_L	0.053	0.267159450897571	0.304118268215417	0.232744096011525
1	7964	qtl_163	L	H	1517	352	25	0	0	106	1894	qtl_163_H	0.053	0.212249208025343	0.238648363252376	0.193598636944991
1	7965	qtl_164	L	H	1003	740	145	0	0	112	1888	qtl_164_H	0.056	0.545550847457627	0.699152542372881	0.401526815211146
1	7966	qtl_165	H	L	900	784	204	0	0	112	1888	qtl_165_L	0.056	0.63135593220339	0.847457627118644	0.448847313990233
1	7967	qtl_166	L	H	1496	373	23	0	0	108	1892	qtl_166_H	0.054	0.221458773784355	0.245771670190275	0.196727681704205
1	7968	qtl_167	H	L	1321	511	53	0	0	115	1885	qtl_167_L	0.0575	0.327320954907162	0.383554376657825	0.276415369136489
1	7969	qtl_168	H	L	1244	580	62	0	0	114	1886	qtl_168_L	0.057	0.373276776246023	0.439024390243902	0.299688838559279
1	7970	qtl_169	H	L	811	858	233	0	0	98	1902	qtl_169_L	0.049	0.696109358569926	0.941114616193481	0.456546377104846
1	7971	qtl_170	H	L	1119	661	112	0	0	108	1892	qtl_170_L	0.054	0.467758985200846	0.58615221987315	0.367353751637025
1	7972	qtl_171	H	L	1013	746	137	0	0	104	1896	qtl_171_L	0.052	0.537974683544304	0.682489451476793	0.3930726913422
1	7973	qtl_172	H	L	548	937	407	0	0	108	1892	qtl_172_L	0.054	0.925475687103594	1.35570824524313	0.49920299782326
1	7974	qtl_173	L	H	1562	333	12	0	0	93	1907	qtl_173_H	0.0465	0.18720503408495	0.199790246460409	0.164744521673662
1	7975	qtl_174	H	L	890	815	194	0	0	101	1899	qtl_174_L	0.0505	0.63349131121643	0.837809373354397	0.436498131967686
1	7976	qtl_175	H	L	799	860	238	0	0	103	1897	qtl_175_L	0.0515	0.704269899841856	0.955192409066948	0.459196317243691
1	7977	qtl_176	L	H	1036	738	125	0	0	101	1899	qtl_176_H	0.0505	0.5202738283307	0.651922064244339	0.381237207798456
1	7978	qtl_177	L	H	1404	454	44	0	0	98	1902	qtl_177_H	0.049	0.284963196635121	0.331230283911672	0.250026260475165
1	7979	qtl_178	L	H	1424	448	43	0	0	85	1915	qtl_178_H	0.0425	0.278851174934726	0.323759791122715	0.246001813360238
1	7980	qtl_179	L	H	1033	728	130	0	0	109	1891	qtl_179_H	0.0545	0.522474881015336	0.659968270756214	0.386988269464224
1	7981	qtl_180	L	H	1220	616	72	0	0	92	1908	qtl_180_H	0.046	0.39832285115304	0.473794549266247	0.315133455515561
1	7982	qtl_181	L	H	604	929	374	0	0	93	1907	qtl_181_H	0.0465	0.879391714735186	1.27163083377032	0.498301045825429
1	7983	qtl_182	L	H	910	808	179	0	0	103	1897	qtl_182_H	0.0515	0.614654717975751	0.803373748023195	0.425573325693344
1	7984	qtl_183	H	L	1390	455	40	0	0	115	1885	qtl_183_L	0.0575	0.283819628647215	0.326259946949602	0.245706365344159
1	7985	qtl_184	L	H	1272	570	55	0	0	103	1897	qtl_184_H	0.0515	0.358460727464418	0.416447021613073	0.287952928478754
1	7986	qtl_185	H	L	698	902	290	0	0	110	1890	qtl_185_L	0.055	0.784126984126984	1.09100529100529	0.476150163769211
1	7987	qtl_186	L	H	481	943	476	0	0	100	1900	qtl_186_H	0.05	0.997368421052632	1.49842105263158	0.50367728531856
1	7988	qtl_187	H	L	1637	242	8	0	0	113	1887	qtl_187_L	0.0565	0.136724960254372	0.145204027556969	0.126510312800409
1	7989	qtl_188	H	L	1064	717	116	0	0	103	1897	qtl_188_L	0.0515	0.500263574064312	0.622561939905113	0.372298296369514
1	7990	qtl_189	L	H	1404	459	43	0	0	94	1906	qtl_189_H	0.047	0.285939139559286	0.33105981112277	0.249298619590865
1	7991	qtl_190	L	H	750	910	226	0	0	114	1886	qtl_190_H	0.057	0.722163308589608	0.961823966065748	0.440304121792659
1	7992	qtl_191	H	L	1236	601	75	0	0	88	1912	qtl_191_L	0.044	0.392782426778243	0.471234309623431	0.316956274837625
1	7993	qtl_192	H	L	568	944	401	0	0	87	1913	qtl_192_L	0.0435	0.912702561421851	1.33193936225823	0.498913396632227
1	7994	qtl_193	H	L	1116	708	79	0	0	97	1903	qtl_193_L	0.0485	0.455070940620074	0.538097740409879	0.331008179413041
1	7995	qtl_194	L	H	870	827	214	0	0	89	1911	qtl_194_H	0.0445	0.6567242281528	0.880690737833595	0.449404025990705
1	7996	qtl_195	L	H	691	904	309	0	0	96	1904	qtl_195_H	0.048	0.79936974789916	1.12394957983193	0.484957585975567
1	7997	qtl_196	L	H	981	741	178	0	0	100	1900	qtl_196_H	0.05	0.577368421052632	0.764736842105263	0.431382548476454
1	7998	qtl_197	L	H	1697	201	6	0	0	96	1904	qtl_197_H	0.048	0.11186974789916	0.118172268907563	0.105657428412541
1	7999	qtl_198	L	H	1332	537	42	0	0	89	1911	qtl_198_H	0.0445	0.324960753532182	0.368916797488226	0.263317306152022
1	8000	qtl_199	H	L	1466	397	36	0	0	101	1899	qtl_199_L	0.0505	0.246972090573986	0.284886782517114	0.223891568994629
